MIRT003051,hsa-miR-124-3p,hsa,RDH10,157506.0,hsa,Luciferase reporter assay,Functional MTI,17724173.0
MIRT002025,hsa-miR-124-3p,hsa,CEBPA,1050.0,hsa,Western blot//Reporter assay,Functional MTI,18451139.0
MIRT002025,hsa-miR-124-3p,hsa,CEBPA,1050.0,hsa,Luciferase reporter assay,Functional MTI,18451139.0
MIRT001825,hsa-miR-124-3p,hsa,BACE1,23621.0,hsa,Luciferase reporter assay,Non-Functional MTI,18434550.0
MIRT002665,hsa-miR-124-3p,hsa,SLC16A1,6566.0,hsa,Luciferase reporter assay//Western blot,Functional MTI,19427019.0
MIRT002665,hsa-miR-124-3p,hsa,SLC16A1,6566.0,hsa,Luciferase reporter assay//Western blot,Non-Functional MTI,19427019.0
MIRT004283,hsa-miR-124-3p,hsa,CDK2,1017.0,hsa,Luciferase reporter assay//Western blot,Functional MTI,19404929.0
MIRT004284,hsa-miR-124-3p,hsa,CCL2,6347.0,hsa,Luciferase reporter assay,Functional MTI,19404929.0
MIRT002642,hsa-miR-124-3p,hsa,CDK6,1021.0,hsa,Luciferase reporter assay//Western blot,Functional MTI,18607543.0
MIRT002642,hsa-miR-124-3p,hsa,CDK6,1021.0,hsa,Luciferase reporter assay//Western blot,Functional MTI,18607543.0
MIRT000478,hsa-miR-124-3p,hsa,EFNB1,1947.0,hsa,qRT-PCR//Luciferase reporter assay//Western blot,Functional MTI,20308325.0
MIRT004503,hsa-miR-124-3p,hsa,PEA15,8682.0,hsa,Western blot,Non-Functional MTI,20388802.0
MIRT002642,hsa-miR-124-3p,hsa,CDK6,1021.0,hsa,Luciferase reporter assay,Functional MTI,18577219.0
MIRT002642,hsa-miR-124-3p,hsa,CDK6,1021.0,hsa,Luciferase reporter assay,Functional MTI,18607543.0
MIRT002642,hsa-miR-124-3p,hsa,CDK6,1021.0,hsa,Luciferase reporter assay,Functional MTI,17581274.0
MIRT004546,hsa-miR-124-3p,hsa,NR3C1,2908.0,hsa,Luciferase reporter assay,Functional MTI,19131573.0
MIRT004546,hsa-miR-124-3p,hsa,NR3C1,2908.0,hsa,Western blot,Functional MTI,19131573.0
MIRT004546,hsa-miR-124-3p,hsa,NR3C1,2908.0,hsa,pMIR-REPORT,Functional MTI (Weak),19131573.0
MIRT004546,hsa-miR-124-3p,hsa,NR3C1,2908.0,hsa,pMIR-REPORT,Functional MTI (Weak),19131573.0
MIRT004546,hsa-miR-124-3p,hsa,NR3C1,2908.0,hsa,pMIR-REPORT,Non-Functional MTI (Weak),19131573.0
MIRT004548,hsa-miR-124-3p,hsa,TSC22D3,1831.0,hsa,qRT-PCR,Functional MTI (Weak),19131573.0
MIRT004546,hsa-miR-124-3p,hsa,NR3C1,2908.0,hsa,Luciferase reporter assay//Northern blot//Western blot,Functional MTI,19131573.0
MIRT003523,hsa-miR-124-3p,hsa,ELK3,2004.0,hsa,Luciferase reporter assay,Functional MTI,20144220.0
MIRT002642,hsa-miR-124-3p,hsa,CDK6,1021.0,hsa,Review,Functional MTI (Weak),20144549.0
MIRT003516,hsa-miR-124-3p,hsa,LOX,4015.0,hsa,Review,Functional MTI (Weak),20144549.0
MIRT002025,hsa-miR-124-3p,hsa,CEBPA,1050.0,hsa,Review,Functional MTI (Weak),20029422.0
MIRT002025,hsa-miR-124-3p,hsa,CEBPA,1050.0,hsa,Review,Functional MTI (Weak),20029422.0
MIRT001168,hsa-miR-124-3p,hsa,NR3C2,4306.0,hsa,Luciferase reporter assay//qRT-PCR,Functional MTI,19944075.0
MIRT002642,hsa-miR-124-3p,hsa,CDK6,1021.0,hsa,Luciferase reporter assay//qRT-PCR//Western blot,Functional MTI,19843643.0
MIRT004724,hsa-miR-124-3p,hsa,VIM,7431.0,hsa,Luciferase reporter assay//qRT-PCR//Western blot,Functional MTI,19843643.0
MIRT004724,hsa-miR-124-3p,hsa,VIM,7431.0,hsa,Luciferase reporter assay//qRT-PCR//Western blot,Functional MTI,19843643.0
MIRT004725,hsa-miR-124-3p,hsa,SMYD3,64754.0,hsa,Luciferase reporter assay//qRT-PCR//Western blot,Functional MTI,19843643.0
MIRT004726,hsa-miR-124-3p,hsa,E2F6,1876.0,hsa,Luciferase reporter assay//qRT-PCR//Western blot,Functional MTI,19843643.0
MIRT004726,hsa-miR-124-3p,hsa,E2F6,1876.0,hsa,Luciferase reporter assay//qRT-PCR//Western blot,Functional MTI,19843643.0
MIRT002697,hsa-miR-124-3p,hsa,IQGAP1,8826.0,hsa,Luciferase reporter assay//qRT-PCR//Western blot,Functional MTI,19843643.0
MIRT002697,hsa-miR-124-3p,hsa,IQGAP1,8826.0,hsa,Luciferase reporter assay//qRT-PCR//Western blot,Functional MTI,19843643.0
MIRT004724,hsa-miR-124-3p,hsa,VIM,7431.0,hsa,Luciferase reporter assay//qRT-PCR//Western blot,Functional MTI,19843643.0
MIRT004724,hsa-miR-124-3p,hsa,VIM,7431.0,hsa,Luciferase reporter assay//qRT-PCR//Western blot,Functional MTI,19843643.0
MIRT004725,hsa-miR-124-3p,hsa,SMYD3,64754.0,hsa,Luciferase reporter assay//qRT-PCR//Western blot,Functional MTI,19843643.0
MIRT002697,hsa-miR-124-3p,hsa,IQGAP1,8826.0,hsa,Luciferase reporter assay//qRT-PCR//Western blot,Functional MTI,19843643.0
MIRT002697,hsa-miR-124-3p,hsa,IQGAP1,8826.0,hsa,Luciferase reporter assay//qRT-PCR//Western blot,Functional MTI,19843643.0
MIRT002642,hsa-miR-124-3p,hsa,CDK6,1021.0,hsa,Luciferase reporter assay//qRT-PCR//Western blot,Functional MTI,19843643.0
MIRT004726,hsa-miR-124-3p,hsa,E2F6,1876.0,hsa,Luciferase reporter assay//qRT-PCR//Western blot,Non-Functional MTI,19843643.0
MIRT004726,hsa-miR-124-3p,hsa,E2F6,1876.0,hsa,Luciferase reporter assay//qRT-PCR//Western blot,Non-Functional MTI,19843643.0
MIRT002642,hsa-miR-124-3p,hsa,CDK6,1021.0,hsa,Immunohistochemistry//Luciferase reporter assay//Microarray//qRT-PCR//Western blot,Functional MTI,17308079.0
MIRT002642,hsa-miR-124-3p,hsa,CDK6,1021.0,hsa,Immunohistochemistry//Luciferase reporter assay//Microarray//qRT-PCR//Western blot,Non-Functional MTI,17308079.0
MIRT005083,hsa-miR-124-3p,hsa,NFKBIZ,64332.0,hsa,Luciferase reporter assay//qRT-PCR//Western blot,Functional MTI,19502795.0
MIRT005083,hsa-miR-124-3p,hsa,NFKBIZ,64332.0,hsa,Luciferase reporter assay//qRT-PCR//Western blot,Non-Functional MTI,19502795.0
MIRT005083,hsa-miR-124-3p,hsa,NFKBIZ,64332.0,hsa,Luciferase reporter assay//qRT-PCR//Western blot,Non-Functional MTI,19502795.0
MIRT002642,hsa-miR-124-3p,hsa,CDK6,1021.0,hsa,ChIP-seq//Western blot,Functional MTI,19435910.0
MIRT001832,hsa-miR-124-3p,hsa,ELOVL5,60481.0,hsa,Microarray//qRT-PCR,Functional MTI (Weak),16549876.0
MIRT002665,hsa-miR-124-3p,hsa,SLC16A1,6566.0,hsa,Microarray//qRT-PCR,Functional MTI (Weak),16549876.0
MIRT001831,hsa-miR-124-3p,hsa,SURF4,6836.0,hsa,Microarray//qRT-PCR,Functional MTI (Weak),16549876.0
MIRT002684,hsa-miR-124-3p,hsa,SERP1,27230.0,hsa,Microarray//qRT-PCR,Functional MTI (Weak),16549876.0
MIRT002903,hsa-miR-124-3p,hsa,GAS2L1,10634.0,hsa,Microarray//qRT-PCR,Functional MTI (Weak),16549876.0
MIRT001830,hsa-miR-124-3p,hsa,SUCLG2,8801.0,hsa,Microarray//qRT-PCR,Functional MTI (Weak),16549876.0
MIRT002662,hsa-miR-124-3p,hsa,ACAA2,10449.0,hsa,Microarray//qRT-PCR,Functional MTI (Weak),16549876.0
MIRT002730,hsa-miR-124-3p,hsa,CD164,8763.0,hsa,Microarray//qRT-PCR,Functional MTI (Weak),16549876.0
MIRT002720,hsa-miR-124-3p,hsa,LAMC1,3915.0,hsa,Microarray//qRT-PCR,Functional MTI (Weak),16549876.0
MIRT001828,hsa-miR-124-3p,hsa,MAGT1,84061.0,hsa,Microarray//qRT-PCR,Functional MTI (Weak),16549876.0
MIRT003839,hsa-miR-124-3p,hsa,ATP6V0E1,8992.0,hsa,Microarray//qRT-PCR,Functional MTI (Weak),16549876.0
MIRT002594,hsa-miR-124-3p,hsa,VAMP3,9341.0,hsa,Microarray//qRT-PCR,Functional MTI (Weak),16549876.0
MIRT001827,hsa-miR-124-3p,hsa,RAVER2,55225.0,hsa,Microarray//qRT-PCR,Functional MTI (Weak),16549876.0
MIRT002698,hsa-miR-124-3p,hsa,ABHD5,51099.0,hsa,Microarray,Functional MTI (Weak),15685193.0
MIRT002662,hsa-miR-124-3p,hsa,ACAA2,10449.0,hsa,Microarray,Functional MTI (Weak),15685193.0
MIRT002578,hsa-miR-124-3p,hsa,ACTR8,93973.0,hsa,Microarray,Functional MTI (Weak),15685193.0
MIRT002653,hsa-miR-124-3p,hsa,AHR,196.0,hsa,Microarray,Functional MTI (Weak),15685193.0
MIRT002707,hsa-miR-124-3p,hsa,AK2,204.0,hsa,Microarray,Functional MTI (Weak),15685193.0
MIRT002631,hsa-miR-124-3p,hsa,ALDH9A1,223.0,hsa,Microarray,Functional MTI (Weak),15685193.0
MIRT004930,hsa-miR-124-3p,hsa,KANK1,23189.0,hsa,Microarray,Functional MTI (Weak),15685193.0
MIRT002637,hsa-miR-124-3p,hsa,ANKRD27,84079.0,hsa,Microarray,Functional MTI (Weak),15685193.0
MIRT002589,hsa-miR-124-3p,hsa,ANXA8,653145.0,hsa,Microarray,Functional MTI (Weak),15685193.0
MIRT002715,hsa-miR-124-3p,hsa,AP1M2,10053.0,hsa,Microarray,Functional MTI (Weak),15685193.0
MIRT002638,hsa-miR-124-3p,hsa,APEX2,27301.0,hsa,Microarray,Functional MTI (Weak),15685193.0
MIRT004929,hsa-miR-124-3p,hsa,ARAF,369.0,hsa,Microarray,Functional MTI (Weak),15685193.0
MIRT004928,hsa-miR-124-3p,hsa,LDLRAP1,26119.0,hsa,Microarray,Functional MTI (Weak),15685193.0
MIRT002695,hsa-miR-124-3p,hsa,ARHGEF1,9138.0,hsa,Microarray,Functional MTI (Weak),15685193.0
MIRT002566,hsa-miR-124-3p,hsa,ARPC1B,10095.0,hsa,Microarray,Functional MTI (Weak),15685193.0
MIRT003839,hsa-miR-124-3p,hsa,ATP6V0E1,8992.0,hsa,Microarray,Functional MTI (Weak),15685193.0
MIRT002675,hsa-miR-124-3p,hsa,B4GALT1,2683.0,hsa,Microarray,Functional MTI (Weak),15685193.0
MIRT004927,hsa-miR-124-3p,hsa,ZCCHC24,219654.0,hsa,Microarray,Functional MTI (Weak),15685193.0
MIRT004926,hsa-miR-124-3p,hsa,CLDND1,56650.0,hsa,Microarray,Functional MTI (Weak),15685193.0
MIRT002719,hsa-miR-124-3p,hsa,CAV1,857.0,hsa,Microarray,Functional MTI (Weak),15685193.0
MIRT002730,hsa-miR-124-3p,hsa,CD164,8763.0,hsa,Microarray,Functional MTI (Weak),15685193.0
MIRT002624,hsa-miR-124-3p,hsa,CD59,966.0,hsa,Microarray,Functional MTI (Weak),15685193.0
MIRT002563,hsa-miR-124-3p,hsa,CDC14B,8555.0,hsa,Microarray,Functional MTI (Weak),15685193.0
MIRT002583,hsa-miR-124-3p,hsa,CDCA7,83879.0,hsa,Microarray,Functional MTI (Weak),15685193.0
MIRT002625,hsa-miR-124-3p,hsa,CDK4,1019.0,hsa,Microarray,Functional MTI (Weak),15685193.0
MIRT002025,hsa-miR-124-3p,hsa,CEBPA,1050.0,hsa,Microarray,Functional MTI (Weak),15685193.0
MIRT002605,hsa-miR-124-3p,hsa,CHSY1,22856.0,hsa,Microarray,Functional MTI (Weak),15685193.0
MIRT002575,hsa-miR-124-3p,hsa,CPNE3,8895.0,hsa,Microarray,Functional MTI (Weak),15685193.0
MIRT002706,hsa-miR-124-3p,hsa,CREB3L2,64764.0,hsa,Microarray,Functional MTI (Weak),15685193.0
MIRT002729,hsa-miR-124-3p,hsa,CTDSP1,58190.0,hsa,Microarray,Functional MTI (Weak),15685193.0
MIRT002613,hsa-miR-124-3p,hsa,CTDSP2,10106.0,hsa,Microarray,Functional MTI (Weak),15685193.0
MIRT002658,hsa-miR-124-3p,hsa,CTNND1,1500.0,hsa,Microarray,Functional MTI (Weak),15685193.0
MIRT002598,hsa-miR-124-3p,hsa,CYP1B1,1545.0,hsa,Microarray,Functional MTI (Weak),15685193.0
MIRT004912,hsa-miR-124-3p,hsa,CHST14,113189.0,hsa,Microarray,Functional MTI (Weak),15685193.0
MIRT002623,hsa-miR-124-3p,hsa,DCTD,1635.0,hsa,Microarray,Functional MTI (Weak),15685193.0
MIRT002560,hsa-miR-124-3p,hsa,DFFB,1677.0,hsa,Microarray,Functional MTI (Weak),15685193.0
MIRT002577,hsa-miR-124-3p,hsa,DHCR24,1718.0,hsa,Microarray,Functional MTI (Weak),15685193.0
MIRT002721,hsa-miR-124-3p,hsa,DNAJC1,64215.0,hsa,Microarray,Functional MTI (Weak),15685193.0
MIRT002670,hsa-miR-124-3p,hsa,DNM2,1785.0,hsa,Microarray,Functional MTI (Weak),15685193.0
MIRT004908,hsa-miR-124-3p,hsa,TSKU,25987.0,hsa,Microarray,Functional MTI (Weak),15685193.0
MIRT002580,hsa-miR-124-3p,hsa,ELF4,2000.0,hsa,Microarray,Functional MTI (Weak),15685193.0
MIRT002696,hsa-miR-124-3p,hsa,ELOVL1,64834.0,hsa,Microarray,Functional MTI (Weak),15685193.0
MIRT002568,hsa-miR-124-3p,hsa,EYA4,2070.0,hsa,Microarray,Functional MTI (Weak),15685193.0
MIRT002678,hsa-miR-124-3p,hsa,F11R,50848.0,hsa,Microarray,Functional MTI (Weak),15685193.0
MIRT002703,hsa-miR-124-3p,hsa,FCHO2,115548.0,hsa,Microarray,Functional MTI (Weak),15685193.0
MIRT004907,hsa-miR-124-3p,hsa,NECAP2,55707.0,hsa,Microarray,Functional MTI (Weak),15685193.0
MIRT004906,hsa-miR-124-3p,hsa,DRAM1,55332.0,hsa,Microarray,Functional MTI (Weak),15685193.0
MIRT004903,hsa-miR-124-3p,hsa,RBM47,54502.0,hsa,Microarray,Functional MTI (Weak),15685193.0
MIRT004899,hsa-miR-124-3p,hsa,SPDL1,54908.0,hsa,Microarray,Functional MTI (Weak),15685193.0
MIRT004898,hsa-miR-124-3p,hsa,VPS37C,55048.0,hsa,Microarray,Functional MTI (Weak),15685193.0
MIRT004897,hsa-miR-124-3p,hsa,ASPRV1,151516.0,hsa,Microarray,Functional MTI (Weak),15685193.0
MIRT004896,hsa-miR-124-3p,hsa,FAM83H,286077.0,hsa,Microarray,Functional MTI (Weak),15685193.0
MIRT004895,hsa-miR-124-3p,hsa,SMCO4,56935.0,hsa,Microarray,Functional MTI (Weak),15685193.0
MIRT004894,hsa-miR-124-3p,hsa,GCA,25801.0,hsa,Microarray,Functional MTI (Weak),15685193.0
MIRT002679,hsa-miR-124-3p,hsa,GNAI3,2773.0,hsa,Microarray,Functional MTI (Weak),15685193.0
MIRT002606,hsa-miR-124-3p,hsa,GNG10,2790.0,hsa,Microarray,Functional MTI (Weak),15685193.0
MIRT002639,hsa-miR-124-3p,hsa,GSN,2934.0,hsa,Microarray,Functional MTI (Weak),15685193.0
MIRT004893,hsa-miR-124-3p,hsa,HADH,3033.0,hsa,Microarray,Functional MTI (Weak),15685193.0
MIRT002643,hsa-miR-124-3p,hsa,HEBP2,23593.0,hsa,Microarray,Functional MTI (Weak),15685193.0
MIRT002630,hsa-miR-124-3p,hsa,HTATIP2,10553.0,hsa,Microarray,Functional MTI (Weak),15685193.0
MIRT002649,hsa-miR-124-3p,hsa,IFRD2,7866.0,hsa,Microarray,Functional MTI (Weak),15685193.0
MIRT002697,hsa-miR-124-3p,hsa,IQGAP1,8826.0,hsa,Luciferase reporter assay//Microarray,Functional MTI,15685193.0
MIRT002731,hsa-miR-124-3p,hsa,ITGB1,3688.0,hsa,Microarray,Functional MTI (Weak),15685193.0
MIRT004892,hsa-miR-124-3p,hsa,ENDOD1,23052.0,hsa,Microarray,Functional MTI (Weak),15685193.0
MIRT004891,hsa-miR-124-3p,hsa,LIMCH1,22998.0,hsa,Microarray,Functional MTI (Weak),15685193.0
MIRT004890,hsa-miR-124-3p,hsa,UHMK1,127933.0,hsa,Microarray,Functional MTI (Weak),15685193.0
MIRT002720,hsa-miR-124-3p,hsa,LAMC1,3915.0,hsa,Microarray,Functional MTI (Weak),15685193.0
MIRT002726,hsa-miR-124-3p,hsa,CERS2,29956.0,hsa,Microarray,Functional MTI (Weak),15685193.0
MIRT002728,hsa-miR-124-3p,hsa,LITAF,9516.0,hsa,Microarray,Functional MTI (Weak),15685193.0
MIRT004886,hsa-miR-124-3p,hsa,SLC50A1,55974.0,hsa,Microarray,Functional MTI (Weak),15685193.0
MIRT002712,hsa-miR-124-3p,hsa,LRRC1,55227.0,hsa,Microarray,Functional MTI (Weak),15685193.0
MIRT002610,hsa-miR-124-3p,hsa,MAPK14,1432.0,hsa,Microarray,Functional MTI (Weak),15685193.0
MIRT004884,hsa-miR-124-3p,hsa,TUBB6,84617.0,hsa,Microarray,Functional MTI (Weak),15685193.0
MIRT004883,hsa-miR-124-3p,hsa,TMEM109,79073.0,hsa,Microarray,Functional MTI (Weak),15685193.0
MIRT002676,hsa-miR-124-3p,hsa,MPHOSPH9,10198.0,hsa,Microarray,Functional MTI (Weak),15685193.0
MIRT002579,hsa-miR-124-3p,hsa,MYH9,4627.0,hsa,Microarray,Functional MTI (Weak),15685193.0
MIRT002611,hsa-miR-124-3p,hsa,NEK6,10783.0,hsa,Microarray,Functional MTI (Weak),15685193.0
MIRT002663,hsa-miR-124-3p,hsa,NME4,4833.0,hsa,Microarray,Functional MTI (Weak),15685193.0
MIRT004880,hsa-miR-124-3p,hsa,OAF,220323.0,hsa,Microarray,Functional MTI (Weak),15685193.0
MIRT002590,hsa-miR-124-3p,hsa,OSBPL8,114882.0,hsa,Microarray,Functional MTI (Weak),15685193.0
MIRT004075,hsa-miR-124-3p,hsa,ARHGAP29,9411.0,hsa,Microarray,Functional MTI (Weak),15685193.0
MIRT002565,hsa-miR-124-3p,hsa,PARP16,54956.0,hsa,Microarray,Functional MTI (Weak),15685193.0
MIRT005655,hsa-miR-124-3p,hsa,ECI2,10455.0,hsa,Microarray,Functional MTI (Weak),15685193.0
MIRT002597,hsa-miR-124-3p,hsa,PGM1,5236.0,hsa,Microarray,Functional MTI (Weak),15685193.0
MIRT002672,hsa-miR-124-3p,hsa,PGRMC2,10424.0,hsa,Microarray,Functional MTI (Weak),15685193.0
MIRT002687,hsa-miR-124-3p,hsa,PHF19,26147.0,hsa,Microarray,Functional MTI (Weak),15685193.0
MIRT002723,hsa-miR-124-3p,hsa,PLOD3,8985.0,hsa,Microarray,Functional MTI (Weak),15685193.0
MIRT002655,hsa-miR-124-3p,hsa,PLP2,5355.0,hsa,Microarray,Functional MTI (Weak),15685193.0
MIRT002657,hsa-miR-124-3p,hsa,PODXL,5420.0,hsa,Microarray,Functional MTI (Weak),15685193.0
MIRT004039,hsa-miR-124-3p,hsa,TMBIM1,64114.0,hsa,Microarray,Functional MTI (Weak),15685193.0
MIRT002647,hsa-miR-124-3p,hsa,PTBP1,5725.0,hsa,Microarray,Functional MTI (Weak),15685193.0
MIRT002567,hsa-miR-124-3p,hsa,PTPN12,5782.0,hsa,Microarray,Functional MTI (Weak),15685193.0
MIRT002596,hsa-miR-124-3p,hsa,PTTG1IP,754.0,hsa,Microarray,Functional MTI (Weak),15685193.0
MIRT004042,hsa-miR-124-3p,hsa,PPP1R13L,10848.0,hsa,Microarray,Functional MTI (Weak),15685193.0
MIRT002564,hsa-miR-124-3p,hsa,RARG,5916.0,hsa,Microarray,Functional MTI (Weak),15685193.0
MIRT002619,hsa-miR-124-3p,hsa,RASSF5,83593.0,hsa,Microarray,Functional MTI (Weak),15685193.0
MIRT002616,hsa-miR-124-3p,hsa,RELA,5970.0,hsa,Luciferase reporter assay//Microarray,Functional MTI,15685193.0
MIRT002699,hsa-miR-124-3p,hsa,RNPEPL1,57140.0,hsa,Microarray,Functional MTI (Weak),15685193.0
MIRT002602,hsa-miR-124-3p,hsa,RYK,6259.0,hsa,Microarray,Functional MTI (Weak),15685193.0
MIRT002684,hsa-miR-124-3p,hsa,SERP1,27230.0,hsa,Microarray,Functional MTI (Weak),15685193.0
MIRT002585,hsa-miR-124-3p,hsa,SLC15A4,121260.0,hsa,Microarray,Functional MTI (Weak),15685193.0
MIRT002665,hsa-miR-124-3p,hsa,SLC16A1,6566.0,hsa,Microarray,Functional MTI (Weak),15685193.0
MIRT002576,hsa-miR-124-3p,hsa,SLC17A5,26503.0,hsa,Microarray,Functional MTI (Weak),15685193.0
MIRT002618,hsa-miR-124-3p,hsa,SLC22A5,6584.0,hsa,Microarray,Functional MTI (Weak),15685193.0
MIRT002716,hsa-miR-124-3p,hsa,SNAI2,6591.0,hsa,Microarray,Functional MTI (Weak),15685193.0
MIRT002660,hsa-miR-124-3p,hsa,SP1,6667.0,hsa,Microarray,Functional MTI (Weak),15685193.0
MIRT004120,hsa-miR-124-3p,hsa,SEC11A,23478.0,hsa,Microarray,Functional MTI (Weak),15685193.0
MIRT002586,hsa-miR-124-3p,hsa,STOM,2040.0,hsa,Microarray,Functional MTI (Weak),15685193.0
MIRT002694,hsa-miR-124-3p,hsa,SWAP70,23075.0,hsa,Microarray,Functional MTI (Weak),15685193.0
MIRT004119,hsa-miR-124-3p,hsa,SYPL1,6856.0,hsa,Microarray,Functional MTI (Weak),15685193.0
MIRT002569,hsa-miR-124-3p,hsa,TARBP1,6894.0,hsa,Microarray,Functional MTI (Weak),15685193.0
MIRT004101,hsa-miR-124-3p,hsa,NAA15,80155.0,hsa,Microarray,Functional MTI (Weak),15685193.0
MIRT004100,hsa-miR-124-3p,hsa,TSC22D4,81628.0,hsa,Microarray,Functional MTI (Weak),15685193.0
MIRT002718,hsa-miR-124-3p,hsa,TJP2,9414.0,hsa,Microarray,Functional MTI (Weak),15685193.0
MIRT002693,hsa-miR-124-3p,hsa,TLN1,7094.0,hsa,Microarray,Functional MTI (Weak),15685193.0
MIRT002620,hsa-miR-124-3p,hsa,TNFRSF21,27242.0,hsa,Microarray,Functional MTI (Weak),15685193.0
MIRT002599,hsa-miR-124-3p,hsa,TOM1L1,10040.0,hsa,Microarray,Functional MTI (Weak),15685193.0
MIRT002561,hsa-miR-124-3p,hsa,TRIM29,23650.0,hsa,Microarray,Functional MTI (Weak),15685193.0
MIRT002709,hsa-miR-124-3p,hsa,TTC7A,57217.0,hsa,Microarray,Functional MTI (Weak),15685193.0
MIRT002714,hsa-miR-124-3p,hsa,TWIST2,117581.0,hsa,Microarray,Functional MTI (Weak),15685193.0
MIRT002574,hsa-miR-124-3p,hsa,UHRF1,29128.0,hsa,Microarray,Functional MTI (Weak),15685193.0
MIRT002595,hsa-miR-124-3p,hsa,USP48,84196.0,hsa,Microarray,Functional MTI (Weak),15685193.0
MIRT002594,hsa-miR-124-3p,hsa,VAMP3,9341.0,hsa,Microarray,Functional MTI (Weak),15685193.0
MIRT002674,hsa-miR-124-3p,hsa,ZBED3,84327.0,hsa,Microarray,Functional MTI (Weak),15685193.0
MIRT002697,hsa-miR-124-3p,hsa,IQGAP1,8826.0,hsa,Immunoblot//Immunohistochemistry//qRT-PCR//Western blot,Functional MTI,21196113.0
MIRT002720,hsa-miR-124-3p,hsa,LAMC1,3915.0,hsa,Immunoblot//Immunohistochemistry//qRT-PCR//Western blot,Functional MTI,21196113.0
MIRT002731,hsa-miR-124-3p,hsa,ITGB1,3688.0,hsa,Immunoblot//Immunohistochemistry//qRT-PCR//Western blot,Functional MTI,21196113.0
MIRT002697,hsa-miR-124-3p,hsa,IQGAP1,8826.0,hsa,Immunoblot//Immunohistochemistry//qRT-PCR//Western blot,Functional MTI,21196113.0
MIRT002720,hsa-miR-124-3p,hsa,LAMC1,3915.0,hsa,Immunoblot//Immunohistochemistry//qRT-PCR//Western blot,Functional MTI,21196113.0
MIRT002731,hsa-miR-124-3p,hsa,ITGB1,3688.0,hsa,Immunoblot//Immunohistochemistry//qRT-PCR//Western blot,Functional MTI,21196113.0
MIRT002653,hsa-miR-124-3p,hsa,AHR,196.0,hsa,Luciferase reporter assay//Western blot,Functional MTI,22024478.0
MIRT002716,hsa-miR-124-3p,hsa,SNAI2,6591.0,hsa,Luciferase reporter assay,Functional MTI,22253443.0
MIRT002716,hsa-miR-124-3p,hsa,SNAI2,6591.0,hsa,Luciferase reporter assay,Functional MTI,22253443.0
MIRT002716,hsa-miR-124-3p,hsa,SNAI2,6591.0,hsa,Luciferase reporter assay,Functional MTI,22253443.0
MIRT002716,hsa-miR-124-3p,hsa,SNAI2,6591.0,hsa,Luciferase reporter assay,Functional MTI,22253443.0
MIRT002716,hsa-miR-124-3p,hsa,SNAI2,6591.0,hsa,Luciferase reporter assay,Functional MTI,22253443.0
MIRT002716,hsa-miR-124-3p,hsa,SNAI2,6591.0,hsa,Luciferase reporter assay,Functional MTI,22253443.0
MIRT002716,hsa-miR-124-3p,hsa,SNAI2,6591.0,hsa,Luciferase reporter assay,Functional MTI,22262409.0
MIRT002716,hsa-miR-124-3p,hsa,SNAI2,6591.0,hsa,Luciferase reporter assay,Functional MTI,22262409.0
MIRT002653,hsa-miR-124-3p,hsa,AHR,196.0,hsa,Luciferase reporter assay//Western blot,Functional MTI,22024478.0
MIRT002653,hsa-miR-124-3p,hsa,AHR,196.0,hsa,Luciferase reporter assay//Western blot,Non-Functional MTI,22024478.0
MIRT002653,hsa-miR-124-3p,hsa,AHR,196.0,hsa,Luciferase reporter assay//Western blot,Non-Functional MTI,22024478.0
MIRT006451,hsa-miR-124-3p,hsa,AR,367.0,hsa,Luciferase reporter assay//qRT-PCR//Western blot,Functional MTI,22386953.0
MIRT002653,hsa-miR-124-3p,hsa,AHR,196.0,hsa,Luciferase reporter assay//Western blot,Functional MTI,22024478.0
MIRT002716,hsa-miR-124-3p,hsa,SNAI2,6591.0,hsa,Luciferase reporter assay,Functional MTI,22253443.0
MIRT002716,hsa-miR-124-3p,hsa,SNAI2,6591.0,hsa,Luciferase reporter assay,Functional MTI,22253443.0
MIRT002716,hsa-miR-124-3p,hsa,SNAI2,6591.0,hsa,Luciferase reporter assay,Functional MTI,22253443.0
MIRT002716,hsa-miR-124-3p,hsa,SNAI2,6591.0,hsa,Luciferase reporter assay,Functional MTI,22253443.0
MIRT002716,hsa-miR-124-3p,hsa,SNAI2,6591.0,hsa,Luciferase reporter assay,Functional MTI,22253443.0
MIRT002716,hsa-miR-124-3p,hsa,SNAI2,6591.0,hsa,Luciferase reporter assay,Functional MTI,22253443.0
MIRT002716,hsa-miR-124-3p,hsa,SNAI2,6591.0,hsa,Luciferase reporter assay,Functional MTI,22262409.0
MIRT002716,hsa-miR-124-3p,hsa,SNAI2,6591.0,hsa,Luciferase reporter assay,Functional MTI,22262409.0
MIRT002653,hsa-miR-124-3p,hsa,AHR,196.0,hsa,Luciferase reporter assay//Western blot,Functional MTI,22024478.0
MIRT002653,hsa-miR-124-3p,hsa,AHR,196.0,hsa,Luciferase reporter assay//Western blot,Non-Functional MTI,22024478.0
MIRT002653,hsa-miR-124-3p,hsa,AHR,196.0,hsa,Luciferase reporter assay//Western blot,Non-Functional MTI,22024478.0
MIRT006451,hsa-miR-124-3p,hsa,AR,367.0,hsa,Luciferase reporter assay//qRT-PCR//Western blot,Functional MTI,22386953.0
MIRT006478,hsa-miR-124-3p,hsa,ROCK2,9475.0,hsa,Immunohistochemistry//Luciferase reporter assay//qRT-PCR//Western blot,Functional MTI,21672940.0
MIRT006479,hsa-miR-124-3p,hsa,EZH2,2146.0,hsa,Immunohistochemistry//Luciferase reporter assay//qRT-PCR//Western blot,Functional MTI,21672940.0
MIRT002731,hsa-miR-124-3p,hsa,ITGB1,3688.0,hsa,Luciferase reporter assay,Functional MTI,21112327.0
MIRT002731,hsa-miR-124-3p,hsa,ITGB1,3688.0,hsa,Luciferase reporter assay,Functional MTI,21112327.0
MIRT002731,hsa-miR-124-3p,hsa,ITGB1,3688.0,hsa,Luciferase reporter assay,Functional MTI,21112327.0
MIRT002731,hsa-miR-124-3p,hsa,ITGB1,3688.0,hsa,Luciferase reporter assay,Functional MTI,21112327.0
MIRT006541,hsa-miR-124-3p,hsa,IL6R,3570.0,hsa,ELISA//Flow//Immunohistochemistry//Immunoprecipitaion//In situ hybridization//Luciferase reporter assay//Microarray//qRT-PCR//Western blot,Functional MTI,22153071.0
MIRT002653,hsa-miR-124-3p,hsa,AHR,196.0,hsa,Luciferase reporter assay//Western blot,Functional MTI,22024478.0
MIRT002716,hsa-miR-124-3p,hsa,SNAI2,6591.0,hsa,Luciferase reporter assay,Functional MTI,22253443.0
MIRT002716,hsa-miR-124-3p,hsa,SNAI2,6591.0,hsa,Luciferase reporter assay,Functional MTI,22253443.0
MIRT002716,hsa-miR-124-3p,hsa,SNAI2,6591.0,hsa,Luciferase reporter assay,Functional MTI,22253443.0
MIRT002716,hsa-miR-124-3p,hsa,SNAI2,6591.0,hsa,Luciferase reporter assay,Functional MTI,22253443.0
MIRT002716,hsa-miR-124-3p,hsa,SNAI2,6591.0,hsa,Luciferase reporter assay,Functional MTI,22253443.0
MIRT002716,hsa-miR-124-3p,hsa,SNAI2,6591.0,hsa,Luciferase reporter assay,Functional MTI,22253443.0
MIRT002716,hsa-miR-124-3p,hsa,SNAI2,6591.0,hsa,Luciferase reporter assay,Functional MTI,22262409.0
MIRT002716,hsa-miR-124-3p,hsa,SNAI2,6591.0,hsa,Luciferase reporter assay,Functional MTI,22262409.0
MIRT002653,hsa-miR-124-3p,hsa,AHR,196.0,hsa,Luciferase reporter assay//Western blot,Functional MTI,22024478.0
MIRT002653,hsa-miR-124-3p,hsa,AHR,196.0,hsa,Luciferase reporter assay//Western blot,Non-Functional MTI,22024478.0
MIRT002653,hsa-miR-124-3p,hsa,AHR,196.0,hsa,Luciferase reporter assay//Western blot,Non-Functional MTI,22024478.0
MIRT006451,hsa-miR-124-3p,hsa,AR,367.0,hsa,Luciferase reporter assay//qRT-PCR//Western blot,Functional MTI,22386953.0
MIRT006478,hsa-miR-124-3p,hsa,ROCK2,9475.0,hsa,Immunohistochemistry//Luciferase reporter assay//qRT-PCR//Western blot,Functional MTI,21672940.0
MIRT006479,hsa-miR-124-3p,hsa,EZH2,2146.0,hsa,Immunohistochemistry//Luciferase reporter assay//qRT-PCR//Western blot,Functional MTI,21672940.0
MIRT002731,hsa-miR-124-3p,hsa,ITGB1,3688.0,hsa,Luciferase reporter assay,Functional MTI,21112327.0
MIRT002731,hsa-miR-124-3p,hsa,ITGB1,3688.0,hsa,Luciferase reporter assay,Functional MTI,21112327.0
MIRT002731,hsa-miR-124-3p,hsa,ITGB1,3688.0,hsa,Luciferase reporter assay,Functional MTI,21112327.0
MIRT002731,hsa-miR-124-3p,hsa,ITGB1,3688.0,hsa,Luciferase reporter assay,Functional MTI,21112327.0
MIRT006541,hsa-miR-124-3p,hsa,IL6R,3570.0,hsa,ELISA//Flow//Immunohistochemistry//Immunoprecipitaion//In situ hybridization//Luciferase reporter assay//Microarray//qRT-PCR//Western blot,Functional MTI,22153071.0
MIRT006562,hsa-miR-124-3p,hsa,HMGA1,3159.0,hsa,Flow//Immunohistochemistry//Immunoprecipitaion//Luciferase reporter assay//Microarray//qRT-PCR//Western blot,Functional MTI,22249617.0
MIRT006776,hsa-miR-124-3p,hsa,ROCK1,6093.0,hsa,Luciferase reporter assay,Functional MTI,22085528.0
MIRT006776,hsa-miR-124-3p,hsa,ROCK1,6093.0,hsa,Luciferase reporter assay,Non-Functional MTI,22085528.0
MIRT002731,hsa-miR-124-3p,hsa,ITGB1,3688.0,hsa,Luciferase reporter assay,Functional MTI,22085528.0
MIRT002731,hsa-miR-124-3p,hsa,ITGB1,3688.0,hsa,Luciferase reporter assay,Functional MTI,22085528.0
MIRT002731,hsa-miR-124-3p,hsa,ITGB1,3688.0,hsa,Luciferase reporter assay,Non-Functional MTI,22085528.0
MIRT002731,hsa-miR-124-3p,hsa,ITGB1,3688.0,hsa,Luciferase reporter assay,Non-Functional MTI,22085528.0
MIRT002922,hsa-miR-124-3p,hsa,RHOG,391.0,hsa,Luciferase reporter assay,Functional MTI,22085528.0
MIRT002922,hsa-miR-124-3p,hsa,RHOG,391.0,hsa,Luciferase reporter assay,Functional MTI,22085528.0
MIRT002922,hsa-miR-124-3p,hsa,RHOG,391.0,hsa,Luciferase reporter assay,Functional MTI,22085528.0
MIRT002922,hsa-miR-124-3p,hsa,RHOG,391.0,hsa,Luciferase reporter assay,Non-Functional MTI,22085528.0
MIRT002922,hsa-miR-124-3p,hsa,RHOG,391.0,hsa,Luciferase reporter assay,Non-Functional MTI,22085528.0
MIRT002922,hsa-miR-124-3p,hsa,RHOG,391.0,hsa,Luciferase reporter assay,Non-Functional MTI,22085528.0
MIRT006837,hsa-miR-124-3p,hsa,PIK3CA,5290.0,hsa,Luciferase reporter assay//qRT-PCR//Western blot,Functional MTI,22940133.0
MIRT006837,hsa-miR-124-3p,hsa,PIK3CA,5290.0,hsa,Luciferase reporter assay//qRT-PCR//Western blot,Non-Functional MTI,22940133.0
MIRT004725,hsa-miR-124-3p,hsa,SMYD3,64754.0,hsa,Luciferase reporter assay,Functional MTI,22819820.0
MIRT004725,hsa-miR-124-3p,hsa,SMYD3,64754.0,hsa,Luciferase reporter assay,Non-Functional MTI,22819820.0
MIRT006451,hsa-miR-124-3p,hsa,AR,367.0,hsa,Luciferase reporter assay,Functional MTI,23069658.0
MIRT002716,hsa-miR-124-3p,hsa,SNAI2,6591.0,hsa,Immunoblot//Immunofluorescence//Luciferase reporter assay//qRT-PCR,Functional MTI,23250910.0
MIRT002716,hsa-miR-124-3p,hsa,SNAI2,6591.0,hsa,Immunoblot//Immunofluorescence//Luciferase reporter assay//qRT-PCR,Functional MTI,23250910.0
MIRT002716,hsa-miR-124-3p,hsa,SNAI2,6591.0,hsa,Immunoblot//Immunofluorescence//Luciferase reporter assay//qRT-PCR,Functional MTI,23250910.0
MIRT002716,hsa-miR-124-3p,hsa,SNAI2,6591.0,hsa,Immunoblot//Immunofluorescence//Luciferase reporter assay//qRT-PCR,Functional MTI,23250910.0
MIRT002716,hsa-miR-124-3p,hsa,SNAI2,6591.0,hsa,Immunoblot//Immunofluorescence//Luciferase reporter assay//qRT-PCR,Functional MTI,23250910.0
MIRT002716,hsa-miR-124-3p,hsa,SNAI2,6591.0,hsa,Immunoblot//Immunofluorescence//Luciferase reporter assay//qRT-PCR,Functional MTI,23250910.0
MIRT007235,hsa-miR-124-3p,hsa,FXN,2395.0,hsa,Luciferase reporter assay,Functional MTI,23382970.0
MIRT007282,hsa-miR-124-3p,hsa,MECP2,4204.0,hsa,Luciferase reporter assay,Functional MTI,23318130.0
MIRT022113,hsa-miR-124-3p,hsa,SPTA1,6708.0,hsa,Microarray,Functional MTI (Weak),18668037.0
MIRT022115,hsa-miR-124-3p,hsa,FOXF2,2295.0,hsa,Microarray,Functional MTI (Weak),18668037.0
MIRT022116,hsa-miR-124-3p,hsa,LRRC4,64101.0,hsa,Microarray,Functional MTI (Weak),18668037.0
MIRT022117,hsa-miR-124-3p,hsa,SGK1,6446.0,hsa,Microarray,Functional MTI (Weak),18668037.0
MIRT022118,hsa-miR-124-3p,hsa,DEFB118,117285.0,hsa,Microarray,Functional MTI (Weak),18668037.0
MIRT022119,hsa-miR-124-3p,hsa,RFT1,91869.0,hsa,Microarray,Functional MTI (Weak),18668037.0
MIRT022120,hsa-miR-124-3p,hsa,USH2A,7399.0,hsa,Microarray,Functional MTI (Weak),18668037.0
MIRT022121,hsa-miR-124-3p,hsa,ARMCX2,9823.0,hsa,Microarray,Functional MTI (Weak),18668037.0
MIRT022122,hsa-miR-124-3p,hsa,BAG5,9529.0,hsa,Microarray,Functional MTI (Weak),18668037.0
MIRT022123,hsa-miR-124-3p,hsa,ARHGAP22,58504.0,hsa,Microarray,Functional MTI (Weak),18668037.0
MIRT022124,hsa-miR-124-3p,hsa,VNN2,8875.0,hsa,Microarray,Functional MTI (Weak),18668037.0
MIRT022125,hsa-miR-124-3p,hsa,YBX3,8531.0,hsa,Proteomics,Functional MTI (Weak),18668037.0
MIRT022126,hsa-miR-124-3p,hsa,TRIM38,10475.0,hsa,Microarray,Functional MTI (Weak),18668037.0
MIRT022127,hsa-miR-124-3p,hsa,C9orf85,138241.0,hsa,Microarray,Functional MTI (Weak),18668037.0
MIRT002722,hsa-miR-124-3p,hsa,CDCA7L,55536.0,hsa,Microarray,Functional MTI (Weak),15685193.0
MIRT022128,hsa-miR-124-3p,hsa,PLA2G4C,8605.0,hsa,Microarray,Functional MTI (Weak),18668037.0
MIRT022129,hsa-miR-124-3p,hsa,MVP,9961.0,hsa,Microarray,Functional MTI (Weak),18668037.0
MIRT022130,hsa-miR-124-3p,hsa,SEC24D,9871.0,hsa,Microarray,Functional MTI (Weak),18668037.0
MIRT002912,hsa-miR-124-3p,hsa,SENP8,123228.0,hsa,Microarray,Functional MTI (Weak),18668037.0
MIRT022131,hsa-miR-124-3p,hsa,XRCC2,7516.0,hsa,Microarray,Functional MTI (Weak),18668037.0
MIRT022132,hsa-miR-124-3p,hsa,HLA-A,3105.0,hsa,Microarray,Functional MTI (Weak),18668037.0
MIRT022133,hsa-miR-124-3p,hsa,GMPR2,51292.0,hsa,Microarray,Functional MTI (Weak),18668037.0
MIRT022134,hsa-miR-124-3p,hsa,SNX18,112574.0,hsa,Microarray,Functional MTI (Weak),18668037.0
MIRT022135,hsa-miR-124-3p,hsa,TBXA2R,6915.0,hsa,Microarray,Functional MTI (Weak),18668037.0
MIRT022136,hsa-miR-124-3p,hsa,SH2D3A,10045.0,hsa,Microarray,Functional MTI (Weak),18668037.0
MIRT022137,hsa-miR-124-3p,hsa,MFAP4,4239.0,hsa,Microarray,Functional MTI (Weak),18668037.0
MIRT022138,hsa-miR-124-3p,hsa,MICAL2,9645.0,hsa,Microarray,Functional MTI (Weak),18668037.0
MIRT022139,hsa-miR-124-3p,hsa,EREG,2069.0,hsa,Microarray,Functional MTI (Weak),18668037.0
MIRT022140,hsa-miR-124-3p,hsa,LRRC2,79442.0,hsa,Microarray,Functional MTI (Weak),18668037.0
MIRT022141,hsa-miR-124-3p,hsa,BIRC2,329.0,hsa,Microarray,Functional MTI (Weak),18668037.0
MIRT022142,hsa-miR-124-3p,hsa,ADPRH,141.0,hsa,Microarray,Functional MTI (Weak),18668037.0
MIRT022143,hsa-miR-124-3p,hsa,XKRX,402415.0,hsa,Microarray,Functional MTI (Weak),18668037.0
MIRT022144,hsa-miR-124-3p,hsa,LAMA4,3910.0,hsa,Microarray,Functional MTI (Weak),18668037.0
MIRT022145,hsa-miR-124-3p,hsa,EFNA1,1942.0,hsa,Microarray,Functional MTI (Weak),18668037.0
MIRT022146,hsa-miR-124-3p,hsa,LSM10,84967.0,hsa,Microarray,Functional MTI (Weak),18668037.0
MIRT022147,hsa-miR-124-3p,hsa,ADCY6,112.0,hsa,Microarray,Functional MTI (Weak),18668037.0
MIRT022149,hsa-miR-124-3p,hsa,ADAM15,8751.0,hsa,Microarray,Functional MTI (Weak),18668037.0
MIRT022150,hsa-miR-124-3p,hsa,DSEL,92126.0,hsa,Microarray,Functional MTI (Weak),18668037.0
MIRT022151,hsa-miR-124-3p,hsa,EPB41L5,57669.0,hsa,Microarray,Functional MTI (Weak),18668037.0
MIRT022152,hsa-miR-124-3p,hsa,ZHX3,23051.0,hsa,Microarray,Functional MTI (Weak),18668037.0
MIRT022153,hsa-miR-124-3p,hsa,SMPD4,55627.0,hsa,Microarray,Functional MTI (Weak),18668037.0
MIRT022154,hsa-miR-124-3p,hsa,MAML1,9794.0,hsa,Microarray,Functional MTI (Weak),18668037.0
MIRT022155,hsa-miR-124-3p,hsa,SLC46A3,283537.0,hsa,Microarray,Functional MTI (Weak),18668037.0
MIRT002690,hsa-miR-124-3p,hsa,STX2,2054.0,hsa,Microarray,Functional MTI (Weak),15685193.0
MIRT022156,hsa-miR-124-3p,hsa,RRAS,6237.0,hsa,Microarray,Functional MTI (Weak),18668037.0
MIRT022157,hsa-miR-124-3p,hsa,NUDT19,390916.0,hsa,Microarray,Functional MTI (Weak),18668037.0
MIRT022159,hsa-miR-124-3p,hsa,SPRY2,10253.0,hsa,Microarray,Functional MTI (Weak),18668037.0
MIRT022160,hsa-miR-124-3p,hsa,MTHFSD,64779.0,hsa,Microarray,Functional MTI (Weak),18668037.0
MIRT022161,hsa-miR-124-3p,hsa,JAG2,3714.0,hsa,Microarray,Functional MTI (Weak),18668037.0
MIRT022162,hsa-miR-124-3p,hsa,STK36,27148.0,hsa,Microarray,Functional MTI (Weak),18668037.0
MIRT022163,hsa-miR-124-3p,hsa,METAP2,10988.0,hsa,Microarray,Functional MTI (Weak),18668037.0
MIRT022164,hsa-miR-124-3p,hsa,KDELR2,11014.0,hsa,Microarray,Functional MTI (Weak),18668037.0
MIRT022165,hsa-miR-124-3p,hsa,ECE1,1889.0,hsa,Microarray,Functional MTI (Weak),18668037.0
MIRT022166,hsa-miR-124-3p,hsa,SBNO2,22904.0,hsa,Microarray,Functional MTI (Weak),18668037.0
MIRT022167,hsa-miR-124-3p,hsa,PRRX1,5396.0,hsa,Microarray,Functional MTI (Weak),18668037.0
MIRT022168,hsa-miR-124-3p,hsa,TOR3A,64222.0,hsa,Microarray,Functional MTI (Weak),18668037.0
MIRT022169,hsa-miR-124-3p,hsa,LHX2,9355.0,hsa,Microarray,Functional MTI (Weak),18668037.0
MIRT022170,hsa-miR-124-3p,hsa,RAB34,83871.0,hsa,Microarray,Functional MTI (Weak),18668037.0
MIRT022171,hsa-miR-124-3p,hsa,ARHGAP28,79822.0,hsa,Microarray,Functional MTI (Weak),18668037.0
MIRT022172,hsa-miR-124-3p,hsa,COL4A1,1282.0,hsa,Microarray,Functional MTI (Weak),18668037.0
MIRT002922,hsa-miR-124-3p,hsa,RHOG,391.0,hsa,Microarray,Functional MTI (Weak),18668037.0
MIRT022173,hsa-miR-124-3p,hsa,USP10,9100.0,hsa,Proteomics;Microarray,Functional MTI (Weak),18668037.0
MIRT022174,hsa-miR-124-3p,hsa,GPATCH4,54865.0,hsa,Proteomics;Microarray,Functional MTI (Weak),18668037.0
MIRT022175,hsa-miR-124-3p,hsa,DHX33,56919.0,hsa,Proteomics;Microarray,Functional MTI (Weak),18668037.0
MIRT022176,hsa-miR-124-3p,hsa,LIN7C,55327.0,hsa,Proteomics;Microarray,Functional MTI (Weak),18668037.0
MIRT022177,hsa-miR-124-3p,hsa,DDX51,317781.0,hsa,Proteomics;Microarray,Functional MTI (Weak),18668037.0
MIRT004120,hsa-miR-124-3p,hsa,SEC11A,23478.0,hsa,Microarray,Functional MTI (Weak),18668037.0
MIRT022178,hsa-miR-124-3p,hsa,ZNF740,283337.0,hsa,Proteomics;Microarray,Functional MTI (Weak),18668037.0
MIRT002645,hsa-miR-124-3p,hsa,GINM1,116254.0,hsa,Microarray,Functional MTI (Weak),18668037.0
MIRT022179,hsa-miR-124-3p,hsa,GRSF1,2926.0,hsa,Proteomics;Microarray,Functional MTI (Weak),18668037.0
MIRT022180,hsa-miR-124-3p,hsa,COLGALT1,79709.0,hsa,Proteomics;Microarray,Functional MTI (Weak),18668037.0
MIRT002645,hsa-miR-124-3p,hsa,GINM1,116254.0,hsa,Microarray,Functional MTI (Weak),15685193.0
MIRT002709,hsa-miR-124-3p,hsa,TTC7A,57217.0,hsa,Microarray,Functional MTI (Weak),18668037.0
MIRT002709,hsa-miR-124-3p,hsa,TTC7A,57217.0,hsa,Microarray,Functional MTI (Weak),15685193.0
MIRT022182,hsa-miR-124-3p,hsa,FAM171B,165215.0,hsa,Microarray,Functional MTI (Weak),18668037.0
MIRT022183,hsa-miR-124-3p,hsa,IL6,3569.0,hsa,Microarray,Functional MTI (Weak),18668037.0
MIRT022184,hsa-miR-124-3p,hsa,CAPN11,11131.0,hsa,Microarray,Functional MTI (Weak),18668037.0
MIRT022185,hsa-miR-124-3p,hsa,DYNC2H1,79659.0,hsa,Microarray,Functional MTI (Weak),18668037.0
MIRT022186,hsa-miR-124-3p,hsa,CABP1,9478.0,hsa,Microarray,Functional MTI (Weak),18668037.0
MIRT022187,hsa-miR-124-3p,hsa,METTL7A,25840.0,hsa,Microarray,Functional MTI (Weak),18668037.0
MIRT022188,hsa-miR-124-3p,hsa,FGF1,2246.0,hsa,Microarray,Functional MTI (Weak),18668037.0
MIRT004928,hsa-miR-124-3p,hsa,LDLRAP1,26119.0,hsa,Microarray,Functional MTI (Weak),15685193.0
MIRT022189,hsa-miR-124-3p,hsa,SERPINE1,5054.0,hsa,Microarray,Functional MTI (Weak),18668037.0
MIRT022190,hsa-miR-124-3p,hsa,RBMS1,5937.0,hsa,Microarray,Functional MTI (Weak),15685193.0
MIRT022191,hsa-miR-124-3p,hsa,SLC43A3,29015.0,hsa,Microarray,Functional MTI (Weak),18668037.0
MIRT022192,hsa-miR-124-3p,hsa,PUS1,80324.0,hsa,Microarray,Functional MTI (Weak),18668037.0
MIRT022193,hsa-miR-124-3p,hsa,CALCRL,10203.0,hsa,Microarray,Functional MTI (Weak),18668037.0
MIRT002667,hsa-miR-124-3p,hsa,MDFIC,29969.0,hsa,Microarray,Functional MTI (Weak),15685193.0
MIRT022194,hsa-miR-124-3p,hsa,SAMD11,148398.0,hsa,Microarray,Functional MTI (Weak),18668037.0
MIRT022196,hsa-miR-124-3p,hsa,AVEN,57099.0,hsa,Microarray,Functional MTI (Weak),18668037.0
MIRT022197,hsa-miR-124-3p,hsa,ZNHIT6,54680.0,hsa,Microarray,Functional MTI (Weak),18668037.0
MIRT022198,hsa-miR-124-3p,hsa,CDRT4,284040.0,hsa,Microarray,Functional MTI (Weak),18668037.0
MIRT022199,hsa-miR-124-3p,hsa,GPR161,23432.0,hsa,Microarray,Functional MTI (Weak),18668037.0
MIRT022200,hsa-miR-124-3p,hsa,EPGN,255324.0,hsa,Microarray,Functional MTI (Weak),18668037.0
MIRT022202,hsa-miR-124-3p,hsa,MAPKAPK2,9261.0,hsa,Microarray,Functional MTI (Weak),18668037.0
MIRT022203,hsa-miR-124-3p,hsa,ERCC5,2073.0,hsa,Microarray,Functional MTI (Weak),18668037.0
MIRT022204,hsa-miR-124-3p,hsa,TAX1BP3,30851.0,hsa,Microarray,Functional MTI (Weak),18668037.0
MIRT022205,hsa-miR-124-3p,hsa,CHRDL1,91851.0,hsa,Microarray,Functional MTI (Weak),18668037.0
MIRT022206,hsa-miR-124-3p,hsa,CCDC3,83643.0,hsa,Microarray,Functional MTI (Weak),18668037.0
MIRT022207,hsa-miR-124-3p,hsa,MVK,4598.0,hsa,Microarray,Functional MTI (Weak),18668037.0
MIRT022208,hsa-miR-124-3p,hsa,INF2,64423.0,hsa,Microarray,Functional MTI (Weak),18668037.0
MIRT022209,hsa-miR-124-3p,hsa,ZNF410,57862.0,hsa,Microarray,Functional MTI (Weak),18668037.0
MIRT022210,hsa-miR-124-3p,hsa,PPP2R1B,5519.0,hsa,Microarray,Functional MTI (Weak),18668037.0
MIRT022211,hsa-miR-124-3p,hsa,CYBRD1,79901.0,hsa,Microarray,Functional MTI (Weak),18668037.0
MIRT022212,hsa-miR-124-3p,hsa,LNX2,222484.0,hsa,Microarray,Functional MTI (Weak),18668037.0
MIRT022213,hsa-miR-124-3p,hsa,TMEM79,84283.0,hsa,Microarray,Functional MTI (Weak),18668037.0
MIRT022214,hsa-miR-124-3p,hsa,MRPL49,740.0,hsa,Microarray,Functional MTI (Weak),18668037.0
MIRT022215,hsa-miR-124-3p,hsa,DNMBP,23268.0,hsa,Microarray,Functional MTI (Weak),18668037.0
MIRT022216,hsa-miR-124-3p,hsa,OGFOD2,79676.0,hsa,Microarray,Functional MTI (Weak),18668037.0
MIRT022217,hsa-miR-124-3p,hsa,CPNE8,144402.0,hsa,Microarray,Functional MTI (Weak),18668037.0
MIRT022218,hsa-miR-124-3p,hsa,TRAIP,10293.0,hsa,Microarray,Functional MTI (Weak),18668037.0
MIRT022219,hsa-miR-124-3p,hsa,RAD51AP1,10635.0,hsa,Microarray,Functional MTI (Weak),18668037.0
MIRT022220,hsa-miR-124-3p,hsa,CTSH,1512.0,hsa,Microarray,Functional MTI (Weak),18668037.0
MIRT022221,hsa-miR-124-3p,hsa,GRB2,2885.0,hsa,Microarray,Functional MTI (Weak),18668037.0
MIRT022222,hsa-miR-124-3p,hsa,ADCY9,115.0,hsa,Microarray,Functional MTI (Weak),18668037.0
MIRT022223,hsa-miR-124-3p,hsa,SNX17,9784.0,hsa,Microarray,Functional MTI (Weak),18668037.0
MIRT022224,hsa-miR-124-3p,hsa,MSRB3,253827.0,hsa,Microarray,Functional MTI (Weak),18668037.0
MIRT022226,hsa-miR-124-3p,hsa,RNF141,50862.0,hsa,Microarray,Functional MTI (Weak),18668037.0
MIRT002910,hsa-miR-124-3p,hsa,CAPRIN2,65981.0,hsa,Microarray,Functional MTI (Weak),18668037.0
MIRT022227,hsa-miR-124-3p,hsa,LYSMD3,116068.0,hsa,Microarray,Functional MTI (Weak),18668037.0
MIRT022228,hsa-miR-124-3p,hsa,UNC5D,137970.0,hsa,Microarray,Functional MTI (Weak),18668037.0
MIRT022229,hsa-miR-124-3p,hsa,KLF6,1316.0,hsa,Microarray,Functional MTI (Weak),18668037.0
MIRT022230,hsa-miR-124-3p,hsa,BRWD1,54014.0,hsa,Microarray,Functional MTI (Weak),18668037.0
MIRT022231,hsa-miR-124-3p,hsa,DCAF16,54876.0,hsa,Microarray,Functional MTI (Weak),18668037.0
MIRT022232,hsa-miR-124-3p,hsa,PI4K2B,55300.0,hsa,Microarray,Functional MTI (Weak),18668037.0
MIRT022233,hsa-miR-124-3p,hsa,GATA6,2627.0,hsa,Microarray,Functional MTI (Weak),18668037.0
MIRT022234,hsa-miR-124-3p,hsa,KLF4,9314.0,hsa,Microarray,Functional MTI (Weak),18668037.0
MIRT022235,hsa-miR-124-3p,hsa,SERTAD2,9792.0,hsa,Microarray,Functional MTI (Weak),18668037.0
MIRT022236,hsa-miR-124-3p,hsa,RAB27A,5873.0,hsa,Microarray,Functional MTI (Weak),18668037.0
MIRT002918,hsa-miR-124-3p,hsa,NFATC1,4772.0,hsa,Microarray,Functional MTI (Weak),18668037.0
MIRT022237,hsa-miR-124-3p,hsa,CD55,1604.0,hsa,Proteomics;Microarray,Functional MTI (Weak),18668037.0
MIRT022238,hsa-miR-124-3p,hsa,ATAD3A,55210.0,hsa,Proteomics;Microarray,Functional MTI (Weak),18668037.0
MIRT022239,hsa-miR-124-3p,hsa,PLOD1,5351.0,hsa,Proteomics;Microarray,Functional MTI (Weak),18668037.0
MIRT022240,hsa-miR-124-3p,hsa,RFC3,5983.0,hsa,Proteomics;Microarray,Non-Functional MTI (Weak),18668037.0
MIRT022241,hsa-miR-124-3p,hsa,PPAN,56342.0,hsa,Proteomics;Microarray,Functional MTI (Weak),18668037.0
MIRT022242,hsa-miR-124-3p,hsa,KRT17P2,339241.0,hsa,Proteomics;Microarray,Non-Functional MTI (Weak),18668037.0
MIRT022243,hsa-miR-124-3p,hsa,HELLS,3070.0,hsa,Proteomics;Microarray,Functional MTI (Weak),18668037.0
MIRT002652,hsa-miR-124-3p,hsa,DVL2,1856.0,hsa,Microarray,Functional MTI (Weak),15685193.0
MIRT002652,hsa-miR-124-3p,hsa,DVL2,1856.0,hsa,Microarray,Functional MTI (Weak),18668037.0
MIRT022244,hsa-miR-124-3p,hsa,LAS1L,81887.0,hsa,Proteomics;Microarray,Non-Functional MTI (Weak),18668037.0
MIRT022245,hsa-miR-124-3p,hsa,NGDN,25983.0,hsa,Proteomics;Microarray,Functional MTI (Weak),18668037.0
MIRT022246,hsa-miR-124-3p,hsa,PIAS1,8554.0,hsa,Proteomics;Microarray,Functional MTI (Weak),18668037.0
MIRT022247,hsa-miR-124-3p,hsa,JUP,3728.0,hsa,Proteomics;Microarray,Functional MTI (Weak),18668037.0
MIRT022248,hsa-miR-124-3p,hsa,GNB4,59345.0,hsa,Proteomics;Microarray,Functional MTI (Weak),18668037.0
MIRT022249,hsa-miR-124-3p,hsa,TRIM25,7706.0,hsa,Proteomics;Microarray,Functional MTI (Weak),18668037.0
MIRT022250,hsa-miR-124-3p,hsa,RCC2,55920.0,hsa,Proteomics;Microarray,Non-Functional MTI (Weak),18668037.0
MIRT022252,hsa-miR-124-3p,hsa,ENAH,55740.0,hsa,Proteomics;Microarray,Functional MTI (Weak),18668037.0
MIRT022253,hsa-miR-124-3p,hsa,DIS3,22894.0,hsa,Proteomics;Microarray,Non-Functional MTI (Weak),18668037.0
MIRT002601,hsa-miR-124-3p,hsa,NFIC,4782.0,hsa,Proteomics,Functional MTI (Weak),18668037.0
MIRT004895,hsa-miR-124-3p,hsa,SMCO4,56935.0,hsa,Microarray,Functional MTI (Weak),18668037.0
MIRT002601,hsa-miR-124-3p,hsa,NFIC,4782.0,hsa,Microarray,Functional MTI (Weak),15685193.0
MIRT002657,hsa-miR-124-3p,hsa,PODXL,5420.0,hsa,Microarray,Functional MTI (Weak),18668037.0
MIRT002657,hsa-miR-124-3p,hsa,PODXL,5420.0,hsa,Microarray,Functional MTI (Weak),15685193.0
MIRT002693,hsa-miR-124-3p,hsa,TLN1,7094.0,hsa,Proteomics;Microarray,Functional MTI (Weak),18668037.0
MIRT002693,hsa-miR-124-3p,hsa,TLN1,7094.0,hsa,Microarray,Functional MTI (Weak),15685193.0
MIRT022254,hsa-miR-124-3p,hsa,LDLR,3949.0,hsa,Microarray,Functional MTI (Weak),18668037.0
MIRT022255,hsa-miR-124-3p,hsa,PDAP1,11333.0,hsa,Microarray,Functional MTI (Weak),18668037.0
MIRT022256,hsa-miR-124-3p,hsa,CCDC102B,79839.0,hsa,Microarray,Functional MTI (Weak),18668037.0
MIRT022257,hsa-miR-124-3p,hsa,TSEN54,283989.0,hsa,Microarray,Functional MTI (Weak),18668037.0
MIRT022258,hsa-miR-124-3p,hsa,ZNF483,158399.0,hsa,Microarray,Functional MTI (Weak),18668037.0
MIRT022259,hsa-miR-124-3p,hsa,ADARB1,104.0,hsa,Microarray,Functional MTI (Weak),18668037.0
MIRT022260,hsa-miR-124-3p,hsa,DHRS3,9249.0,hsa,Microarray,Functional MTI (Weak),18668037.0
MIRT022261,hsa-miR-124-3p,hsa,SLC1A3,6507.0,hsa,Microarray,Functional MTI (Weak),18668037.0
MIRT022262,hsa-miR-124-3p,hsa,TMEM156,80008.0,hsa,Microarray,Functional MTI (Weak),18668037.0
MIRT022263,hsa-miR-124-3p,hsa,GTF3C6,112495.0,hsa,Microarray,Functional MTI (Weak),18668037.0
MIRT022264,hsa-miR-124-3p,hsa,CKS2,1164.0,hsa,Microarray,Functional MTI (Weak),18668037.0
MIRT022265,hsa-miR-124-3p,hsa,AFAP1L1,134265.0,hsa,Microarray,Functional MTI (Weak),18668037.0
MIRT022266,hsa-miR-124-3p,hsa,ID3,3399.0,hsa,Microarray,Functional MTI (Weak),18668037.0
MIRT022267,hsa-miR-124-3p,hsa,EDN1,1906.0,hsa,Microarray,Functional MTI (Weak),18668037.0
MIRT022268,hsa-miR-124-3p,hsa,IGFBP1,3484.0,hsa,Microarray,Functional MTI (Weak),18668037.0
MIRT022269,hsa-miR-124-3p,hsa,CLIC3,9022.0,hsa,Microarray,Functional MTI (Weak),18668037.0
MIRT022270,hsa-miR-124-3p,hsa,E2F4,1874.0,hsa,Microarray,Functional MTI (Weak),18668037.0
MIRT022271,hsa-miR-124-3p,hsa,SPHK1,8877.0,hsa,Microarray,Functional MTI (Weak),18668037.0
MIRT022272,hsa-miR-124-3p,hsa,OCA2,4948.0,hsa,Microarray,Functional MTI (Weak),18668037.0
MIRT022273,hsa-miR-124-3p,hsa,SDCCAG8,10806.0,hsa,Microarray,Functional MTI (Weak),18668037.0
MIRT022275,hsa-miR-124-3p,hsa,PRKCB,5579.0,hsa,Microarray,Functional MTI (Weak),18668037.0
MIRT022276,hsa-miR-124-3p,hsa,COL17A1,1308.0,hsa,Microarray,Functional MTI (Weak),18668037.0
MIRT022277,hsa-miR-124-3p,hsa,HOXC4,3221.0,hsa,Microarray,Functional MTI (Weak),18668037.0
MIRT022278,hsa-miR-124-3p,hsa,ATOH8,84913.0,hsa,Microarray,Functional MTI (Weak),18668037.0
MIRT022279,hsa-miR-124-3p,hsa,SULT1E1,6783.0,hsa,Microarray,Functional MTI (Weak),18668037.0
MIRT022280,hsa-miR-124-3p,hsa,RILPL2,196383.0,hsa,Microarray,Functional MTI (Weak),18668037.0
MIRT022281,hsa-miR-124-3p,hsa,TMEM44,93109.0,hsa,Microarray,Functional MTI (Weak),18668037.0
MIRT022282,hsa-miR-124-3p,hsa,RPS15,6209.0,hsa,Proteomics,Functional MTI (Weak),18668037.0
MIRT022283,hsa-miR-124-3p,hsa,RPS6KA4,8986.0,hsa,Microarray,Functional MTI (Weak),18668037.0
MIRT022284,hsa-miR-124-3p,hsa,NSMAF,8439.0,hsa,Microarray,Functional MTI (Weak),18668037.0
MIRT022285,hsa-miR-124-3p,hsa,PTH2R,5746.0,hsa,Microarray,Functional MTI (Weak),18668037.0
MIRT022286,hsa-miR-124-3p,hsa,NUB1,51667.0,hsa,Microarray,Functional MTI (Weak),18668037.0
MIRT022287,hsa-miR-124-3p,hsa,ROM1,6094.0,hsa,Microarray,Functional MTI (Weak),18668037.0
MIRT022288,hsa-miR-124-3p,hsa,ACADL,33.0,hsa,Microarray,Functional MTI (Weak),18668037.0
MIRT022289,hsa-miR-124-3p,hsa,NASP,4678.0,hsa,Microarray,Functional MTI (Weak),18668037.0
MIRT022290,hsa-miR-124-3p,hsa,RFWD3,55159.0,hsa,Microarray,Functional MTI (Weak),18668037.0
MIRT022292,hsa-miR-124-3p,hsa,HMGN4,10473.0,hsa,Microarray,Functional MTI (Weak),18668037.0
MIRT022293,hsa-miR-124-3p,hsa,TSN,7247.0,hsa,Microarray,Functional MTI (Weak),18668037.0
MIRT022294,hsa-miR-124-3p,hsa,SNX12,29934.0,hsa,Microarray,Functional MTI (Weak),18668037.0
MIRT022295,hsa-miR-124-3p,hsa,POLA1,5422.0,hsa,Microarray,Functional MTI (Weak),18668037.0
MIRT022296,hsa-miR-124-3p,hsa,B3GNT2,10678.0,hsa,Microarray,Functional MTI (Weak),18668037.0
MIRT022297,hsa-miR-124-3p,hsa,MALL,7851.0,hsa,Microarray,Functional MTI (Weak),18668037.0
MIRT022298,hsa-miR-124-3p,hsa,MOBP,4336.0,hsa,Microarray,Functional MTI (Weak),18668037.0
MIRT022299,hsa-miR-124-3p,hsa,KLHL24,54800.0,hsa,Microarray,Functional MTI (Weak),18668037.0
MIRT022300,hsa-miR-124-3p,hsa,FGFR1,2260.0,hsa,Microarray,Functional MTI (Weak),18668037.0
MIRT022301,hsa-miR-124-3p,hsa,TMEM128,85013.0,hsa,Microarray,Functional MTI (Weak),18668037.0
MIRT022302,hsa-miR-124-3p,hsa,RIPK4,54101.0,hsa,Microarray,Functional MTI (Weak),18668037.0
MIRT022303,hsa-miR-124-3p,hsa,BVES,11149.0,hsa,Microarray,Functional MTI (Weak),18668037.0
MIRT022304,hsa-miR-124-3p,hsa,HEATR5A,25938.0,hsa,Microarray,Functional MTI (Weak),18668037.0
MIRT022306,hsa-miR-124-3p,hsa,CMTM7,112616.0,hsa,Microarray,Functional MTI (Weak),18668037.0
MIRT022307,hsa-miR-124-3p,hsa,EMD,2010.0,hsa,Microarray,Functional MTI (Weak),18668037.0
MIRT022308,hsa-miR-124-3p,hsa,PTPRB,5787.0,hsa,Microarray,Functional MTI (Weak),18668037.0
MIRT022309,hsa-miR-124-3p,hsa,GPM6B,2824.0,hsa,Microarray,Functional MTI (Weak),18668037.0
MIRT022310,hsa-miR-124-3p,hsa,RASSF1,11186.0,hsa,Microarray,Functional MTI (Weak),18668037.0
MIRT022311,hsa-miR-124-3p,hsa,TUB,7275.0,hsa,Microarray,Functional MTI (Weak),18668037.0
MIRT022312,hsa-miR-124-3p,hsa,PALLD,23022.0,hsa,Microarray,Functional MTI (Weak),18668037.0
MIRT022314,hsa-miR-124-3p,hsa,SIX4,51804.0,hsa,Microarray,Functional MTI (Weak),18668037.0
MIRT002907,hsa-miR-124-3p,hsa,ZFP36L2,678.0,hsa,Microarray,Functional MTI (Weak),18668037.0
MIRT022315,hsa-miR-124-3p,hsa,INA,9118.0,hsa,Proteomics;Microarray,Functional MTI (Weak),18668037.0
MIRT022316,hsa-miR-124-3p,hsa,DNM3,26052.0,hsa,Proteomics;Microarray,Functional MTI (Weak),18668037.0
MIRT022317,hsa-miR-124-3p,hsa,NOL8,55035.0,hsa,Proteomics;Microarray,Functional MTI (Weak),18668037.0
MIRT022318,hsa-miR-124-3p,hsa,EHD2,30846.0,hsa,Proteomics;Microarray,Functional MTI (Weak),18668037.0
MIRT022319,hsa-miR-124-3p,hsa,AURKB,9212.0,hsa,Proteomics;Microarray,Functional MTI (Weak),18668037.0
MIRT002643,hsa-miR-124-3p,hsa,HEBP2,23593.0,hsa,Microarray;Other,Functional MTI (Weak),15685193.0
MIRT022320,hsa-miR-124-3p,hsa,SRSF3,6428.0,hsa,Proteomics;Microarray,Non-Functional MTI (Weak),18668037.0
MIRT022321,hsa-miR-124-3p,hsa,NOSIP,51070.0,hsa,Proteomics;Microarray,Functional MTI (Weak),18668037.0
MIRT002914,hsa-miR-124-3p,hsa,PDLIM7,9260.0,hsa,Proteomics;Microarray,Functional MTI (Weak),18668037.0
MIRT022322,hsa-miR-124-3p,hsa,SPIN1,10927.0,hsa,Proteomics;Microarray,Functional MTI (Weak),18668037.0
MIRT022323,hsa-miR-124-3p,hsa,PPIF,10105.0,hsa,Proteomics;Microarray,Functional MTI (Weak),18668037.0
MIRT022324,hsa-miR-124-3p,hsa,FRAS1,80144.0,hsa,Proteomics;Microarray,Functional MTI (Weak),18668037.0
MIRT002636,hsa-miR-124-3p,hsa,PAPSS2,9060.0,hsa,Microarray,Functional MTI (Weak),18668037.0
MIRT022325,hsa-miR-124-3p,hsa,FLOT2,2319.0,hsa,Proteomics;Microarray,Non-Functional MTI (Weak),18668037.0
MIRT002636,hsa-miR-124-3p,hsa,PAPSS2,9060.0,hsa,Microarray,Functional MTI (Weak),15685193.0
MIRT002616,hsa-miR-124-3p,hsa,RELA,5970.0,hsa,Microarray;Other,Functional MTI (Weak),15685193.0
MIRT002630,hsa-miR-124-3p,hsa,HTATIP2,10553.0,hsa,Microarray,Functional MTI (Weak),15685193.0
MIRT002630,hsa-miR-124-3p,hsa,HTATIP2,10553.0,hsa,Microarray,Functional MTI (Weak),18668037.0
MIRT002590,hsa-miR-124-3p,hsa,OSBPL8,114882.0,hsa,Microarray,Functional MTI (Weak),18668037.0
MIRT002590,hsa-miR-124-3p,hsa,OSBPL8,114882.0,hsa,Microarray,Functional MTI (Weak),15685193.0
MIRT002715,hsa-miR-124-3p,hsa,AP1M2,10053.0,hsa,Microarray,Functional MTI (Weak),18668037.0
MIRT002715,hsa-miR-124-3p,hsa,AP1M2,10053.0,hsa,Microarray,Functional MTI (Weak),15685193.0
MIRT002567,hsa-miR-124-3p,hsa,PTPN12,5782.0,hsa,Microarray,Functional MTI (Weak),18668037.0
MIRT002567,hsa-miR-124-3p,hsa,PTPN12,5782.0,hsa,Microarray,Functional MTI (Weak),15685193.0
MIRT001828,hsa-miR-124-3p,hsa,MAGT1,84061.0,hsa,qRT-PCR;Other,Functional MTI (Weak),16549876.0
MIRT022326,hsa-miR-124-3p,hsa,MVD,4597.0,hsa,Microarray,Functional MTI (Weak),18668037.0
MIRT022327,hsa-miR-124-3p,hsa,LIN28A,79727.0,hsa,Microarray,Functional MTI (Weak),18668037.0
MIRT022328,hsa-miR-124-3p,hsa,TUBA3D,113457.0,hsa,Microarray,Functional MTI (Weak),18668037.0
MIRT022329,hsa-miR-124-3p,hsa,PLEKHA1,59338.0,hsa,Microarray,Functional MTI (Weak),18668037.0
MIRT022330,hsa-miR-124-3p,hsa,LIN7A,8825.0,hsa,Microarray,Functional MTI (Weak),18668037.0
MIRT022331,hsa-miR-124-3p,hsa,AKAP4,8852.0,hsa,Microarray,Functional MTI (Weak),18668037.0
MIRT002677,hsa-miR-124-3p,hsa,GTPBP8,29083.0,hsa,Microarray,Functional MTI (Weak),15685193.0
MIRT022332,hsa-miR-124-3p,hsa,AGTR2,186.0,hsa,Microarray,Functional MTI (Weak),18668037.0
MIRT022333,hsa-miR-124-3p,hsa,NCAPH2,29781.0,hsa,Microarray,Functional MTI (Weak),18668037.0
MIRT022334,hsa-miR-124-3p,hsa,DRG2,1819.0,hsa,Microarray,Functional MTI (Weak),18668037.0
MIRT022335,hsa-miR-124-3p,hsa,SLC13A2,9058.0,hsa,Microarray,Functional MTI (Weak),18668037.0
MIRT022336,hsa-miR-124-3p,hsa,MFAP5,8076.0,hsa,Microarray,Functional MTI (Weak),18668037.0
MIRT022337,hsa-miR-124-3p,hsa,CALR,811.0,hsa,Microarray,Functional MTI (Weak),18668037.0
MIRT022339,hsa-miR-124-3p,hsa,POFUT1,23509.0,hsa,Microarray,Functional MTI (Weak),18668037.0
MIRT004880,hsa-miR-124-3p,hsa,OAF,220323.0,hsa,Microarray,Functional MTI (Weak),15685193.0
MIRT022342,hsa-miR-124-3p,hsa,TNFRSF12A,51330.0,hsa,Microarray,Functional MTI (Weak),18668037.0
MIRT022344,hsa-miR-124-3p,hsa,IKBKE,9641.0,hsa,Microarray,Functional MTI (Weak),18668037.0
MIRT022345,hsa-miR-124-3p,hsa,CSPG4,1464.0,hsa,Microarray,Functional MTI (Weak),18668037.0
MIRT022346,hsa-miR-124-3p,hsa,KIAA0930,23313.0,hsa,Microarray,Functional MTI (Weak),18668037.0
MIRT022347,hsa-miR-124-3p,hsa,ANXA6,309.0,hsa,Microarray,Functional MTI (Weak),18668037.0
MIRT022348,hsa-miR-124-3p,hsa,VKORC1,79001.0,hsa,Microarray,Functional MTI (Weak),18668037.0
MIRT022349,hsa-miR-124-3p,hsa,DISP1,84976.0,hsa,Microarray,Functional MTI (Weak),18668037.0
MIRT022350,hsa-miR-124-3p,hsa,SYNC,81493.0,hsa,Microarray,Functional MTI (Weak),18668037.0
MIRT022352,hsa-miR-124-3p,hsa,CDC42EP3,10602.0,hsa,Microarray,Functional MTI (Weak),18668037.0
MIRT022353,hsa-miR-124-3p,hsa,SEC22C,9117.0,hsa,Microarray,Functional MTI (Weak),18668037.0
MIRT022355,hsa-miR-124-3p,hsa,C14orf178,283579.0,hsa,Microarray,Functional MTI (Weak),18668037.0
MIRT022356,hsa-miR-124-3p,hsa,SDC4,6385.0,hsa,Microarray,Functional MTI (Weak),18668037.0
MIRT022357,hsa-miR-124-3p,hsa,ZNF440,126070.0,hsa,Microarray,Functional MTI (Weak),18668037.0
MIRT022358,hsa-miR-124-3p,hsa,MYPN,84665.0,hsa,Microarray,Functional MTI (Weak),18668037.0
MIRT022359,hsa-miR-124-3p,hsa,TPP1,1200.0,hsa,Microarray,Functional MTI (Weak),18668037.0
MIRT022360,hsa-miR-124-3p,hsa,ATP8B2,57198.0,hsa,Microarray,Functional MTI (Weak),18668037.0
MIRT022361,hsa-miR-124-3p,hsa,SLC31A2,1318.0,hsa,Microarray,Functional MTI (Weak),18668037.0
MIRT022362,hsa-miR-124-3p,hsa,GFPT2,9945.0,hsa,Microarray,Functional MTI (Weak),18668037.0
MIRT022363,hsa-miR-124-3p,hsa,IGFBP3,3486.0,hsa,Microarray,Functional MTI (Weak),18668037.0
MIRT022364,hsa-miR-124-3p,hsa,TMEM45A,55076.0,hsa,Microarray,Functional MTI (Weak),18668037.0
MIRT022365,hsa-miR-124-3p,hsa,CDCP1,64866.0,hsa,Microarray,Functional MTI (Weak),18668037.0
MIRT022366,hsa-miR-124-3p,hsa,PUS3,83480.0,hsa,Microarray,Functional MTI (Weak),18668037.0
MIRT022367,hsa-miR-124-3p,hsa,MAP3K8,1326.0,hsa,Microarray,Functional MTI (Weak),18668037.0
MIRT022368,hsa-miR-124-3p,hsa,TPST2,8459.0,hsa,Microarray,Functional MTI (Weak),18668037.0
MIRT022370,hsa-miR-124-3p,hsa,NFIA,4774.0,hsa,Microarray,Functional MTI (Weak),18668037.0
MIRT022371,hsa-miR-124-3p,hsa,GMCL1,64395.0,hsa,Microarray,Functional MTI (Weak),18668037.0
MIRT022372,hsa-miR-124-3p,hsa,SLC1A4,6509.0,hsa,Microarray,Functional MTI (Weak),18668037.0
MIRT022373,hsa-miR-124-3p,hsa,PPP1R3B,79660.0,hsa,Microarray,Functional MTI (Weak),18668037.0
MIRT022374,hsa-miR-124-3p,hsa,ESYT2,57488.0,hsa,Microarray,Functional MTI (Weak),18668037.0
MIRT022375,hsa-miR-124-3p,hsa,ANXA11,311.0,hsa,Microarray,Functional MTI (Weak),18668037.0
MIRT004100,hsa-miR-124-3p,hsa,TSC22D4,81628.0,hsa,Microarray,Functional MTI (Weak),18668037.0
MIRT022378,hsa-miR-124-3p,hsa,BEND3,57673.0,hsa,Proteomics;Microarray,Functional MTI (Weak),18668037.0
MIRT022379,hsa-miR-124-3p,hsa,MBNL1,4154.0,hsa,Proteomics;Microarray,Non-Functional MTI (Weak),18668037.0
MIRT022380,hsa-miR-124-3p,hsa,CUX2,23316.0,hsa,Proteomics;Microarray,Functional MTI (Weak),18668037.0
MIRT022381,hsa-miR-124-3p,hsa,MCAM,4162.0,hsa,Proteomics;Microarray,Functional MTI (Weak),18668037.0
MIRT022382,hsa-miR-124-3p,hsa,EIF2S2,8894.0,hsa,Proteomics;Microarray,Non-Functional MTI (Weak),18668037.0
MIRT022383,hsa-miR-124-3p,hsa,SNRPB,6628.0,hsa,Proteomics;Microarray,Non-Functional MTI (Weak),18668037.0
MIRT022384,hsa-miR-124-3p,hsa,CDC27,996.0,hsa,Proteomics;Microarray,Functional MTI (Weak),18668037.0
MIRT022385,hsa-miR-124-3p,hsa,PGM5,5239.0,hsa,Proteomics;Microarray,Functional MTI (Weak),18668037.0
MIRT022386,hsa-miR-124-3p,hsa,NOL10,79954.0,hsa,Proteomics;Microarray,Functional MTI (Weak),18668037.0
MIRT022387,hsa-miR-124-3p,hsa,NOC3L,64318.0,hsa,Proteomics;Microarray,Functional MTI (Weak),18668037.0
MIRT022388,hsa-miR-124-3p,hsa,WTAP,9589.0,hsa,Proteomics;Microarray,Non-Functional MTI (Weak),18668037.0
MIRT022389,hsa-miR-124-3p,hsa,EIF3M,10480.0,hsa,Proteomics;Microarray,Functional MTI (Weak),18668037.0
MIRT022390,hsa-miR-124-3p,hsa,MED20,9477.0,hsa,Proteomics;Microarray,Non-Functional MTI (Weak),18668037.0
MIRT022391,hsa-miR-124-3p,hsa,AURKA,6790.0,hsa,Proteomics;Microarray,Functional MTI (Weak),18668037.0
MIRT022392,hsa-miR-124-3p,hsa,GNAI2,2771.0,hsa,Proteomics;Microarray,Non-Functional MTI (Weak),18668037.0
MIRT002564,hsa-miR-124-3p,hsa,RARG,5916.0,hsa,Microarray;Other,Functional MTI (Weak),15685193.0
MIRT022393,hsa-miR-124-3p,hsa,NMNAT1,64802.0,hsa,Proteomics;Microarray,Non-Functional MTI (Weak),18668037.0
MIRT022394,hsa-miR-124-3p,hsa,LMNA,4000.0,hsa,Proteomics;Microarray,Non-Functional MTI (Weak),18668037.0
MIRT004890,hsa-miR-124-3p,hsa,UHMK1,127933.0,hsa,Microarray,Functional MTI (Weak),18668037.0
MIRT002617,hsa-miR-124-3p,hsa,KATNA1,11104.0,hsa,Microarray,Functional MTI (Weak),18668037.0
MIRT004898,hsa-miR-124-3p,hsa,VPS37C,55048.0,hsa,Microarray,Functional MTI (Weak),18668037.0
MIRT002617,hsa-miR-124-3p,hsa,KATNA1,11104.0,hsa,Microarray,Functional MTI (Weak),15685193.0
MIRT002598,hsa-miR-124-3p,hsa,CYP1B1,1545.0,hsa,Microarray,Functional MTI (Weak),18668037.0
MIRT002598,hsa-miR-124-3p,hsa,CYP1B1,1545.0,hsa,Microarray,Functional MTI (Weak),15685193.0
MIRT002631,hsa-miR-124-3p,hsa,ALDH9A1,223.0,hsa,Microarray,Functional MTI (Weak),18668037.0
MIRT002631,hsa-miR-124-3p,hsa,ALDH9A1,223.0,hsa,Microarray,Functional MTI (Weak),15685193.0
MIRT002903,hsa-miR-124-3p,hsa,GAS2L1,10634.0,hsa,qRT-PCR;Other,Functional MTI (Weak),16549876.0
MIRT002712,hsa-miR-124-3p,hsa,LRRC1,55227.0,hsa,Microarray,Functional MTI (Weak),18668037.0
MIRT002712,hsa-miR-124-3p,hsa,LRRC1,55227.0,hsa,Microarray,Functional MTI (Weak),15685193.0
MIRT022395,hsa-miR-124-3p,hsa,ACAT2,39.0,hsa,Microarray,Functional MTI (Weak),18668037.0
MIRT022396,hsa-miR-124-3p,hsa,RBPMS,11030.0,hsa,Microarray,Functional MTI (Weak),18668037.0
MIRT022397,hsa-miR-124-3p,hsa,GBP1,2633.0,hsa,Microarray,Functional MTI (Weak),18668037.0
MIRT004119,hsa-miR-124-3p,hsa,SYPL1,6856.0,hsa,Microarray,Functional MTI (Weak),15685193.0
MIRT022398,hsa-miR-124-3p,hsa,TAF1A,9015.0,hsa,Microarray,Functional MTI (Weak),18668037.0
MIRT022399,hsa-miR-124-3p,hsa,PYCARD,29108.0,hsa,Microarray,Functional MTI (Weak),18668037.0
MIRT022401,hsa-miR-124-3p,hsa,PSG3,5671.0,hsa,Microarray,Functional MTI (Weak),18668037.0
MIRT022402,hsa-miR-124-3p,hsa,TMEFF2,23671.0,hsa,Microarray,Functional MTI (Weak),18668037.0
MIRT022403,hsa-miR-124-3p,hsa,DENND2D,79961.0,hsa,Microarray,Functional MTI (Weak),18668037.0
MIRT022404,hsa-miR-124-3p,hsa,PTGES,9536.0,hsa,Microarray,Functional MTI (Weak),18668037.0
MIRT022405,hsa-miR-124-3p,hsa,SAMD10,140700.0,hsa,Proteomics,Functional MTI (Weak),18668037.0
MIRT022406,hsa-miR-124-3p,hsa,ANO1,55107.0,hsa,Microarray,Functional MTI (Weak),18668037.0
MIRT022407,hsa-miR-124-3p,hsa,PDGFC,56034.0,hsa,Microarray,Functional MTI (Weak),18668037.0
MIRT022408,hsa-miR-124-3p,hsa,TMEM121,80757.0,hsa,Microarray,Functional MTI (Weak),18668037.0
MIRT022409,hsa-miR-124-3p,hsa,FNDC4,64838.0,hsa,Microarray,Functional MTI (Weak),18668037.0
MIRT022410,hsa-miR-124-3p,hsa,ANKRD36B,57730.0,hsa,Microarray,Functional MTI (Weak),18668037.0
MIRT022411,hsa-miR-124-3p,hsa,PLEKHB1,58473.0,hsa,Microarray,Functional MTI (Weak),18668037.0
MIRT022413,hsa-miR-124-3p,hsa,LOXL1,4016.0,hsa,Microarray,Functional MTI (Weak),18668037.0
MIRT022414,hsa-miR-124-3p,hsa,TPRA1,131601.0,hsa,Microarray,Functional MTI (Weak),18668037.0
MIRT022415,hsa-miR-124-3p,hsa,IPCEF1,26034.0,hsa,Microarray,Functional MTI (Weak),18668037.0
MIRT022416,hsa-miR-124-3p,hsa,CLN5,1203.0,hsa,Microarray,Functional MTI (Weak),18668037.0
MIRT022417,hsa-miR-124-3p,hsa,AMIGO2,347902.0,hsa,Microarray,Functional MTI (Weak),18668037.0
MIRT022419,hsa-miR-124-3p,hsa,ICAM5,7087.0,hsa,Microarray,Functional MTI (Weak),18668037.0
MIRT022420,hsa-miR-124-3p,hsa,ATP8B3,148229.0,hsa,Microarray,Functional MTI (Weak),18668037.0
MIRT022421,hsa-miR-124-3p,hsa,GSTK1,373156.0,hsa,Microarray,Functional MTI (Weak),18668037.0
MIRT022422,hsa-miR-124-3p,hsa,PLA2G7,7941.0,hsa,Microarray,Functional MTI (Weak),18668037.0
MIRT022423,hsa-miR-124-3p,hsa,DDX19A,55308.0,hsa,Microarray,Functional MTI (Weak),18668037.0
MIRT022424,hsa-miR-124-3p,hsa,CPOX,1371.0,hsa,Microarray,Functional MTI (Weak),18668037.0
MIRT022425,hsa-miR-124-3p,hsa,DPH5,51611.0,hsa,Microarray,Functional MTI (Weak),18668037.0
MIRT022426,hsa-miR-124-3p,hsa,NEDD4,4734.0,hsa,Microarray,Functional MTI (Weak),18668037.0
MIRT022427,hsa-miR-124-3p,hsa,LAMP2,3920.0,hsa,Microarray,Functional MTI (Weak),18668037.0
MIRT022428,hsa-miR-124-3p,hsa,MEPE,56955.0,hsa,Microarray,Functional MTI (Weak),18668037.0
MIRT022429,hsa-miR-124-3p,hsa,RAB3IL1,5866.0,hsa,Microarray,Functional MTI (Weak),18668037.0
MIRT022430,hsa-miR-124-3p,hsa,CAST,831.0,hsa,Microarray,Functional MTI (Weak),18668037.0
MIRT022431,hsa-miR-124-3p,hsa,ZNF451,26036.0,hsa,Microarray,Functional MTI (Weak),18668037.0
MIRT022432,hsa-miR-124-3p,hsa,AKT3,10000.0,hsa,Microarray,Functional MTI (Weak),18668037.0
MIRT022433,hsa-miR-124-3p,hsa,ANGPTL7,10218.0,hsa,Microarray,Functional MTI (Weak),18668037.0
MIRT022434,hsa-miR-124-3p,hsa,UNC5B,219699.0,hsa,Microarray,Functional MTI (Weak),18668037.0
MIRT022435,hsa-miR-124-3p,hsa,FAXDC2,10826.0,hsa,Microarray,Functional MTI (Weak),18668037.0
MIRT022436,hsa-miR-124-3p,hsa,KIF26A,26153.0,hsa,Microarray,Functional MTI (Weak),18668037.0
MIRT022437,hsa-miR-124-3p,hsa,GK5,256356.0,hsa,Microarray,Functional MTI (Weak),18668037.0
MIRT022438,hsa-miR-124-3p,hsa,BMPR1A,657.0,hsa,Microarray,Functional MTI (Weak),18668037.0
MIRT022439,hsa-miR-124-3p,hsa,ARMC1,55156.0,hsa,Microarray,Functional MTI (Weak),18668037.0
MIRT022440,hsa-miR-124-3p,hsa,MDK,4192.0,hsa,Microarray,Functional MTI (Weak),18668037.0
MIRT002588,hsa-miR-124-3p,hsa,POLR3G,10622.0,hsa,Microarray,Functional MTI (Weak),15685193.0
MIRT022441,hsa-miR-124-3p,hsa,PLSCR4,57088.0,hsa,Microarray,Functional MTI (Weak),18668037.0
MIRT022442,hsa-miR-124-3p,hsa,SLC44A1,23446.0,hsa,Microarray,Functional MTI (Weak),18668037.0
MIRT022443,hsa-miR-124-3p,hsa,CNN3,1266.0,hsa,Microarray,Functional MTI (Weak),18668037.0
MIRT022444,hsa-miR-124-3p,hsa,PTPRZ1,5803.0,hsa,Microarray,Functional MTI (Weak),18668037.0
MIRT022445,hsa-miR-124-3p,hsa,TWSG1,57045.0,hsa,Microarray,Functional MTI (Weak),18668037.0
MIRT022446,hsa-miR-124-3p,hsa,ASCC2,84164.0,hsa,Microarray,Functional MTI (Weak),18668037.0
MIRT022447,hsa-miR-124-3p,hsa,SHE,126669.0,hsa,Microarray,Functional MTI (Weak),18668037.0
MIRT022448,hsa-miR-124-3p,hsa,IL11,3589.0,hsa,Microarray,Functional MTI (Weak),18668037.0
MIRT022449,hsa-miR-124-3p,hsa,TCTA,6988.0,hsa,Microarray,Functional MTI (Weak),18668037.0
MIRT022450,hsa-miR-124-3p,hsa,YBX1,4904.0,hsa,Proteomics;Microarray,Functional MTI (Weak),18668037.0
MIRT022451,hsa-miR-124-3p,hsa,ANAPC5,51433.0,hsa,Proteomics;Microarray,Functional MTI (Weak),18668037.0
MIRT002574,hsa-miR-124-3p,hsa,UHRF1,29128.0,hsa,Microarray;Other,Functional MTI (Weak),15685193.0
MIRT022452,hsa-miR-124-3p,hsa,ILF2,3608.0,hsa,Proteomics;Microarray,Non-Functional MTI (Weak),18668037.0
MIRT002592,hsa-miR-124-3p,hsa,BTG3,10950.0,hsa,Microarray,Functional MTI (Weak),18668037.0
MIRT002592,hsa-miR-124-3p,hsa,BTG3,10950.0,hsa,Microarray,Functional MTI (Weak),15685193.0
MIRT022454,hsa-miR-124-3p,hsa,TFB2M,64216.0,hsa,Proteomics;Microarray,Functional MTI (Weak),18668037.0
MIRT022455,hsa-miR-124-3p,hsa,BCCIP,56647.0,hsa,Proteomics;Microarray,Functional MTI (Weak),18668037.0
MIRT004899,hsa-miR-124-3p,hsa,SPDL1,54908.0,hsa,Microarray,Functional MTI (Weak),18668037.0
MIRT022456,hsa-miR-124-3p,hsa,SCAF11,9169.0,hsa,Proteomics;Microarray,Functional MTI (Weak),18668037.0
MIRT022457,hsa-miR-124-3p,hsa,CKAP4,10970.0,hsa,Proteomics;Microarray,Functional MTI (Weak),18668037.0
MIRT002676,hsa-miR-124-3p,hsa,MPHOSPH9,10198.0,hsa,Microarray;Other,Functional MTI (Weak),15685193.0
MIRT022458,hsa-miR-124-3p,hsa,G3BP2,9908.0,hsa,Proteomics;Microarray,Functional MTI (Weak),18668037.0
MIRT002668,hsa-miR-124-3p,hsa,ARFIP1,27236.0,hsa,Microarray,Functional MTI (Weak),18668037.0
MIRT002668,hsa-miR-124-3p,hsa,ARFIP1,27236.0,hsa,Microarray,Functional MTI (Weak),15685193.0
MIRT002706,hsa-miR-124-3p,hsa,CREB3L2,64764.0,hsa,Microarray;Other,Functional MTI (Weak),15685193.0
MIRT002595,hsa-miR-124-3p,hsa,USP48,84196.0,hsa,Microarray;Other,Functional MTI (Weak),15685193.0
MIRT022459,hsa-miR-124-3p,hsa,NFIB,4781.0,hsa,Proteomics;Microarray,Functional MTI (Weak),18668037.0
MIRT002638,hsa-miR-124-3p,hsa,APEX2,27301.0,hsa,Microarray,Functional MTI (Weak),15685193.0
MIRT002638,hsa-miR-124-3p,hsa,APEX2,27301.0,hsa,Microarray,Functional MTI (Weak),18668037.0
MIRT002653,hsa-miR-124-3p,hsa,AHR,196.0,hsa,Other,Non-Functional MTI (Weak),15806104.0
MIRT002653,hsa-miR-124-3p,hsa,AHR,196.0,hsa,Microarray,Functional MTI (Weak),15685193.0
MIRT002672,hsa-miR-124-3p,hsa,PGRMC2,10424.0,hsa,Microarray,Functional MTI (Weak),18668037.0
MIRT002605,hsa-miR-124-3p,hsa,CHSY1,22856.0,hsa,Microarray,Functional MTI (Weak),18668037.0
MIRT002672,hsa-miR-124-3p,hsa,PGRMC2,10424.0,hsa,Microarray,Functional MTI (Weak),15685193.0
MIRT002605,hsa-miR-124-3p,hsa,CHSY1,22856.0,hsa,Microarray,Functional MTI (Weak),15685193.0
MIRT002720,hsa-miR-124-3p,hsa,LAMC1,3915.0,hsa,Microarray,Functional MTI (Weak),18668037.0
MIRT002720,hsa-miR-124-3p,hsa,LAMC1,3915.0,hsa,qRT-PCR,Functional MTI (Weak),16549876.0
MIRT022460,hsa-miR-124-3p,hsa,PTPRJ,5795.0,hsa,Microarray,Functional MTI (Weak),18668037.0
MIRT022461,hsa-miR-124-3p,hsa,ASCC3,10973.0,hsa,Microarray,Functional MTI (Weak),18668037.0
MIRT022462,hsa-miR-124-3p,hsa,DNAJC25,548645.0,hsa,Microarray,Functional MTI (Weak),15685193.0
MIRT022463,hsa-miR-124-3p,hsa,TNFRSF25,8718.0,hsa,Microarray,Functional MTI (Weak),18668037.0
MIRT022464,hsa-miR-124-3p,hsa,FLG,2312.0,hsa,Microarray,Functional MTI (Weak),18668037.0
MIRT022465,hsa-miR-124-3p,hsa,STC2,8614.0,hsa,Microarray,Functional MTI (Weak),18668037.0
MIRT022466,hsa-miR-124-3p,hsa,PSG9,5678.0,hsa,Microarray,Functional MTI (Weak),18668037.0
MIRT022468,hsa-miR-124-3p,hsa,KRT33A,3883.0,hsa,Microarray,Functional MTI (Weak),18668037.0
MIRT022469,hsa-miR-124-3p,hsa,ADAMTS1,9510.0,hsa,Microarray,Functional MTI (Weak),18668037.0
MIRT022470,hsa-miR-124-3p,hsa,FHDC1,85462.0,hsa,Microarray,Functional MTI (Weak),18668037.0
MIRT022471,hsa-miR-124-3p,hsa,SS18L2,51188.0,hsa,Microarray,Functional MTI (Weak),18668037.0
MIRT022472,hsa-miR-124-3p,hsa,GAS6,2621.0,hsa,Microarray,Functional MTI (Weak),18668037.0
MIRT022473,hsa-miR-124-3p,hsa,NUP50,10762.0,hsa,Proteomics,Functional MTI (Weak),18668037.0
MIRT022474,hsa-miR-124-3p,hsa,DRD4,1815.0,hsa,Microarray,Functional MTI (Weak),18668037.0
MIRT022475,hsa-miR-124-3p,hsa,AIF1L,83543.0,hsa,Microarray,Functional MTI (Weak),18668037.0
MIRT022477,hsa-miR-124-3p,hsa,TMEM54,113452.0,hsa,Microarray,Functional MTI (Weak),18668037.0
MIRT022478,hsa-miR-124-3p,hsa,KCNC4,3749.0,hsa,Microarray,Functional MTI (Weak),18668037.0
MIRT022479,hsa-miR-124-3p,hsa,KDSR,2531.0,hsa,Microarray,Functional MTI (Weak),18668037.0
MIRT022480,hsa-miR-124-3p,hsa,KCNK1,3775.0,hsa,Microarray,Functional MTI (Weak),18668037.0
MIRT022481,hsa-miR-124-3p,hsa,TRIM4,89122.0,hsa,Microarray,Functional MTI (Weak),18668037.0
MIRT022482,hsa-miR-124-3p,hsa,MALSU1,115416.0,hsa,Microarray,Functional MTI (Weak),18668037.0
MIRT022483,hsa-miR-124-3p,hsa,FAM171A1,221061.0,hsa,Microarray,Functional MTI (Weak),18668037.0
MIRT022484,hsa-miR-124-3p,hsa,NEU4,129807.0,hsa,Microarray,Functional MTI (Weak),18668037.0
MIRT022485,hsa-miR-124-3p,hsa,FGF5,2250.0,hsa,Microarray,Functional MTI (Weak),18668037.0
MIRT022486,hsa-miR-124-3p,hsa,SLC16A6,9120.0,hsa,Microarray,Functional MTI (Weak),18668037.0
MIRT022487,hsa-miR-124-3p,hsa,HFM1,164045.0,hsa,Microarray,Functional MTI (Weak),18668037.0
MIRT022488,hsa-miR-124-3p,hsa,HKDC1,80201.0,hsa,Microarray,Functional MTI (Weak),18668037.0
MIRT022489,hsa-miR-124-3p,hsa,CCDC71,64925.0,hsa,Microarray,Functional MTI (Weak),18668037.0
MIRT022490,hsa-miR-124-3p,hsa,C6orf89,221477.0,hsa,Microarray,Functional MTI (Weak),18668037.0
MIRT022491,hsa-miR-124-3p,hsa,SLC2A4RG,56731.0,hsa,Microarray,Functional MTI (Weak),18668037.0
MIRT022492,hsa-miR-124-3p,hsa,PHF21B,112885.0,hsa,Microarray,Functional MTI (Weak),18668037.0
MIRT022493,hsa-miR-124-3p,hsa,EOGT,285203.0,hsa,Microarray,Functional MTI (Weak),18668037.0
MIRT022494,hsa-miR-124-3p,hsa,FRMD3,257019.0,hsa,Microarray,Functional MTI (Weak),18668037.0
MIRT022495,hsa-miR-124-3p,hsa,ROR1,4919.0,hsa,Microarray,Functional MTI (Weak),18668037.0
MIRT022496,hsa-miR-124-3p,hsa,STX18,53407.0,hsa,Microarray,Functional MTI (Weak),18668037.0
MIRT022497,hsa-miR-124-3p,hsa,FAM76A,199870.0,hsa,Microarray,Functional MTI (Weak),18668037.0
MIRT022498,hsa-miR-124-3p,hsa,DZIP1,22873.0,hsa,Microarray,Functional MTI (Weak),18668037.0
MIRT022499,hsa-miR-124-3p,hsa,PTP4A1,7803.0,hsa,Microarray,Functional MTI (Weak),18668037.0
MIRT022500,hsa-miR-124-3p,hsa,ABCC3,8714.0,hsa,Microarray,Functional MTI (Weak),18668037.0
MIRT022502,hsa-miR-124-3p,hsa,FXR1,8087.0,hsa,Proteomics,Functional MTI (Weak),18668037.0
MIRT022503,hsa-miR-124-3p,hsa,NKAP,79576.0,hsa,Microarray,Functional MTI (Weak),18668037.0
MIRT022504,hsa-miR-124-3p,hsa,BTC,685.0,hsa,Microarray,Functional MTI (Weak),18668037.0
MIRT022505,hsa-miR-124-3p,hsa,FMOD,2331.0,hsa,Microarray,Functional MTI (Weak),18668037.0
MIRT022506,hsa-miR-124-3p,hsa,NRG1,3084.0,hsa,Microarray,Functional MTI (Weak),18668037.0
MIRT022507,hsa-miR-124-3p,hsa,BCL6,604.0,hsa,Microarray,Functional MTI (Weak),18668037.0
MIRT022509,hsa-miR-124-3p,hsa,SHPK,23729.0,hsa,Microarray,Functional MTI (Weak),18668037.0
MIRT022511,hsa-miR-124-3p,hsa,TOMM34,10953.0,hsa,Microarray,Functional MTI (Weak),18668037.0
MIRT022512,hsa-miR-124-3p,hsa,IQCE,23288.0,hsa,Microarray,Functional MTI (Weak),18668037.0
MIRT022513,hsa-miR-124-3p,hsa,SLC26A2,1836.0,hsa,Microarray,Functional MTI (Weak),18668037.0
MIRT022514,hsa-miR-124-3p,hsa,FAM199X,139231.0,hsa,Microarray,Functional MTI (Weak),18668037.0
MIRT022515,hsa-miR-124-3p,hsa,THAP2,83591.0,hsa,Microarray,Functional MTI (Weak),18668037.0
MIRT022516,hsa-miR-124-3p,hsa,SERTAD4,56256.0,hsa,Microarray,Functional MTI (Weak),18668037.0
MIRT022517,hsa-miR-124-3p,hsa,RYR3,6263.0,hsa,Microarray,Functional MTI (Weak),18668037.0
MIRT022518,hsa-miR-124-3p,hsa,PIK3C2A,5286.0,hsa,Microarray,Functional MTI (Weak),18668037.0
MIRT022519,hsa-miR-124-3p,hsa,TCOF1,6949.0,hsa,Proteomics;Microarray,Non-Functional MTI (Weak),18668037.0
MIRT022520,hsa-miR-124-3p,hsa,CHRAC1,54108.0,hsa,Proteomics;Microarray,Non-Functional MTI (Weak),18668037.0
MIRT022521,hsa-miR-124-3p,hsa,NPM3,10360.0,hsa,Proteomics;Microarray,Functional MTI (Weak),18668037.0
MIRT022522,hsa-miR-124-3p,hsa,CD2BP2,10421.0,hsa,Proteomics;Microarray,Non-Functional MTI (Weak),18668037.0
MIRT022523,hsa-miR-124-3p,hsa,TOPBP1,11073.0,hsa,Proteomics;Microarray,Functional MTI (Weak),18668037.0
MIRT022524,hsa-miR-124-3p,hsa,TTLL3,26140.0,hsa,Proteomics;Microarray,Non-Functional MTI (Weak),18668037.0
MIRT022525,hsa-miR-124-3p,hsa,SYNE1,23345.0,hsa,Proteomics;Microarray,Functional MTI (Weak),18668037.0
MIRT022526,hsa-miR-124-3p,hsa,DSG2,1829.0,hsa,Proteomics;Microarray,Functional MTI (Weak),18668037.0
MIRT022527,hsa-miR-124-3p,hsa,RBPJ,3516.0,hsa,Proteomics;Microarray,Non-Functional MTI (Weak),18668037.0
MIRT001831,hsa-miR-124-3p,hsa,SURF4,6836.0,hsa,qRT-PCR;Other,Functional MTI (Weak),16549876.0
MIRT002620,hsa-miR-124-3p,hsa,TNFRSF21,27242.0,hsa,Microarray,Functional MTI (Weak),18668037.0
MIRT002620,hsa-miR-124-3p,hsa,TNFRSF21,27242.0,hsa,Microarray,Functional MTI (Weak),15685193.0
MIRT002660,hsa-miR-124-3p,hsa,SP1,6667.0,hsa,Microarray,Functional MTI (Weak),15685193.0
MIRT002660,hsa-miR-124-3p,hsa,SP1,6667.0,hsa,Proteomics;Microarray,Functional MTI (Weak),18668037.0
MIRT003051,hsa-miR-124-3p,hsa,RDH10,157506.0,hsa,Microarray,Functional MTI (Weak),18668037.0
MIRT003051,hsa-miR-124-3p,hsa,RDH10,157506.0,hsa,Reporter assay,Functional MTI (Weak),17724173.0
MIRT004895,hsa-miR-124-3p,hsa,SMCO4,56935.0,hsa,Microarray,Functional MTI (Weak),15685193.0
MIRT022528,hsa-miR-124-3p,hsa,TLR3,7098.0,hsa,Microarray,Functional MTI (Weak),18668037.0
MIRT022530,hsa-miR-124-3p,hsa,RAET1E,135250.0,hsa,Microarray,Functional MTI (Weak),18668037.0
MIRT022531,hsa-miR-124-3p,hsa,HMOX1,3162.0,hsa,Microarray,Functional MTI (Weak),18668037.0
MIRT022532,hsa-miR-124-3p,hsa,KAT2A,2648.0,hsa,Microarray,Functional MTI (Weak),18668037.0
MIRT022533,hsa-miR-124-3p,hsa,SECTM1,6398.0,hsa,Microarray,Functional MTI (Weak),18668037.0
MIRT022535,hsa-miR-124-3p,hsa,C8orf33,65265.0,hsa,Microarray,Functional MTI (Weak),18668037.0
MIRT022536,hsa-miR-124-3p,hsa,MAPK11,5600.0,hsa,Microarray,Functional MTI (Weak),18668037.0
MIRT022537,hsa-miR-124-3p,hsa,TIMP3,7078.0,hsa,Microarray,Functional MTI (Weak),18668037.0
MIRT022538,hsa-miR-124-3p,hsa,RIBC2,26150.0,hsa,Microarray,Functional MTI (Weak),18668037.0
MIRT022539,hsa-miR-124-3p,hsa,PRB2,653247.0,hsa,Microarray,Functional MTI (Weak),18668037.0
MIRT022540,hsa-miR-124-3p,hsa,HSD17B2,3294.0,hsa,Microarray,Functional MTI (Weak),18668037.0
MIRT002572,hsa-miR-124-3p,hsa,G3BP1,10146.0,hsa,Microarray,Functional MTI (Weak),15685193.0
MIRT022541,hsa-miR-124-3p,hsa,TUBE1,51175.0,hsa,Microarray,Functional MTI (Weak),18668037.0
MIRT022542,hsa-miR-124-3p,hsa,PTGS2,5743.0,hsa,Microarray,Functional MTI (Weak),18668037.0
MIRT022543,hsa-miR-124-3p,hsa,LOXL4,84171.0,hsa,Microarray,Functional MTI (Weak),18668037.0
MIRT022544,hsa-miR-124-3p,hsa,POP5,51367.0,hsa,Proteomics,Functional MTI (Weak),18668037.0
MIRT022545,hsa-miR-124-3p,hsa,SSNA1,8636.0,hsa,Microarray,Functional MTI (Weak),18668037.0
MIRT022546,hsa-miR-124-3p,hsa,ID1,3397.0,hsa,Microarray,Functional MTI (Weak),18668037.0
MIRT022547,hsa-miR-124-3p,hsa,MYH7B,57644.0,hsa,Microarray,Functional MTI (Weak),18668037.0
MIRT022548,hsa-miR-124-3p,hsa,RHBDL2,54933.0,hsa,Microarray,Functional MTI (Weak),18668037.0
MIRT022550,hsa-miR-124-3p,hsa,YKT6,10652.0,hsa,Microarray,Functional MTI (Weak),18668037.0
MIRT022551,hsa-miR-124-3p,hsa,PLA2G4A,5321.0,hsa,Microarray,Functional MTI (Weak),18668037.0
MIRT022552,hsa-miR-124-3p,hsa,FBXL18,80028.0,hsa,Microarray,Functional MTI (Weak),18668037.0
MIRT022553,hsa-miR-124-3p,hsa,NT5C1B,93034.0,hsa,Microarray,Functional MTI (Weak),18668037.0
MIRT022554,hsa-miR-124-3p,hsa,TBX2,6909.0,hsa,Microarray,Functional MTI (Weak),18668037.0
MIRT022555,hsa-miR-124-3p,hsa,MBD6,114785.0,hsa,Microarray,Functional MTI (Weak),18668037.0
MIRT022556,hsa-miR-124-3p,hsa,SLC38A2,54407.0,hsa,Microarray,Functional MTI (Weak),18668037.0
MIRT022557,hsa-miR-124-3p,hsa,CSGALNACT1,55790.0,hsa,Microarray,Functional MTI (Weak),18668037.0
MIRT022558,hsa-miR-124-3p,hsa,CD86,942.0,hsa,Microarray,Functional MTI (Weak),18668037.0
MIRT022559,hsa-miR-124-3p,hsa,HAUS6,54801.0,hsa,Microarray,Functional MTI (Weak),18668037.0
MIRT022560,hsa-miR-124-3p,hsa,LDLRAD4,753.0,hsa,Microarray,Functional MTI (Weak),18668037.0
MIRT022561,hsa-miR-124-3p,hsa,TSPAN6,7105.0,hsa,Microarray,Functional MTI (Weak),18668037.0
MIRT022562,hsa-miR-124-3p,hsa,COL4A4,1286.0,hsa,Microarray,Functional MTI (Weak),18668037.0
MIRT022563,hsa-miR-124-3p,hsa,CNKSR3,154043.0,hsa,Microarray,Functional MTI (Weak),18668037.0
MIRT022564,hsa-miR-124-3p,hsa,SLC25A36,55186.0,hsa,Microarray,Functional MTI (Weak),18668037.0
MIRT022565,hsa-miR-124-3p,hsa,TGOLN2,10618.0,hsa,Microarray,Functional MTI (Weak),18668037.0
MIRT022566,hsa-miR-124-3p,hsa,CMTM4,146223.0,hsa,Microarray,Functional MTI (Weak),18668037.0
MIRT022567,hsa-miR-124-3p,hsa,RAB11FIP5,26056.0,hsa,Microarray,Functional MTI (Weak),18668037.0
MIRT022568,hsa-miR-124-3p,hsa,LRRC8C,84230.0,hsa,Microarray,Functional MTI (Weak),18668037.0
MIRT022569,hsa-miR-124-3p,hsa,ACADVL,37.0,hsa,Microarray,Functional MTI (Weak),18668037.0
MIRT022570,hsa-miR-124-3p,hsa,BCAP29,55973.0,hsa,Microarray,Functional MTI (Weak),18668037.0
MIRT022571,hsa-miR-124-3p,hsa,FRMD6,122786.0,hsa,Microarray,Functional MTI (Weak),18668037.0
MIRT022572,hsa-miR-124-3p,hsa,NXN,64359.0,hsa,Microarray,Functional MTI (Weak),18668037.0
MIRT022573,hsa-miR-124-3p,hsa,PTPN11,5781.0,hsa,Microarray,Functional MTI (Weak),18668037.0
MIRT022574,hsa-miR-124-3p,hsa,FBXO17,115290.0,hsa,Microarray,Functional MTI (Weak),18668037.0
MIRT022575,hsa-miR-124-3p,hsa,SNTA1,6640.0,hsa,Microarray,Functional MTI (Weak),18668037.0
MIRT022576,hsa-miR-124-3p,hsa,ZMPSTE24,10269.0,hsa,Microarray,Functional MTI (Weak),18668037.0
MIRT022577,hsa-miR-124-3p,hsa,SLC9A9,285195.0,hsa,Microarray,Functional MTI (Weak),18668037.0
MIRT002600,hsa-miR-124-3p,hsa,SMAD5,4090.0,hsa,Microarray,Functional MTI (Weak),15685193.0
MIRT022578,hsa-miR-124-3p,hsa,NRP1,8829.0,hsa,Microarray,Functional MTI (Weak),18668037.0
MIRT022579,hsa-miR-124-3p,hsa,SNX16,64089.0,hsa,Microarray,Functional MTI (Weak),18668037.0
MIRT022580,hsa-miR-124-3p,hsa,AK3,50808.0,hsa,Microarray,Functional MTI (Weak),18668037.0
MIRT022581,hsa-miR-124-3p,hsa,ANKS6,203286.0,hsa,Microarray,Functional MTI (Weak),18668037.0
MIRT022582,hsa-miR-124-3p,hsa,RRP15,51018.0,hsa,Microarray,Functional MTI (Weak),18668037.0
MIRT022583,hsa-miR-124-3p,hsa,WASF2,10163.0,hsa,Microarray,Functional MTI (Weak),18668037.0
MIRT022584,hsa-miR-124-3p,hsa,DENND6A,201627.0,hsa,Microarray,Functional MTI (Weak),18668037.0
MIRT004886,hsa-miR-124-3p,hsa,SLC50A1,55974.0,hsa,Microarray,Functional MTI (Weak),18668037.0
MIRT022585,hsa-miR-124-3p,hsa,RBM24,221662.0,hsa,Microarray,Functional MTI (Weak),18668037.0
MIRT022586,hsa-miR-124-3p,hsa,RNFT1,51136.0,hsa,Microarray,Functional MTI (Weak),18668037.0
MIRT022587,hsa-miR-124-3p,hsa,COL1A1,1277.0,hsa,Proteomics;Microarray,Functional MTI (Weak),18668037.0
MIRT022588,hsa-miR-124-3p,hsa,MOGS,7841.0,hsa,Proteomics;Microarray,Functional MTI (Weak),18668037.0
MIRT022589,hsa-miR-124-3p,hsa,KANK2,25959.0,hsa,Proteomics;Microarray,Functional MTI (Weak),18668037.0
MIRT022590,hsa-miR-124-3p,hsa,SNRPF,6636.0,hsa,Proteomics;Microarray,Non-Functional MTI (Weak),18668037.0
MIRT022591,hsa-miR-124-3p,hsa,PARN,5073.0,hsa,Proteomics;Microarray,Functional MTI (Weak),18668037.0
MIRT022592,hsa-miR-124-3p,hsa,TIMM13,26517.0,hsa,Proteomics;Microarray,Functional MTI (Weak),18668037.0
MIRT022593,hsa-miR-124-3p,hsa,MUC1,4582.0,hsa,Proteomics;Microarray,Functional MTI (Weak),18668037.0
MIRT022594,hsa-miR-124-3p,hsa,PRPH,5630.0,hsa,Proteomics;Microarray,Functional MTI (Weak),18668037.0
MIRT022595,hsa-miR-124-3p,hsa,CDKN2AIP,55602.0,hsa,Proteomics;Microarray,Non-Functional MTI (Weak),18668037.0
MIRT002570,hsa-miR-124-3p,hsa,MAD2L2,10459.0,hsa,Microarray,Functional MTI (Weak),18668037.0
MIRT002570,hsa-miR-124-3p,hsa,MAD2L2,10459.0,hsa,Microarray,Functional MTI (Weak),15685193.0
MIRT022596,hsa-miR-124-3p,hsa,PHC2,1912.0,hsa,Proteomics;Microarray,Functional MTI (Weak),18668037.0
MIRT022597,hsa-miR-124-3p,hsa,DCUN1D5,84259.0,hsa,Proteomics;Microarray,Functional MTI (Weak),18668037.0
MIRT002635,hsa-miR-124-3p,hsa,NEK9,91754.0,hsa,Microarray,Functional MTI (Weak),18668037.0
MIRT004903,hsa-miR-124-3p,hsa,RBM47,54502.0,hsa,Microarray,Functional MTI (Weak),18668037.0
MIRT022598,hsa-miR-124-3p,hsa,ANAPC7,51434.0,hsa,Proteomics;Microarray,Functional MTI (Weak),18668037.0
MIRT002635,hsa-miR-124-3p,hsa,NEK9,91754.0,hsa,Microarray,Functional MTI (Weak),15685193.0
MIRT002637,hsa-miR-124-3p,hsa,ANKRD27,84079.0,hsa,Microarray,Functional MTI (Weak),18668037.0
MIRT002637,hsa-miR-124-3p,hsa,ANKRD27,84079.0,hsa,Microarray,Functional MTI (Weak),15685193.0
MIRT002698,hsa-miR-124-3p,hsa,ABHD5,51099.0,hsa,Microarray,Functional MTI (Weak),18668037.0
MIRT002698,hsa-miR-124-3p,hsa,ABHD5,51099.0,hsa,Microarray,Functional MTI (Weak),15685193.0
MIRT002674,hsa-miR-124-3p,hsa,ZBED3,84327.0,hsa,Microarray,Functional MTI (Weak),18668037.0
MIRT002674,hsa-miR-124-3p,hsa,ZBED3,84327.0,hsa,Microarray,Functional MTI (Weak),15685193.0
MIRT002703,hsa-miR-124-3p,hsa,FCHO2,115548.0,hsa,Microarray,Functional MTI (Weak),18668037.0
MIRT002703,hsa-miR-124-3p,hsa,FCHO2,115548.0,hsa,Microarray,Functional MTI (Weak),15685193.0
MIRT002583,hsa-miR-124-3p,hsa,CDCA7,83879.0,hsa,Microarray,Functional MTI (Weak),15685193.0
MIRT002583,hsa-miR-124-3p,hsa,CDCA7,83879.0,hsa,Microarray,Functional MTI (Weak),18668037.0
MIRT002699,hsa-miR-124-3p,hsa,RNPEPL1,57140.0,hsa,Microarray,Functional MTI (Weak),18668037.0
MIRT002699,hsa-miR-124-3p,hsa,RNPEPL1,57140.0,hsa,Microarray,Functional MTI (Weak),15685193.0
MIRT002701,hsa-miR-124-3p,hsa,TEAD1,7003.0,hsa,Proteomics;Microarray,Functional MTI (Weak),18668037.0
MIRT001832,hsa-miR-124-3p,hsa,ELOVL5,60481.0,hsa,qRT-PCR;Other,Functional MTI (Weak),16549876.0
MIRT002701,hsa-miR-124-3p,hsa,TEAD1,7003.0,hsa,Microarray,Functional MTI (Weak),15685193.0
MIRT022600,hsa-miR-124-3p,hsa,SGSM3,27352.0,hsa,Microarray,Functional MTI (Weak),18668037.0
MIRT022601,hsa-miR-124-3p,hsa,SPATA9,83890.0,hsa,Microarray,Functional MTI (Weak),18668037.0
MIRT022603,hsa-miR-124-3p,hsa,MFSD10,10227.0,hsa,Microarray,Functional MTI (Weak),18668037.0
MIRT022604,hsa-miR-124-3p,hsa,IFI44L,10964.0,hsa,Microarray,Functional MTI (Weak),18668037.0
MIRT022605,hsa-miR-124-3p,hsa,COL6A2,1292.0,hsa,Microarray,Functional MTI (Weak),18668037.0
MIRT004908,hsa-miR-124-3p,hsa,TSKU,25987.0,hsa,Microarray,Functional MTI (Weak),15685193.0
MIRT022607,hsa-miR-124-3p,hsa,PRKAG1,5571.0,hsa,Microarray,Functional MTI (Weak),18668037.0
MIRT022609,hsa-miR-124-3p,hsa,SLC39A11,201266.0,hsa,Microarray,Functional MTI (Weak),18668037.0
MIRT022610,hsa-miR-124-3p,hsa,MTCH1,23787.0,hsa,Microarray,Functional MTI (Weak),18668037.0
MIRT022611,hsa-miR-124-3p,hsa,HOXA3,3200.0,hsa,Microarray,Functional MTI (Weak),18668037.0
MIRT022612,hsa-miR-124-3p,hsa,CHST6,4166.0,hsa,Microarray,Functional MTI (Weak),18668037.0
MIRT022613,hsa-miR-124-3p,hsa,RAB32,10981.0,hsa,Microarray,Functional MTI (Weak),18668037.0
MIRT022614,hsa-miR-124-3p,hsa,ZNF549,256051.0,hsa,Microarray,Functional MTI (Weak),18668037.0
MIRT022615,hsa-miR-124-3p,hsa,ANKRD42,338699.0,hsa,Microarray,Functional MTI (Weak),18668037.0
MIRT022616,hsa-miR-124-3p,hsa,DOK7,285489.0,hsa,Microarray,Functional MTI (Weak),18668037.0
MIRT022617,hsa-miR-124-3p,hsa,TGM1,7051.0,hsa,Microarray,Functional MTI (Weak),18668037.0
MIRT022618,hsa-miR-124-3p,hsa,MMP26,56547.0,hsa,Microarray,Functional MTI (Weak),18668037.0
MIRT022619,hsa-miR-124-3p,hsa,CABLES1,91768.0,hsa,Microarray,Functional MTI (Weak),18668037.0
MIRT002724,hsa-miR-124-3p,hsa,SHC3,53358.0,hsa,Microarray,Functional MTI (Weak),15685193.0
MIRT022620,hsa-miR-124-3p,hsa,FAM83D,81610.0,hsa,Microarray,Functional MTI (Weak),18668037.0
MIRT022621,hsa-miR-124-3p,hsa,PTP4A2,8073.0,hsa,Microarray,Functional MTI (Weak),18668037.0
MIRT002722,hsa-miR-124-3p,hsa,CDCA7L,55536.0,hsa,Proteomics,Functional MTI (Weak),18668037.0
MIRT022622,hsa-miR-124-3p,hsa,ETNPPL,64850.0,hsa,Microarray,Functional MTI (Weak),18668037.0
MIRT022623,hsa-miR-124-3p,hsa,MAPKAPK3,7867.0,hsa,Microarray,Functional MTI (Weak),18668037.0
MIRT022624,hsa-miR-124-3p,hsa,CPM,1368.0,hsa,Microarray,Functional MTI (Weak),18668037.0
MIRT022625,hsa-miR-124-3p,hsa,PEMT,10400.0,hsa,Microarray,Functional MTI (Weak),18668037.0
MIRT022626,hsa-miR-124-3p,hsa,SKIL,6498.0,hsa,Microarray,Functional MTI (Weak),18668037.0
MIRT022627,hsa-miR-124-3p,hsa,DAPK1,1612.0,hsa,Microarray,Functional MTI (Weak),18668037.0
MIRT022628,hsa-miR-124-3p,hsa,MXD4,10608.0,hsa,Microarray,Functional MTI (Weak),18668037.0
MIRT022629,hsa-miR-124-3p,hsa,DBNL,28988.0,hsa,Microarray,Functional MTI (Weak),18668037.0
MIRT022630,hsa-miR-124-3p,hsa,ABHD4,63874.0,hsa,Microarray,Functional MTI (Weak),18668037.0
MIRT022631,hsa-miR-124-3p,hsa,GALNT3,2591.0,hsa,Microarray,Functional MTI (Weak),18668037.0
MIRT022632,hsa-miR-124-3p,hsa,TMED10,10972.0,hsa,Microarray,Functional MTI (Weak),18668037.0
MIRT022633,hsa-miR-124-3p,hsa,ANKS1B,56899.0,hsa,Microarray,Functional MTI (Weak),18668037.0
MIRT022635,hsa-miR-124-3p,hsa,HSPB7,27129.0,hsa,Microarray,Functional MTI (Weak),18668037.0
MIRT022636,hsa-miR-124-3p,hsa,SLC25A39,51629.0,hsa,Microarray,Functional MTI (Weak),18668037.0
MIRT022637,hsa-miR-124-3p,hsa,SNX7,51375.0,hsa,Microarray,Functional MTI (Weak),18668037.0
MIRT022638,hsa-miR-124-3p,hsa,SLC29A1,2030.0,hsa,Microarray,Functional MTI (Weak),18668037.0
MIRT022639,hsa-miR-124-3p,hsa,MKLN1,4289.0,hsa,Microarray,Functional MTI (Weak),18668037.0
MIRT022640,hsa-miR-124-3p,hsa,ATRIP,84126.0,hsa,Microarray,Functional MTI (Weak),18668037.0
MIRT022641,hsa-miR-124-3p,hsa,MVB12A,93343.0,hsa,Microarray,Functional MTI (Weak),18668037.0
MIRT022642,hsa-miR-124-3p,hsa,IMPACT,55364.0,hsa,Microarray,Functional MTI (Weak),18668037.0
MIRT022643,hsa-miR-124-3p,hsa,FAM133A,286499.0,hsa,Microarray,Functional MTI (Weak),18668037.0
MIRT022644,hsa-miR-124-3p,hsa,NR4A3,8013.0,hsa,Microarray,Functional MTI (Weak),18668037.0
MIRT022645,hsa-miR-124-3p,hsa,CYP2U1,113612.0,hsa,Microarray,Functional MTI (Weak),18668037.0
MIRT022646,hsa-miR-124-3p,hsa,DHRS1,115817.0,hsa,Microarray,Functional MTI (Weak),18668037.0
MIRT022647,hsa-miR-124-3p,hsa,MSRA,4482.0,hsa,Microarray,Functional MTI (Weak),18668037.0
MIRT022648,hsa-miR-124-3p,hsa,POC1B,282809.0,hsa,Microarray,Functional MTI (Weak),18668037.0
MIRT022649,hsa-miR-124-3p,hsa,UMPS,7372.0,hsa,Microarray,Functional MTI (Weak),18668037.0
MIRT022650,hsa-miR-124-3p,hsa,GRM1,2911.0,hsa,Microarray,Functional MTI (Weak),18668037.0
MIRT022651,hsa-miR-124-3p,hsa,GIT2,9815.0,hsa,Microarray,Functional MTI (Weak),18668037.0
MIRT022652,hsa-miR-124-3p,hsa,TP53INP1,94241.0,hsa,Microarray,Functional MTI (Weak),18668037.0
MIRT022653,hsa-miR-124-3p,hsa,EGR2,1959.0,hsa,Microarray,Functional MTI (Weak),18668037.0
MIRT002649,hsa-miR-124-3p,hsa,IFRD2,7866.0,hsa,Microarray,Functional MTI (Weak),18668037.0
MIRT022654,hsa-miR-124-3p,hsa,KRI1,65095.0,hsa,Proteomics;Microarray,Functional MTI (Weak),18668037.0
MIRT022655,hsa-miR-124-3p,hsa,MISP,126353.0,hsa,Proteomics;Microarray,Non-Functional MTI (Weak),18668037.0
MIRT022656,hsa-miR-124-3p,hsa,ALDOB,229.0,hsa,Proteomics;Microarray,Non-Functional MTI (Weak),18668037.0
MIRT002659,hsa-miR-124-3p,hsa,RHOV,171177.0,hsa,Microarray,Functional MTI (Weak),18668037.0
MIRT002646,hsa-miR-124-3p,hsa,SERPINB6,5269.0,hsa,Microarray,Functional MTI (Weak),18668037.0
MIRT002646,hsa-miR-124-3p,hsa,SERPINB6,5269.0,hsa,Microarray,Functional MTI (Weak),15685193.0
MIRT002659,hsa-miR-124-3p,hsa,RHOV,171177.0,hsa,Microarray,Functional MTI (Weak),15685193.0
MIRT022657,hsa-miR-124-3p,hsa,IFI16,3428.0,hsa,Proteomics;Microarray,Non-Functional MTI (Weak),18668037.0
MIRT022658,hsa-miR-124-3p,hsa,RAVER1,125950.0,hsa,Proteomics;Microarray,Functional MTI (Weak),18668037.0
MIRT022659,hsa-miR-124-3p,hsa,DCTN3,11258.0,hsa,Proteomics;Microarray,Functional MTI (Weak),18668037.0
MIRT002611,hsa-miR-124-3p,hsa,NEK6,10783.0,hsa,Microarray;Other,Functional MTI (Weak),15685193.0
MIRT004926,hsa-miR-124-3p,hsa,CLDND1,56650.0,hsa,Microarray,Functional MTI (Weak),18668037.0
MIRT002615,hsa-miR-124-3p,hsa,DEPDC1,55635.0,hsa,Microarray,Functional MTI (Weak),15685193.0
MIRT022660,hsa-miR-124-3p,hsa,QKI,9444.0,hsa,Proteomics;Microarray,Functional MTI (Weak),18668037.0
MIRT002615,hsa-miR-124-3p,hsa,DEPDC1,55635.0,hsa,Microarray,Functional MTI (Weak),18668037.0
MIRT002575,hsa-miR-124-3p,hsa,CPNE3,8895.0,hsa,Microarray;Other,Functional MTI (Weak),15685193.0
MIRT002721,hsa-miR-124-3p,hsa,DNAJC1,64215.0,hsa,Microarray,Functional MTI (Weak),15685193.0
MIRT002721,hsa-miR-124-3p,hsa,DNAJC1,64215.0,hsa,Microarray,Functional MTI (Weak),18668037.0
MIRT004930,hsa-miR-124-3p,hsa,KANK1,23189.0,hsa,Microarray,Functional MTI (Weak),18668037.0
MIRT004930,hsa-miR-124-3p,hsa,KANK1,23189.0,hsa,Microarray,Functional MTI (Weak),15685193.0
MIRT002563,hsa-miR-124-3p,hsa,CDC14B,8555.0,hsa,Microarray,Functional MTI (Weak),15685193.0
MIRT002563,hsa-miR-124-3p,hsa,CDC14B,8555.0,hsa,Microarray,Functional MTI (Weak),18668037.0
MIRT002613,hsa-miR-124-3p,hsa,CTDSP2,10106.0,hsa,Microarray,Functional MTI (Weak),15685193.0
MIRT002613,hsa-miR-124-3p,hsa,CTDSP2,10106.0,hsa,Microarray,Functional MTI (Weak),18668037.0
MIRT004724,hsa-miR-124-3p,hsa,VIM,7431.0,hsa,Proteomics;Microarray,Functional MTI (Weak),18668037.0
MIRT002619,hsa-miR-124-3p,hsa,RASSF5,83593.0,hsa,Microarray,Functional MTI (Weak),15685193.0
MIRT002619,hsa-miR-124-3p,hsa,RASSF5,83593.0,hsa,Microarray,Functional MTI (Weak),18668037.0
MIRT002731,hsa-miR-124-3p,hsa,ITGB1,3688.0,hsa,Microarray,Functional MTI (Weak),15685193.0
MIRT002731,hsa-miR-124-3p,hsa,ITGB1,3688.0,hsa,Microarray,Functional MTI (Weak),18668037.0
MIRT002569,hsa-miR-124-3p,hsa,TARBP1,6894.0,hsa,Microarray,Functional MTI (Weak),18668037.0
MIRT002569,hsa-miR-124-3p,hsa,TARBP1,6894.0,hsa,Microarray,Functional MTI (Weak),15685193.0
MIRT002565,hsa-miR-124-3p,hsa,PARP16,54956.0,hsa,Microarray,Functional MTI (Weak),18668037.0
MIRT002565,hsa-miR-124-3p,hsa,PARP16,54956.0,hsa,Microarray,Functional MTI (Weak),15685193.0
MIRT001834,hsa-miR-124-3p,hsa,MTPN,136319.0,hsa,Reporter assay,Functional MTI (Weak),15806104.0
MIRT002665,hsa-miR-124-3p,hsa,SLC16A1,6566.0,hsa,Microarray,Functional MTI (Weak),18668037.0
MIRT002665,hsa-miR-124-3p,hsa,SLC16A1,6566.0,hsa,Reporter assay;Western blot;qRT-PCR,Functional MTI,19427019.0
MIRT022661,hsa-miR-124-3p,hsa,DDIT4,54541.0,hsa,Microarray,Functional MTI (Weak),18668037.0
MIRT022662,hsa-miR-124-3p,hsa,TGFB1I1,7041.0,hsa,Microarray,Functional MTI (Weak),18668037.0
MIRT002665,hsa-miR-124-3p,hsa,SLC16A1,6566.0,hsa,qRT-PCR,Functional MTI (Weak),16549876.0
MIRT022664,hsa-miR-124-3p,hsa,ZNF655,79027.0,hsa,Microarray,Functional MTI (Weak),18668037.0
MIRT022665,hsa-miR-124-3p,hsa,C1orf122,127687.0,hsa,Microarray,Functional MTI (Weak),18668037.0
MIRT022666,hsa-miR-124-3p,hsa,NTF4,4909.0,hsa,Microarray,Functional MTI (Weak),18668037.0
MIRT022667,hsa-miR-124-3p,hsa,CCDC142,84865.0,hsa,Microarray,Functional MTI (Weak),18668037.0
MIRT022668,hsa-miR-124-3p,hsa,DCC,1630.0,hsa,Microarray,Functional MTI (Weak),18668037.0
MIRT022669,hsa-miR-124-3p,hsa,ZNF395,55893.0,hsa,Microarray,Functional MTI (Weak),18668037.0
MIRT022670,hsa-miR-124-3p,hsa,EVI2A,2123.0,hsa,Microarray,Functional MTI (Weak),18668037.0
MIRT022672,hsa-miR-124-3p,hsa,PDSS1,23590.0,hsa,Microarray,Functional MTI (Weak),18668037.0
MIRT022673,hsa-miR-124-3p,hsa,NSUN7,79730.0,hsa,Microarray,Functional MTI (Weak),18668037.0
MIRT022675,hsa-miR-124-3p,hsa,PGGT1B,5229.0,hsa,Microarray,Functional MTI (Weak),18668037.0
MIRT022676,hsa-miR-124-3p,hsa,RSAD1,55316.0,hsa,Microarray,Functional MTI (Weak),18668037.0
MIRT022677,hsa-miR-124-3p,hsa,BABAM1,29086.0,hsa,Microarray,Functional MTI (Weak),18668037.0
MIRT022678,hsa-miR-124-3p,hsa,ABCG8,64241.0,hsa,Microarray,Functional MTI (Weak),18668037.0
MIRT022679,hsa-miR-124-3p,hsa,COL8A2,1296.0,hsa,Microarray,Functional MTI (Weak),18668037.0
MIRT004120,hsa-miR-124-3p,hsa,SEC11A,23478.0,hsa,Microarray,Functional MTI (Weak),15685193.0
MIRT022680,hsa-miR-124-3p,hsa,TSR2,90121.0,hsa,Microarray,Functional MTI (Weak),18668037.0
MIRT022681,hsa-miR-124-3p,hsa,TRIM65,201292.0,hsa,Microarray,Functional MTI (Weak),18668037.0
MIRT022682,hsa-miR-124-3p,hsa,CTHRC1,115908.0,hsa,Microarray,Functional MTI (Weak),18668037.0
MIRT022684,hsa-miR-124-3p,hsa,OASL,8638.0,hsa,Microarray,Functional MTI (Weak),18668037.0
MIRT022686,hsa-miR-124-3p,hsa,USP5,8078.0,hsa,Microarray,Functional MTI (Weak),18668037.0
MIRT022687,hsa-miR-124-3p,hsa,IFIT3,3437.0,hsa,Microarray,Functional MTI (Weak),18668037.0
MIRT022688,hsa-miR-124-3p,hsa,ITPRIP,85450.0,hsa,Microarray,Functional MTI (Weak),18668037.0
MIRT022689,hsa-miR-124-3p,hsa,VIT,5212.0,hsa,Microarray,Functional MTI (Weak),18668037.0
MIRT022690,hsa-miR-124-3p,hsa,TUBB2B,347733.0,hsa,Microarray,Functional MTI (Weak),18668037.0
MIRT022691,hsa-miR-124-3p,hsa,IGFBP4,3487.0,hsa,Microarray,Functional MTI (Weak),18668037.0
MIRT022692,hsa-miR-124-3p,hsa,C1orf198,84886.0,hsa,Microarray,Functional MTI (Weak),18668037.0
MIRT022693,hsa-miR-124-3p,hsa,CDV3,55573.0,hsa,Microarray,Functional MTI (Weak),18668037.0
MIRT022695,hsa-miR-124-3p,hsa,FECH,2235.0,hsa,Microarray,Functional MTI (Weak),18668037.0
MIRT022696,hsa-miR-124-3p,hsa,VAMP8,8673.0,hsa,Microarray,Functional MTI (Weak),18668037.0
MIRT022697,hsa-miR-124-3p,hsa,FNDC3B,64778.0,hsa,Microarray,Functional MTI (Weak),18668037.0
MIRT022698,hsa-miR-124-3p,hsa,KCNS3,3790.0,hsa,Microarray,Functional MTI (Weak),18668037.0
MIRT022699,hsa-miR-124-3p,hsa,MAP3K7CL,56911.0,hsa,Microarray,Functional MTI (Weak),18668037.0
MIRT022700,hsa-miR-124-3p,hsa,FMNL2,114793.0,hsa,Microarray,Functional MTI (Weak),18668037.0
MIRT022701,hsa-miR-124-3p,hsa,FAM89A,375061.0,hsa,Microarray,Functional MTI (Weak),18668037.0
MIRT022702,hsa-miR-124-3p,hsa,ICMT,23463.0,hsa,Microarray,Functional MTI (Weak),18668037.0
MIRT022703,hsa-miR-124-3p,hsa,GPC1,2817.0,hsa,Microarray,Functional MTI (Weak),18668037.0
MIRT022704,hsa-miR-124-3p,hsa,PRDM13,59336.0,hsa,Microarray,Functional MTI (Weak),18668037.0
MIRT022705,hsa-miR-124-3p,hsa,PNP,4860.0,hsa,Microarray,Functional MTI (Weak),18668037.0
MIRT022706,hsa-miR-124-3p,hsa,ACOT11,26027.0,hsa,Microarray,Functional MTI (Weak),18668037.0
MIRT022707,hsa-miR-124-3p,hsa,SLC35F3,148641.0,hsa,Microarray,Functional MTI (Weak),18668037.0
MIRT022708,hsa-miR-124-3p,hsa,RPP25L,138716.0,hsa,Microarray,Functional MTI (Weak),18668037.0
MIRT022709,hsa-miR-124-3p,hsa,RHBDF1,64285.0,hsa,Microarray,Functional MTI (Weak),18668037.0
MIRT022710,hsa-miR-124-3p,hsa,TXLNA,200081.0,hsa,Microarray,Functional MTI (Weak),18668037.0
MIRT022712,hsa-miR-124-3p,hsa,NUFIP2,57532.0,hsa,Microarray,Functional MTI (Weak),18668037.0
MIRT002917,hsa-miR-124-3p,hsa,E2F5,1875.0,hsa,Microarray,Functional MTI (Weak),18668037.0
MIRT022713,hsa-miR-124-3p,hsa,TMED1,11018.0,hsa,Microarray,Functional MTI (Weak),18668037.0
MIRT022714,hsa-miR-124-3p,hsa,GGA2,23062.0,hsa,Microarray,Functional MTI (Weak),18668037.0
MIRT022715,hsa-miR-124-3p,hsa,PPARA,5465.0,hsa,Microarray,Functional MTI (Weak),18668037.0
MIRT022716,hsa-miR-124-3p,hsa,TPD52L2,7165.0,hsa,Microarray,Functional MTI (Weak),18668037.0
MIRT022717,hsa-miR-124-3p,hsa,LRRC58,116064.0,hsa,Microarray,Functional MTI (Weak),18668037.0
MIRT002717,hsa-miR-124-3p,hsa,SYNGR2,9144.0,hsa,Microarray,Functional MTI (Weak),15685193.0
MIRT002717,hsa-miR-124-3p,hsa,SYNGR2,9144.0,hsa,Microarray,Functional MTI (Weak),18668037.0
MIRT022718,hsa-miR-124-3p,hsa,ANAPC4,29945.0,hsa,Proteomics;Microarray,Functional MTI (Weak),18668037.0
MIRT022719,hsa-miR-124-3p,hsa,IGFBP7,3490.0,hsa,Proteomics;Microarray,Functional MTI (Weak),18668037.0
MIRT022720,hsa-miR-124-3p,hsa,CCT3,7203.0,hsa,Proteomics;Microarray,Non-Functional MTI (Weak),18668037.0
MIRT022721,hsa-miR-124-3p,hsa,NONO,4841.0,hsa,Proteomics;Microarray,Non-Functional MTI (Weak),18668037.0
MIRT022722,hsa-miR-124-3p,hsa,THOC6,79228.0,hsa,Proteomics;Microarray,Non-Functional MTI (Weak),18668037.0
MIRT022723,hsa-miR-124-3p,hsa,CTNNB1,1499.0,hsa,Proteomics;Microarray,Functional MTI (Weak),18668037.0
MIRT022724,hsa-miR-124-3p,hsa,CLTA,1211.0,hsa,Proteomics;Microarray,Functional MTI (Weak),18668037.0
MIRT022725,hsa-miR-124-3p,hsa,TFAP4,7023.0,hsa,Proteomics;Microarray,Functional MTI (Weak),18668037.0
MIRT004546,hsa-miR-124-3p,hsa,NR3C1,2908.0,hsa,Microarray,Functional MTI (Weak),18668037.0
MIRT022726,hsa-miR-124-3p,hsa,ACTR3,10096.0,hsa,Proteomics;Microarray,Non-Functional MTI (Weak),18668037.0
MIRT022727,hsa-miR-124-3p,hsa,CHMP2B,25978.0,hsa,qRT-PCR,Non-Functional MTI (Weak),20362537.0
MIRT004042,hsa-miR-124-3p,hsa,PPP1R13L,10848.0,hsa,Microarray,Functional MTI (Weak),18668037.0
MIRT022728,hsa-miR-124-3p,hsa,EIF4E,1977.0,hsa,Proteomics;Microarray,Functional MTI (Weak),18668037.0
MIRT002614,hsa-miR-124-3p,hsa,BLOC1S6,26258.0,hsa,Microarray,Functional MTI (Weak),18668037.0
MIRT002614,hsa-miR-124-3p,hsa,BLOC1S6,26258.0,hsa,Microarray,Functional MTI (Weak),15685193.0
MIRT022729,hsa-miR-124-3p,hsa,PTBP3,9991.0,hsa,Proteomics;Microarray,Functional MTI (Weak),18668037.0
MIRT002696,hsa-miR-124-3p,hsa,ELOVL1,64834.0,hsa,Microarray,Functional MTI (Weak),18668037.0
MIRT002696,hsa-miR-124-3p,hsa,ELOVL1,64834.0,hsa,Microarray,Functional MTI (Weak),15685193.0
MIRT002675,hsa-miR-124-3p,hsa,B4GALT1,2683.0,hsa,Microarray,Functional MTI (Weak),18668037.0
MIRT022730,hsa-miR-124-3p,hsa,RPL23,9349.0,hsa,Microarray,Functional MTI (Weak),18668037.0
MIRT002675,hsa-miR-124-3p,hsa,B4GALT1,2683.0,hsa,Microarray,Functional MTI (Weak),15685193.0
MIRT022731,hsa-miR-124-3p,hsa,BCL6B,255877.0,hsa,Microarray,Functional MTI (Weak),18668037.0
MIRT022732,hsa-miR-124-3p,hsa,S100A2,6273.0,hsa,Microarray,Functional MTI (Weak),18668037.0
MIRT022734,hsa-miR-124-3p,hsa,DNAH5,1767.0,hsa,Microarray,Functional MTI (Weak),18668037.0
MIRT022735,hsa-miR-124-3p,hsa,CARD14,79092.0,hsa,Microarray,Functional MTI (Weak),18668037.0
MIRT022736,hsa-miR-124-3p,hsa,ANO6,196527.0,hsa,Microarray,Functional MTI (Weak),18668037.0
MIRT022737,hsa-miR-124-3p,hsa,GREM1,26585.0,hsa,Microarray,Functional MTI (Weak),18668037.0
MIRT022738,hsa-miR-124-3p,hsa,TRPV3,162514.0,hsa,Microarray,Functional MTI (Weak),18668037.0
MIRT022739,hsa-miR-124-3p,hsa,NPR1,4881.0,hsa,Microarray,Functional MTI (Weak),18668037.0
MIRT022740,hsa-miR-124-3p,hsa,ANGPTL4,51129.0,hsa,Microarray,Functional MTI (Weak),18668037.0
MIRT022741,hsa-miR-124-3p,hsa,HTRA3,94031.0,hsa,Microarray,Functional MTI (Weak),18668037.0
MIRT022742,hsa-miR-124-3p,hsa,WRAP53,55135.0,hsa,Proteomics,Functional MTI (Weak),18668037.0
MIRT022743,hsa-miR-124-3p,hsa,NTHL1,4913.0,hsa,Proteomics,Functional MTI (Weak),18668037.0
MIRT022744,hsa-miR-124-3p,hsa,DPYD,1806.0,hsa,Microarray,Functional MTI (Weak),18668037.0
MIRT022745,hsa-miR-124-3p,hsa,GABBR2,9568.0,hsa,Microarray,Functional MTI (Weak),18668037.0
MIRT022747,hsa-miR-124-3p,hsa,IL27RA,9466.0,hsa,Microarray,Functional MTI (Weak),18668037.0
MIRT022748,hsa-miR-124-3p,hsa,GNRHR,2798.0,hsa,Microarray,Functional MTI (Weak),18668037.0
MIRT022749,hsa-miR-124-3p,hsa,TTC8,123016.0,hsa,Microarray,Functional MTI (Weak),18668037.0
MIRT022750,hsa-miR-124-3p,hsa,STK38L,23012.0,hsa,Microarray,Functional MTI (Weak),18668037.0
MIRT022751,hsa-miR-124-3p,hsa,TUBB4A,10382.0,hsa,Microarray,Functional MTI (Weak),18668037.0
MIRT022752,hsa-miR-124-3p,hsa,IFIT2,3433.0,hsa,Microarray,Functional MTI (Weak),18668037.0
MIRT004926,hsa-miR-124-3p,hsa,CLDND1,56650.0,hsa,Microarray,Functional MTI (Weak),15685193.0
MIRT022754,hsa-miR-124-3p,hsa,NRF1,4899.0,hsa,Microarray,Functional MTI (Weak),18668037.0
MIRT022755,hsa-miR-124-3p,hsa,EIF2AK2,5610.0,hsa,Proteomics,Functional MTI (Weak),18668037.0
MIRT022756,hsa-miR-124-3p,hsa,NID2,22795.0,hsa,Microarray,Functional MTI (Weak),18668037.0
MIRT022758,hsa-miR-124-3p,hsa,ADAMTSL5,339366.0,hsa,Microarray,Functional MTI (Weak),18668037.0
MIRT022759,hsa-miR-124-3p,hsa,SCN3A,6328.0,hsa,Microarray,Functional MTI (Weak),18668037.0
MIRT022760,hsa-miR-124-3p,hsa,NDE1,54820.0,hsa,Microarray,Functional MTI (Weak),18668037.0
MIRT022761,hsa-miR-124-3p,hsa,BEX1,55859.0,hsa,Microarray,Functional MTI (Weak),18668037.0
MIRT002581,hsa-miR-124-3p,hsa,MAPK1IP1L,93487.0,hsa,Microarray,Functional MTI (Weak),18668037.0
MIRT022762,hsa-miR-124-3p,hsa,GDA,9615.0,hsa,Microarray,Functional MTI (Weak),18668037.0
MIRT022763,hsa-miR-124-3p,hsa,PDE3B,5140.0,hsa,Microarray,Functional MTI (Weak),18668037.0
MIRT022764,hsa-miR-124-3p,hsa,RECK,8434.0,hsa,Microarray,Functional MTI (Weak),18668037.0
MIRT022765,hsa-miR-124-3p,hsa,CTNS,1497.0,hsa,Microarray,Functional MTI (Weak),18668037.0
MIRT022766,hsa-miR-124-3p,hsa,MKX,283078.0,hsa,Microarray,Functional MTI (Weak),18668037.0
MIRT022767,hsa-miR-124-3p,hsa,SGMS1,259230.0,hsa,Microarray,Functional MTI (Weak),18668037.0
MIRT022768,hsa-miR-124-3p,hsa,AKT2,208.0,hsa,Microarray,Functional MTI (Weak),18668037.0
MIRT022769,hsa-miR-124-3p,hsa,LAPTM4A,9741.0,hsa,Microarray,Functional MTI (Weak),18668037.0
MIRT022770,hsa-miR-124-3p,hsa,SLC7A1,6541.0,hsa,Microarray,Functional MTI (Weak),18668037.0
MIRT022771,hsa-miR-124-3p,hsa,ZNF548,147694.0,hsa,Microarray,Functional MTI (Weak),18668037.0
MIRT022772,hsa-miR-124-3p,hsa,NLRX1,79671.0,hsa,Microarray,Functional MTI (Weak),18668037.0
MIRT022773,hsa-miR-124-3p,hsa,ACP6,51205.0,hsa,Microarray,Functional MTI (Weak),18668037.0
MIRT022774,hsa-miR-124-3p,hsa,SDF2L1,23753.0,hsa,Microarray,Functional MTI (Weak),18668037.0
MIRT022775,hsa-miR-124-3p,hsa,DACT1,51339.0,hsa,Microarray,Functional MTI (Weak),18668037.0
MIRT022776,hsa-miR-124-3p,hsa,POGLUT1,56983.0,hsa,Microarray,Functional MTI (Weak),18668037.0
MIRT022777,hsa-miR-124-3p,hsa,AMMECR1,9949.0,hsa,Microarray,Functional MTI (Weak),18668037.0
MIRT022778,hsa-miR-124-3p,hsa,VPS4B,9525.0,hsa,Microarray,Functional MTI (Weak),18668037.0
MIRT022779,hsa-miR-124-3p,hsa,TRIP12,9320.0,hsa,Proteomics,Functional MTI (Weak),18668037.0
MIRT022780,hsa-miR-124-3p,hsa,TMEM184B,25829.0,hsa,Microarray,Functional MTI (Weak),18668037.0
MIRT022782,hsa-miR-124-3p,hsa,KIF16B,55614.0,hsa,Microarray,Functional MTI (Weak),18668037.0
MIRT022783,hsa-miR-124-3p,hsa,ITSN2,50618.0,hsa,Microarray,Functional MTI (Weak),18668037.0
MIRT022785,hsa-miR-124-3p,hsa,CCDC68,80323.0,hsa,Microarray,Functional MTI (Weak),18668037.0
MIRT022786,hsa-miR-124-3p,hsa,AKT1S1,84335.0,hsa,Microarray,Functional MTI (Weak),18668037.0
MIRT022787,hsa-miR-124-3p,hsa,PHF6,84295.0,hsa,Proteomics,Functional MTI (Weak),18668037.0
MIRT022190,hsa-miR-124-3p,hsa,RBMS1,5937.0,hsa,Microarray,Functional MTI (Weak),15685193.0
MIRT022788,hsa-miR-124-3p,hsa,MBD3,53615.0,hsa,Proteomics;Microarray,Non-Functional MTI (Weak),18668037.0
MIRT022789,hsa-miR-124-3p,hsa,FLII,2314.0,hsa,Proteomics;Microarray,Functional MTI (Weak),18668037.0
MIRT022790,hsa-miR-124-3p,hsa,CSRP1,1465.0,hsa,Proteomics;Microarray,Non-Functional MTI (Weak),18668037.0
MIRT022791,hsa-miR-124-3p,hsa,GOLGA7,51125.0,hsa,Proteomics;Microarray,Functional MTI (Weak),18668037.0
MIRT022792,hsa-miR-124-3p,hsa,DPF2,5977.0,hsa,Proteomics;Microarray,Non-Functional MTI (Weak),18668037.0
MIRT022794,hsa-miR-124-3p,hsa,RHOC,389.0,hsa,Proteomics;Microarray,Functional MTI (Weak),18668037.0
MIRT004908,hsa-miR-124-3p,hsa,TSKU,25987.0,hsa,Microarray,Functional MTI (Weak),18668037.0
MIRT022795,hsa-miR-124-3p,hsa,ABCF2,10061.0,hsa,Proteomics;Microarray,Functional MTI (Weak),18668037.0
MIRT022796,hsa-miR-124-3p,hsa,DKC1,1736.0,hsa,Proteomics;Microarray,Non-Functional MTI (Weak),18668037.0
MIRT022797,hsa-miR-124-3p,hsa,CCDC86,79080.0,hsa,Proteomics;Microarray,Non-Functional MTI (Weak),18668037.0
MIRT022798,hsa-miR-124-3p,hsa,LARP1,23367.0,hsa,Proteomics;Microarray,Functional MTI (Weak),18668037.0
MIRT004928,hsa-miR-124-3p,hsa,LDLRAP1,26119.0,hsa,Microarray,Functional MTI (Weak),18668037.0
MIRT022799,hsa-miR-124-3p,hsa,HADHA,3030.0,hsa,Proteomics;Microarray,Functional MTI (Weak),18668037.0
MIRT022800,hsa-miR-124-3p,hsa,EFHD2,79180.0,hsa,Proteomics;Microarray,Functional MTI (Weak),18668037.0
MIRT002602,hsa-miR-124-3p,hsa,RYK,6259.0,hsa,Microarray;Other,Functional MTI (Weak),15685193.0
MIRT022801,hsa-miR-124-3p,hsa,ANXA5,308.0,hsa,Proteomics;Microarray,Functional MTI (Weak),18668037.0
MIRT002606,hsa-miR-124-3p,hsa,GNG10,2790.0,hsa,Microarray,Functional MTI (Weak),18668037.0
MIRT002682,hsa-miR-124-3p,hsa,SLC25A30,253512.0,hsa,Microarray,Functional MTI (Weak),15685193.0
MIRT002682,hsa-miR-124-3p,hsa,SLC25A30,253512.0,hsa,Microarray,Functional MTI (Weak),18668037.0
MIRT002639,hsa-miR-124-3p,hsa,GSN,2934.0,hsa,Microarray,Functional MTI (Weak),18668037.0
MIRT002639,hsa-miR-124-3p,hsa,GSN,2934.0,hsa,Microarray,Functional MTI (Weak),15685193.0
MIRT002580,hsa-miR-124-3p,hsa,ELF4,2000.0,hsa,Microarray,Functional MTI (Weak),15685193.0
MIRT002580,hsa-miR-124-3p,hsa,ELF4,2000.0,hsa,Microarray,Functional MTI (Weak),18668037.0
MIRT002728,hsa-miR-124-3p,hsa,LITAF,9516.0,hsa,Microarray,Functional MTI (Weak),18668037.0
MIRT002728,hsa-miR-124-3p,hsa,LITAF,9516.0,hsa,Microarray,Functional MTI (Weak),15685193.0
MIRT002726,hsa-miR-124-3p,hsa,CERS2,29956.0,hsa,Microarray,Functional MTI (Weak),15685193.0
MIRT002726,hsa-miR-124-3p,hsa,CERS2,29956.0,hsa,Microarray,Functional MTI (Weak),18668037.0
MIRT002684,hsa-miR-124-3p,hsa,SERP1,27230.0,hsa,Microarray,Functional MTI (Weak),18668037.0
MIRT002684,hsa-miR-124-3p,hsa,SERP1,27230.0,hsa,qRT-PCR,Functional MTI (Weak),16549876.0
MIRT002684,hsa-miR-124-3p,hsa,SERP1,27230.0,hsa,Microarray,Functional MTI (Weak),15685193.0
MIRT022802,hsa-miR-124-3p,hsa,SPOCD1,90853.0,hsa,Microarray,Functional MTI (Weak),18668037.0
MIRT022803,hsa-miR-124-3p,hsa,GPX7,2882.0,hsa,Microarray,Functional MTI (Weak),18668037.0
MIRT022804,hsa-miR-124-3p,hsa,EPDR1,54749.0,hsa,Microarray,Functional MTI (Weak),18668037.0
MIRT022805,hsa-miR-124-3p,hsa,KIAA1217,56243.0,hsa,Microarray,Functional MTI (Weak),18668037.0
MIRT022806,hsa-miR-124-3p,hsa,CNNM2,54805.0,hsa,Microarray,Functional MTI (Weak),18668037.0
MIRT022807,hsa-miR-124-3p,hsa,ACTR5,79913.0,hsa,Proteomics,Functional MTI (Weak),18668037.0
MIRT022808,hsa-miR-124-3p,hsa,GCSAML,148823.0,hsa,Microarray,Functional MTI (Weak),18668037.0
MIRT022809,hsa-miR-124-3p,hsa,SLC38A5,92745.0,hsa,Microarray,Functional MTI (Weak),18668037.0
MIRT022810,hsa-miR-124-3p,hsa,DSCAML1,57453.0,hsa,Microarray,Functional MTI (Weak),18668037.0
MIRT022811,hsa-miR-124-3p,hsa,CCM2L,140706.0,hsa,Microarray,Functional MTI (Weak),18668037.0
MIRT022812,hsa-miR-124-3p,hsa,BARX1,56033.0,hsa,Microarray,Functional MTI (Weak),18668037.0
MIRT022813,hsa-miR-124-3p,hsa,THPO,7066.0,hsa,Microarray,Functional MTI (Weak),18668037.0
MIRT022814,hsa-miR-124-3p,hsa,ATG4A,115201.0,hsa,Microarray,Functional MTI (Weak),18668037.0
MIRT022815,hsa-miR-124-3p,hsa,SLC35A2,7355.0,hsa,Microarray,Functional MTI (Weak),18668037.0
MIRT022816,hsa-miR-124-3p,hsa,VASN,114990.0,hsa,Microarray,Functional MTI (Weak),18668037.0
MIRT022817,hsa-miR-124-3p,hsa,F3,2152.0,hsa,Microarray,Functional MTI (Weak),18668037.0
MIRT022818,hsa-miR-124-3p,hsa,AAMDC,28971.0,hsa,Microarray,Functional MTI (Weak),18668037.0
MIRT022819,hsa-miR-124-3p,hsa,NUPR1,26471.0,hsa,Microarray,Functional MTI (Weak),18668037.0
MIRT022820,hsa-miR-124-3p,hsa,LRRC42,115353.0,hsa,Microarray,Functional MTI (Weak),18668037.0
MIRT022821,hsa-miR-124-3p,hsa,MTUS2,23281.0,hsa,Microarray,Functional MTI (Weak),18668037.0
MIRT022822,hsa-miR-124-3p,hsa,ROBO3,64221.0,hsa,Microarray,Functional MTI (Weak),18668037.0
MIRT022823,hsa-miR-124-3p,hsa,CCNA1,8900.0,hsa,Microarray,Functional MTI (Weak),18668037.0
MIRT022824,hsa-miR-124-3p,hsa,C4BPB,725.0,hsa,Microarray,Functional MTI (Weak),18668037.0
MIRT022825,hsa-miR-124-3p,hsa,FAR1,84188.0,hsa,Microarray,Functional MTI (Weak),18668037.0
MIRT022826,hsa-miR-124-3p,hsa,CBR3,874.0,hsa,Microarray,Functional MTI (Weak),18668037.0
MIRT022827,hsa-miR-124-3p,hsa,TRPC6,7225.0,hsa,Microarray,Functional MTI (Weak),18668037.0
MIRT022828,hsa-miR-124-3p,hsa,RASSF2,9770.0,hsa,Microarray,Functional MTI (Weak),18668037.0
MIRT022830,hsa-miR-124-3p,hsa,PREB,10113.0,hsa,Microarray,Functional MTI (Weak),18668037.0
MIRT022831,hsa-miR-124-3p,hsa,SMPDL3A,10924.0,hsa,Microarray,Functional MTI (Weak),18668037.0
MIRT022832,hsa-miR-124-3p,hsa,FGFBP1,9982.0,hsa,Microarray,Functional MTI (Weak),18668037.0
MIRT022833,hsa-miR-124-3p,hsa,LRRC15,131578.0,hsa,Microarray,Functional MTI (Weak),18668037.0
MIRT022834,hsa-miR-124-3p,hsa,CCDC121,79635.0,hsa,Microarray,Functional MTI (Weak),18668037.0
MIRT022835,hsa-miR-124-3p,hsa,TMEM104,54868.0,hsa,Microarray,Functional MTI (Weak),18668037.0
MIRT022836,hsa-miR-124-3p,hsa,HRH1,3269.0,hsa,Microarray,Functional MTI (Weak),18668037.0
MIRT022837,hsa-miR-124-3p,hsa,LIMD1,8994.0,hsa,Microarray,Functional MTI (Weak),18668037.0
MIRT022838,hsa-miR-124-3p,hsa,LRRFIP2,9209.0,hsa,Microarray,Functional MTI (Weak),18668037.0
MIRT022839,hsa-miR-124-3p,hsa,RAB31,11031.0,hsa,Microarray,Functional MTI (Weak),18668037.0
MIRT022840,hsa-miR-124-3p,hsa,PLEKHG4,25894.0,hsa,Microarray,Functional MTI (Weak),18668037.0
MIRT022841,hsa-miR-124-3p,hsa,PARP9,83666.0,hsa,Microarray,Functional MTI (Weak),18668037.0
MIRT002909,hsa-miR-124-3p,hsa,PLSCR3,57048.0,hsa,Microarray,Functional MTI (Weak),18668037.0
MIRT022842,hsa-miR-124-3p,hsa,GCH1,2643.0,hsa,Microarray,Functional MTI (Weak),18668037.0
MIRT022843,hsa-miR-124-3p,hsa,SPTY2D1,144108.0,hsa,Microarray,Functional MTI (Weak),18668037.0
MIRT022844,hsa-miR-124-3p,hsa,GXYLT1,283464.0,hsa,Microarray,Functional MTI (Weak),18668037.0
MIRT022845,hsa-miR-124-3p,hsa,ZBTB6,10773.0,hsa,Microarray,Functional MTI (Weak),18668037.0
MIRT022846,hsa-miR-124-3p,hsa,FSTL1,11167.0,hsa,Microarray,Functional MTI (Weak),18668037.0
MIRT022847,hsa-miR-124-3p,hsa,RPIA,22934.0,hsa,Microarray,Functional MTI (Weak),18668037.0
MIRT004101,hsa-miR-124-3p,hsa,NAA15,80155.0,hsa,Microarray,Functional MTI (Weak),18668037.0
MIRT002921,hsa-miR-124-3p,hsa,NID1,4811.0,hsa,Microarray,Functional MTI (Weak),18668037.0
MIRT022848,hsa-miR-124-3p,hsa,LPP,4026.0,hsa,Microarray,Functional MTI (Weak),18668037.0
MIRT022849,hsa-miR-124-3p,hsa,SHMT2,6472.0,hsa,Proteomics;Microarray,Non-Functional MTI (Weak),18668037.0
MIRT022850,hsa-miR-124-3p,hsa,TUBA1A,7846.0,hsa,Microarray,Functional MTI (Weak),18668037.0
MIRT022851,hsa-miR-124-3p,hsa,PES1,23481.0,hsa,Proteomics;Microarray,Functional MTI (Weak),18668037.0
MIRT022852,hsa-miR-124-3p,hsa,ALDH3B2,222.0,hsa,Proteomics;Microarray,Functional MTI (Weak),18668037.0
MIRT022853,hsa-miR-124-3p,hsa,MCM7,4176.0,hsa,Proteomics;Microarray,Non-Functional MTI (Weak),18668037.0
MIRT022854,hsa-miR-124-3p,hsa,POLR2J,5439.0,hsa,Proteomics;Microarray,Non-Functional MTI (Weak),18668037.0
MIRT002714,hsa-miR-124-3p,hsa,TWIST2,117581.0,hsa,Microarray;Other,Functional MTI (Weak),15685193.0
MIRT002711,hsa-miR-124-3p,hsa,HADHB,3032.0,hsa,Proteomics,Functional MTI (Weak),18668037.0
MIRT022856,hsa-miR-124-3p,hsa,CAPRIN1,4076.0,hsa,Proteomics;Microarray,Functional MTI (Weak),18668037.0
MIRT022857,hsa-miR-124-3p,hsa,CNP,1267.0,hsa,Proteomics;Microarray,Non-Functional MTI (Weak),18668037.0
MIRT002711,hsa-miR-124-3p,hsa,HADHB,3032.0,hsa,Microarray,Functional MTI (Weak),15685193.0
MIRT022858,hsa-miR-124-3p,hsa,PACSIN3,29763.0,hsa,Proteomics;Microarray,Functional MTI (Weak),18668037.0
MIRT004929,hsa-miR-124-3p,hsa,ARAF,369.0,hsa,Microarray,Functional MTI (Weak),18668037.0
MIRT022859,hsa-miR-124-3p,hsa,ADD3,120.0,hsa,Proteomics;Microarray,Functional MTI (Weak),18668037.0
MIRT022860,hsa-miR-124-3p,hsa,FOXRED2,80020.0,hsa,Proteomics;Microarray,Functional MTI (Weak),18668037.0
MIRT005655,hsa-miR-124-3p,hsa,ECI2,10455.0,hsa,Microarray,Functional MTI (Weak),18668037.0
MIRT022861,hsa-miR-124-3p,hsa,RRAS2,22800.0,hsa,Proteomics;Microarray,Functional MTI (Weak),18668037.0
MIRT005655,hsa-miR-124-3p,hsa,ECI2,10455.0,hsa,Microarray,Functional MTI (Weak),15685193.0
MIRT022862,hsa-miR-124-3p,hsa,MSN,4478.0,hsa,Proteomics;Microarray,Non-Functional MTI (Weak),18668037.0
MIRT004907,hsa-miR-124-3p,hsa,NECAP2,55707.0,hsa,Microarray,Functional MTI (Weak),18668037.0
MIRT022863,hsa-miR-124-3p,hsa,DDX3X,1654.0,hsa,Proteomics;Microarray,Functional MTI (Weak),18668037.0
MIRT002689,hsa-miR-124-3p,hsa,INO80C,125476.0,hsa,Proteomics;Microarray,Non-Functional MTI (Weak),18668037.0
MIRT002695,hsa-miR-124-3p,hsa,ARHGEF1,9138.0,hsa,Microarray,Functional MTI (Weak),18668037.0
MIRT002689,hsa-miR-124-3p,hsa,INO80C,125476.0,hsa,Microarray,Functional MTI (Weak),15685193.0
MIRT002695,hsa-miR-124-3p,hsa,ARHGEF1,9138.0,hsa,Microarray,Functional MTI (Weak),15685193.0
MIRT002618,hsa-miR-124-3p,hsa,SLC22A5,6584.0,hsa,Microarray,Functional MTI (Weak),18668037.0
MIRT002618,hsa-miR-124-3p,hsa,SLC22A5,6584.0,hsa,Microarray,Functional MTI (Weak),15685193.0
MIRT002642,hsa-miR-124-3p,hsa,CDK6,1021.0,hsa,Microarray,Functional MTI (Weak),18668037.0
MIRT002642,hsa-miR-124-3p,hsa,CDK6,1021.0,hsa,Microarray,Functional MTI (Weak),15685193.0
MIRT002566,hsa-miR-124-3p,hsa,ARPC1B,10095.0,hsa,Proteomics;Microarray,Functional MTI (Weak),18668037.0
MIRT002566,hsa-miR-124-3p,hsa,ARPC1B,10095.0,hsa,Microarray,Functional MTI (Weak),15685193.0
MIRT002662,hsa-miR-124-3p,hsa,ACAA2,10449.0,hsa,Microarray,Functional MTI (Weak),18668037.0
MIRT002662,hsa-miR-124-3p,hsa,ACAA2,10449.0,hsa,qRT-PCR,Functional MTI (Weak),16549876.0
MIRT001833,hsa-miR-124-3p,hsa,ADIPOR2,79602.0,hsa,Reporter assay,Non-Functional MTI (Weak),15806104.0
MIRT006479,hsa-miR-124-3p,hsa,EZH2,2146.0,hsa,Reporter assay;qRT-PCR,Functional MTI (Weak),21672940.0
MIRT006479,hsa-miR-124-3p,hsa,EZH2,2146.0,hsa,Proteomics,Functional MTI (Weak),18668037.0
MIRT022864,hsa-miR-124-3p,hsa,TP63,8626.0,hsa,Microarray,Functional MTI (Weak),18668037.0
MIRT022866,hsa-miR-124-3p,hsa,SH2D1B,117157.0,hsa,Microarray,Functional MTI (Weak),18668037.0
MIRT022867,hsa-miR-124-3p,hsa,ELP2,55250.0,hsa,Microarray,Functional MTI (Weak),18668037.0
MIRT022868,hsa-miR-124-3p,hsa,P4HA3,283208.0,hsa,Microarray,Functional MTI (Weak),18668037.0
MIRT022869,hsa-miR-124-3p,hsa,CLMP,79827.0,hsa,Microarray,Functional MTI (Weak),18668037.0
MIRT022870,hsa-miR-124-3p,hsa,RASIP1,54922.0,hsa,Microarray,Functional MTI (Weak),18668037.0
MIRT022871,hsa-miR-124-3p,hsa,GOLT1B,51026.0,hsa,Microarray,Functional MTI (Weak),18668037.0
MIRT022872,hsa-miR-124-3p,hsa,IVD,3712.0,hsa,Microarray,Functional MTI (Weak),18668037.0
MIRT022874,hsa-miR-124-3p,hsa,ANKS3,124401.0,hsa,Microarray,Functional MTI (Weak),18668037.0
MIRT022875,hsa-miR-124-3p,hsa,CSTF3,1479.0,hsa,Microarray,Functional MTI (Weak),18668037.0
MIRT022876,hsa-miR-124-3p,hsa,EIF4EBP1,1978.0,hsa,Microarray,Functional MTI (Weak),18668037.0
MIRT022877,hsa-miR-124-3p,hsa,MRPS11,64963.0,hsa,Microarray,Functional MTI (Weak),18668037.0
MIRT004100,hsa-miR-124-3p,hsa,TSC22D4,81628.0,hsa,Microarray,Functional MTI (Weak),15685193.0
MIRT022878,hsa-miR-124-3p,hsa,ID4,3400.0,hsa,Microarray,Functional MTI (Weak),18668037.0
MIRT022879,hsa-miR-124-3p,hsa,CXXC1,30827.0,hsa,Microarray,Functional MTI (Weak),18668037.0
MIRT022880,hsa-miR-124-3p,hsa,XBP1,7494.0,hsa,Microarray,Functional MTI (Weak),18668037.0
MIRT022881,hsa-miR-124-3p,hsa,NTMT1,28989.0,hsa,Microarray,Functional MTI (Weak),18668037.0
MIRT022882,hsa-miR-124-3p,hsa,SNAI1,6615.0,hsa,Microarray,Functional MTI (Weak),18668037.0
MIRT022883,hsa-miR-124-3p,hsa,RHOA,387.0,hsa,Microarray,Functional MTI (Weak),18668037.0
MIRT022884,hsa-miR-124-3p,hsa,NCF2,4688.0,hsa,Microarray,Functional MTI (Weak),18668037.0
MIRT022885,hsa-miR-124-3p,hsa,CDO1,1036.0,hsa,Microarray,Functional MTI (Weak),18668037.0
MIRT022886,hsa-miR-124-3p,hsa,WNT5B,81029.0,hsa,Microarray,Functional MTI (Weak),18668037.0
MIRT004075,hsa-miR-124-3p,hsa,ARHGAP29,9411.0,hsa,Microarray,Functional MTI (Weak),15685193.0
MIRT022887,hsa-miR-124-3p,hsa,TMEM179B,374395.0,hsa,Microarray,Functional MTI (Weak),18668037.0
MIRT022888,hsa-miR-124-3p,hsa,USP47,55031.0,hsa,Microarray,Functional MTI (Weak),18668037.0
MIRT022889,hsa-miR-124-3p,hsa,LCA5L,150082.0,hsa,Microarray,Functional MTI (Weak),18668037.0
MIRT022890,hsa-miR-124-3p,hsa,CRB1,23418.0,hsa,Microarray,Functional MTI (Weak),18668037.0
MIRT022891,hsa-miR-124-3p,hsa,CD2AP,23607.0,hsa,Microarray,Functional MTI (Weak),18668037.0
MIRT004912,hsa-miR-124-3p,hsa,CHST14,113189.0,hsa,Microarray,Functional MTI (Weak),15685193.0
MIRT022893,hsa-miR-124-3p,hsa,MAP3K4,4216.0,hsa,Microarray,Functional MTI (Weak),18668037.0
MIRT022896,hsa-miR-124-3p,hsa,LRIG1,26018.0,hsa,Microarray,Functional MTI (Weak),18668037.0
MIRT022897,hsa-miR-124-3p,hsa,CENPQ,55166.0,hsa,Microarray,Functional MTI (Weak),18668037.0
MIRT022898,hsa-miR-124-3p,hsa,RUNX2,860.0,hsa,Microarray,Functional MTI (Weak),18668037.0
MIRT022900,hsa-miR-124-3p,hsa,QSOX1,5768.0,hsa,Microarray,Functional MTI (Weak),18668037.0
MIRT022901,hsa-miR-124-3p,hsa,RAB38,23682.0,hsa,Microarray,Functional MTI (Weak),18668037.0
MIRT002644,hsa-miR-124-3p,hsa,AHRR,57491.0,hsa,Microarray,Functional MTI (Weak),18668037.0
MIRT022903,hsa-miR-124-3p,hsa,H6PD,9563.0,hsa,Microarray,Functional MTI (Weak),18668037.0
MIRT022904,hsa-miR-124-3p,hsa,PARP14,54625.0,hsa,Microarray,Functional MTI (Weak),18668037.0
MIRT022905,hsa-miR-124-3p,hsa,RAB2A,5862.0,hsa,Microarray,Functional MTI (Weak),18668037.0
MIRT022906,hsa-miR-124-3p,hsa,KIF13A,63971.0,hsa,Microarray,Functional MTI (Weak),18668037.0
MIRT022907,hsa-miR-124-3p,hsa,CACUL1,143384.0,hsa,Microarray,Functional MTI (Weak),18668037.0
MIRT022908,hsa-miR-124-3p,hsa,PRPS1,5631.0,hsa,Microarray,Functional MTI (Weak),18668037.0
MIRT022909,hsa-miR-124-3p,hsa,ERF,2077.0,hsa,Microarray,Functional MTI (Weak),18668037.0
MIRT022910,hsa-miR-124-3p,hsa,CTDSPL,10217.0,hsa,Microarray,Functional MTI (Weak),18668037.0
MIRT022911,hsa-miR-124-3p,hsa,MLLT3,4300.0,hsa,Microarray,Functional MTI (Weak),18668037.0
MIRT022912,hsa-miR-124-3p,hsa,PSKH1,5681.0,hsa,Microarray,Functional MTI (Weak),18668037.0
MIRT022913,hsa-miR-124-3p,hsa,SLITRK4,139065.0,hsa,Microarray,Functional MTI (Weak),18668037.0
MIRT022914,hsa-miR-124-3p,hsa,EVI5,7813.0,hsa,Microarray,Functional MTI (Weak),18668037.0
MIRT002641,hsa-miR-124-3p,hsa,SLC30A7,148867.0,hsa,Microarray,Functional MTI (Weak),15685193.0
MIRT022915,hsa-miR-124-3p,hsa,TBX22,50945.0,hsa,Microarray,Functional MTI (Weak),18668037.0
MIRT022916,hsa-miR-124-3p,hsa,KCNK2,3776.0,hsa,Microarray,Functional MTI (Weak),18668037.0
MIRT022917,hsa-miR-124-3p,hsa,WIPF1,7456.0,hsa,Microarray,Functional MTI (Weak),18668037.0
MIRT022918,hsa-miR-124-3p,hsa,HIPK3,10114.0,hsa,Microarray,Functional MTI (Weak),18668037.0
MIRT022919,hsa-miR-124-3p,hsa,BMP6,654.0,hsa,Microarray,Functional MTI (Weak),18668037.0
MIRT022920,hsa-miR-124-3p,hsa,STT3A,3703.0,hsa,Microarray,Functional MTI (Weak),18668037.0
MIRT004927,hsa-miR-124-3p,hsa,ZCCHC24,219654.0,hsa,Microarray,Functional MTI (Weak),18668037.0
MIRT004927,hsa-miR-124-3p,hsa,ZCCHC24,219654.0,hsa,Microarray,Functional MTI (Weak),15685193.0
MIRT022921,hsa-miR-124-3p,hsa,SNX9,51429.0,hsa,Proteomics;Microarray,Functional MTI (Weak),18668037.0
MIRT022922,hsa-miR-124-3p,hsa,RPRD1B,58490.0,hsa,Proteomics;Microarray,Non-Functional MTI (Weak),18668037.0
MIRT022923,hsa-miR-124-3p,hsa,GLIPR2,152007.0,hsa,Proteomics;Microarray,Non-Functional MTI (Weak),18668037.0
MIRT022924,hsa-miR-124-3p,hsa,GAR1,54433.0,hsa,Proteomics;Microarray,Non-Functional MTI (Weak),18668037.0
MIRT004896,hsa-miR-124-3p,hsa,FAM83H,286077.0,hsa,Microarray,Functional MTI (Weak),18668037.0
MIRT022925,hsa-miR-124-3p,hsa,POLR2L,5441.0,hsa,Proteomics;Microarray,Functional MTI (Weak),18668037.0
MIRT022926,hsa-miR-124-3p,hsa,PABPC4,8761.0,hsa,Proteomics;Microarray,Functional MTI (Weak),18668037.0
MIRT022927,hsa-miR-124-3p,hsa,SERPINH1,871.0,hsa,Proteomics;Microarray,Non-Functional MTI (Weak),18668037.0
MIRT022928,hsa-miR-124-3p,hsa,KDM2A,22992.0,hsa,Proteomics;Microarray,Functional MTI (Weak),18668037.0
MIRT022929,hsa-miR-124-3p,hsa,HNRNPCL1,343069.0,hsa,Proteomics;Microarray,Non-Functional MTI (Weak),18668037.0
MIRT022930,hsa-miR-124-3p,hsa,ALDH18A1,5832.0,hsa,Proteomics;Microarray,Functional MTI (Weak),18668037.0
MIRT002612,hsa-miR-124-3p,hsa,MAN2A1,4124.0,hsa,Microarray,Functional MTI (Weak),18668037.0
MIRT002612,hsa-miR-124-3p,hsa,MAN2A1,4124.0,hsa,Microarray,Functional MTI (Weak),15685193.0
MIRT022931,hsa-miR-124-3p,hsa,CDKN2A,1029.0,hsa,Proteomics;Microarray,Functional MTI (Weak),18668037.0
MIRT004039,hsa-miR-124-3p,hsa,TMBIM1,64114.0,hsa,Microarray,Functional MTI (Weak),18668037.0
MIRT002578,hsa-miR-124-3p,hsa,ACTR8,93973.0,hsa,Microarray;Other,Functional MTI (Weak),15685193.0
MIRT022932,hsa-miR-124-3p,hsa,EIF3B,8662.0,hsa,Proteomics;Microarray,Functional MTI (Weak),18668037.0
MIRT002679,hsa-miR-124-3p,hsa,GNAI3,2773.0,hsa,Microarray;Other,Functional MTI (Weak),15685193.0
MIRT022933,hsa-miR-124-3p,hsa,SP3,6670.0,hsa,Proteomics;Microarray,Functional MTI (Weak),18668037.0
MIRT022934,hsa-miR-124-3p,hsa,DDX6,1656.0,hsa,Proteomics;Microarray,Functional MTI (Weak),18668037.0
MIRT004883,hsa-miR-124-3p,hsa,TMEM109,79073.0,hsa,Microarray,Functional MTI (Weak),18668037.0
MIRT002571,hsa-miR-124-3p,hsa,LMNB1,4001.0,hsa,Proteomics;Microarray,Functional MTI (Weak),18668037.0
MIRT002571,hsa-miR-124-3p,hsa,LMNB1,4001.0,hsa,Microarray,Functional MTI (Weak),15685193.0
MIRT002718,hsa-miR-124-3p,hsa,TJP2,9414.0,hsa,Microarray,Functional MTI (Weak),18668037.0
MIRT002718,hsa-miR-124-3p,hsa,TJP2,9414.0,hsa,Microarray,Functional MTI (Weak),15685193.0
MIRT004893,hsa-miR-124-3p,hsa,HADH,3033.0,hsa,Microarray,Functional MTI (Weak),15685193.0
MIRT004893,hsa-miR-124-3p,hsa,HADH,3033.0,hsa,Microarray,Functional MTI (Weak),18668037.0
MIRT001827,hsa-miR-124-3p,hsa,RAVER2,55225.0,hsa,qRT-PCR;Other,Functional MTI (Weak),16549876.0
MIRT002723,hsa-miR-124-3p,hsa,PLOD3,8985.0,hsa,Proteomics;Microarray,Functional MTI (Weak),18668037.0
MIRT002723,hsa-miR-124-3p,hsa,PLOD3,8985.0,hsa,Microarray,Functional MTI (Weak),15685193.0
MIRT002730,hsa-miR-124-3p,hsa,CD164,8763.0,hsa,Microarray,Functional MTI (Weak),18668037.0
MIRT002730,hsa-miR-124-3p,hsa,CD164,8763.0,hsa,qRT-PCR,Functional MTI (Weak),16549876.0
MIRT002594,hsa-miR-124-3p,hsa,VAMP3,9341.0,hsa,Microarray,Functional MTI (Weak),18668037.0
MIRT002594,hsa-miR-124-3p,hsa,VAMP3,9341.0,hsa,qRT-PCR,Functional MTI (Weak),16549876.0
MIRT002594,hsa-miR-124-3p,hsa,VAMP3,9341.0,hsa,Other,Non-Functional MTI (Weak),15806104.0
MIRT022935,hsa-miR-124-3p,hsa,GAB3,139716.0,hsa,Microarray,Functional MTI (Weak),18668037.0
MIRT022936,hsa-miR-124-3p,hsa,SAMSN1,64092.0,hsa,Microarray,Functional MTI (Weak),18668037.0
MIRT022938,hsa-miR-124-3p,hsa,GUK1,2987.0,hsa,Microarray,Functional MTI (Weak),18668037.0
MIRT022939,hsa-miR-124-3p,hsa,TRIM7,81786.0,hsa,Microarray,Functional MTI (Weak),18668037.0
MIRT022940,hsa-miR-124-3p,hsa,MRPS12,6183.0,hsa,Microarray,Functional MTI (Weak),18668037.0
MIRT022941,hsa-miR-124-3p,hsa,CC2D2A,57545.0,hsa,Microarray,Functional MTI (Weak),18668037.0
MIRT022942,hsa-miR-124-3p,hsa,CHSY3,337876.0,hsa,Microarray,Functional MTI (Weak),18668037.0
MIRT022943,hsa-miR-124-3p,hsa,MLEC,9761.0,hsa,Microarray,Functional MTI (Weak),18668037.0
MIRT004101,hsa-miR-124-3p,hsa,NAA15,80155.0,hsa,Microarray,Functional MTI (Weak),15685193.0
MIRT022944,hsa-miR-124-3p,hsa,TREX2,11219.0,hsa,Microarray,Functional MTI (Weak),18668037.0
MIRT022945,hsa-miR-124-3p,hsa,CPA6,57094.0,hsa,Microarray,Functional MTI (Weak),18668037.0
MIRT022946,hsa-miR-124-3p,hsa,SYNJ2BP,55333.0,hsa,Microarray,Functional MTI (Weak),18668037.0
MIRT022947,hsa-miR-124-3p,hsa,SULT1B1,27284.0,hsa,Microarray,Functional MTI (Weak),18668037.0
MIRT002692,hsa-miR-124-3p,hsa,TRIP11,9321.0,hsa,Microarray,Functional MTI (Weak),15685193.0
MIRT022948,hsa-miR-124-3p,hsa,PEX16,9409.0,hsa,Microarray,Functional MTI (Weak),18668037.0
MIRT022949,hsa-miR-124-3p,hsa,NRTN,4902.0,hsa,Microarray,Functional MTI (Weak),18668037.0
MIRT022950,hsa-miR-124-3p,hsa,PPRC1,23082.0,hsa,Microarray,Functional MTI (Weak),18668037.0
MIRT022951,hsa-miR-124-3p,hsa,APPL2,55198.0,hsa,Microarray,Functional MTI (Weak),18668037.0
MIRT022952,hsa-miR-124-3p,hsa,TMEM43,79188.0,hsa,Microarray,Functional MTI (Weak),18668037.0
MIRT022953,hsa-miR-124-3p,hsa,UGT1A10,54575.0,hsa,Microarray,Functional MTI (Weak),18668037.0
MIRT022954,hsa-miR-124-3p,hsa,LAMA1,284217.0,hsa,Microarray,Functional MTI (Weak),18668037.0
MIRT022955,hsa-miR-124-3p,hsa,PRSS50,29122.0,hsa,Microarray,Functional MTI (Weak),18668037.0
MIRT022956,hsa-miR-124-3p,hsa,LSMEM2,132228.0,hsa,Microarray,Functional MTI (Weak),18668037.0
MIRT022957,hsa-miR-124-3p,hsa,SEC14L3,266629.0,hsa,Microarray,Functional MTI (Weak),18668037.0
MIRT022958,hsa-miR-124-3p,hsa,CEBPE,1053.0,hsa,Microarray,Functional MTI (Weak),18668037.0
MIRT022959,hsa-miR-124-3p,hsa,NNMT,4837.0,hsa,Microarray,Functional MTI (Weak),18668037.0
MIRT022960,hsa-miR-124-3p,hsa,MAP2K3,5606.0,hsa,Microarray,Functional MTI (Weak),18668037.0
MIRT022961,hsa-miR-124-3p,hsa,RNF144B,255488.0,hsa,Microarray,Functional MTI (Weak),18668037.0
MIRT022962,hsa-miR-124-3p,hsa,CABP7,164633.0,hsa,Microarray,Functional MTI (Weak),18668037.0
MIRT022963,hsa-miR-124-3p,hsa,FTSJ1,24140.0,hsa,Microarray,Functional MTI (Weak),18668037.0
MIRT022964,hsa-miR-124-3p,hsa,RUFY3,22902.0,hsa,Microarray,Functional MTI (Weak),18668037.0
MIRT022965,hsa-miR-124-3p,hsa,SULF1,23213.0,hsa,Microarray,Functional MTI (Weak),18668037.0
MIRT022966,hsa-miR-124-3p,hsa,TPST1,8460.0,hsa,Microarray,Functional MTI (Weak),18668037.0
MIRT022967,hsa-miR-124-3p,hsa,SLC22A3,6581.0,hsa,Microarray,Functional MTI (Weak),18668037.0
MIRT022968,hsa-miR-124-3p,hsa,TPCN2,219931.0,hsa,Microarray,Functional MTI (Weak),18668037.0
MIRT022969,hsa-miR-124-3p,hsa,SLC25A16,8034.0,hsa,Microarray,Functional MTI (Weak),18668037.0
MIRT022970,hsa-miR-124-3p,hsa,CA12,771.0,hsa,Microarray,Functional MTI (Weak),18668037.0
MIRT022971,hsa-miR-124-3p,hsa,ZFYVE26,23503.0,hsa,Microarray,Functional MTI (Weak),18668037.0
MIRT022972,hsa-miR-124-3p,hsa,KLF9,687.0,hsa,Microarray,Functional MTI (Weak),18668037.0
MIRT022973,hsa-miR-124-3p,hsa,ADCY3,109.0,hsa,Microarray,Functional MTI (Weak),18668037.0
MIRT022974,hsa-miR-124-3p,hsa,CCT5,22948.0,hsa,Microarray,Functional MTI (Weak),18668037.0
MIRT022975,hsa-miR-124-3p,hsa,HS2ST1,9653.0,hsa,Microarray,Functional MTI (Weak),18668037.0
MIRT022976,hsa-miR-124-3p,hsa,CD151,977.0,hsa,Microarray,Functional MTI (Weak),18668037.0
MIRT022977,hsa-miR-124-3p,hsa,CDH11,1009.0,hsa,Microarray,Functional MTI (Weak),18668037.0
MIRT022978,hsa-miR-124-3p,hsa,IL7,3574.0,hsa,Microarray,Functional MTI (Weak),18668037.0
MIRT022979,hsa-miR-124-3p,hsa,ITGA3,3675.0,hsa,Microarray,Functional MTI (Weak),18668037.0
MIRT022980,hsa-miR-124-3p,hsa,FBLIM1,54751.0,hsa,Microarray,Functional MTI (Weak),18668037.0
MIRT022981,hsa-miR-124-3p,hsa,ARPP21,10777.0,hsa,Microarray,Functional MTI (Weak),18668037.0
MIRT022982,hsa-miR-124-3p,hsa,CCDC28A,25901.0,hsa,Microarray,Functional MTI (Weak),18668037.0
MIRT022983,hsa-miR-124-3p,hsa,DCAF5,8816.0,hsa,Microarray,Functional MTI (Weak),18668037.0
MIRT022984,hsa-miR-124-3p,hsa,TRPS1,7227.0,hsa,Microarray,Functional MTI (Weak),18668037.0
MIRT022985,hsa-miR-124-3p,hsa,PGM2,55276.0,hsa,Microarray,Functional MTI (Weak),18668037.0
MIRT022986,hsa-miR-124-3p,hsa,PLEKHF2,79666.0,hsa,Microarray,Functional MTI (Weak),18668037.0
MIRT022987,hsa-miR-124-3p,hsa,ZWINT,11130.0,hsa,Microarray,Functional MTI (Weak),18668037.0
MIRT022988,hsa-miR-124-3p,hsa,RANBP10,57610.0,hsa,Microarray,Functional MTI (Weak),18668037.0
MIRT022989,hsa-miR-124-3p,hsa,TMEM41A,90407.0,hsa,Microarray,Functional MTI (Weak),18668037.0
MIRT022990,hsa-miR-124-3p,hsa,ANPEP,290.0,hsa,Proteomics;Microarray,Functional MTI (Weak),18668037.0
MIRT022991,hsa-miR-124-3p,hsa,PSME3,10197.0,hsa,Proteomics;Microarray,Functional MTI (Weak),18668037.0
MIRT022992,hsa-miR-124-3p,hsa,PBX1,5087.0,hsa,Proteomics;Microarray,Functional MTI (Weak),18668037.0
MIRT022993,hsa-miR-124-3p,hsa,AHNAK2,113146.0,hsa,Proteomics;Microarray,Functional MTI (Weak),18668037.0
MIRT022994,hsa-miR-124-3p,hsa,AATF,26574.0,hsa,Proteomics;Microarray,Functional MTI (Weak),18668037.0
MIRT022995,hsa-miR-124-3p,hsa,HSD17B10,3028.0,hsa,Proteomics;Microarray,Non-Functional MTI (Weak),18668037.0
MIRT022996,hsa-miR-124-3p,hsa,NT5E,4907.0,hsa,Proteomics;Microarray,Functional MTI (Weak),18668037.0
MIRT002599,hsa-miR-124-3p,hsa,TOM1L1,10040.0,hsa,Microarray;Other,Functional MTI (Weak),15685193.0
MIRT022997,hsa-miR-124-3p,hsa,NSUN2,54888.0,hsa,Proteomics;Microarray,Non-Functional MTI (Weak),18668037.0
MIRT002561,hsa-miR-124-3p,hsa,TRIM29,23650.0,hsa,Microarray;Other,Functional MTI (Weak),15685193.0
MIRT004119,hsa-miR-124-3p,hsa,SYPL1,6856.0,hsa,Microarray,Functional MTI (Weak),18668037.0
MIRT022998,hsa-miR-124-3p,hsa,RFX1,5989.0,hsa,Proteomics;Microarray,Functional MTI (Weak),18668037.0
MIRT002702,hsa-miR-124-3p,hsa,FAM177A1,283635.0,hsa,Microarray,Functional MTI (Weak),18668037.0
MIRT002568,hsa-miR-124-3p,hsa,EYA4,2070.0,hsa,Microarray;Other,Functional MTI (Weak),15685193.0
MIRT002702,hsa-miR-124-3p,hsa,FAM177A1,283635.0,hsa,Microarray,Functional MTI (Weak),15685193.0
MIRT002576,hsa-miR-124-3p,hsa,SLC17A5,26503.0,hsa,Microarray,Functional MTI (Weak),18668037.0
MIRT002576,hsa-miR-124-3p,hsa,SLC17A5,26503.0,hsa,Microarray,Functional MTI (Weak),15685193.0
MIRT002697,hsa-miR-124-3p,hsa,IQGAP1,8826.0,hsa,Microarray,Functional MTI (Weak),18668037.0
MIRT002697,hsa-miR-124-3p,hsa,IQGAP1,8826.0,hsa,Microarray,Functional MTI (Weak),15685193.0
MIRT004891,hsa-miR-124-3p,hsa,LIMCH1,22998.0,hsa,Proteomics;Microarray,Functional MTI (Weak),18668037.0
MIRT002716,hsa-miR-124-3p,hsa,SNAI2,6591.0,hsa,Microarray,Functional MTI (Weak),18668037.0
MIRT002716,hsa-miR-124-3p,hsa,SNAI2,6591.0,hsa,Microarray,Functional MTI (Weak),15685193.0
MIRT002596,hsa-miR-124-3p,hsa,PTTG1IP,754.0,hsa,Microarray,Functional MTI (Weak),18668037.0
MIRT002596,hsa-miR-124-3p,hsa,PTTG1IP,754.0,hsa,Microarray,Functional MTI (Weak),15685193.0
MIRT002647,hsa-miR-124-3p,hsa,PTBP1,5725.0,hsa,Proteomics;Microarray,Functional MTI (Weak),18668037.0
MIRT002647,hsa-miR-124-3p,hsa,PTBP1,5725.0,hsa,Microarray,Functional MTI (Weak),15685193.0
MIRT002579,hsa-miR-124-3p,hsa,MYH9,4627.0,hsa,Proteomics;Microarray,Non-Functional MTI (Weak),18668037.0
MIRT002579,hsa-miR-124-3p,hsa,MYH9,4627.0,hsa,Microarray,Functional MTI (Weak),15685193.0
MIRT022999,hsa-miR-124-3p,hsa,TRIM37,4591.0,hsa,Microarray,Functional MTI (Weak),18668037.0
MIRT023000,hsa-miR-124-3p,hsa,F13B,2165.0,hsa,Microarray,Functional MTI (Weak),18668037.0
MIRT023001,hsa-miR-124-3p,hsa,NPLOC4,55666.0,hsa,Microarray,Functional MTI (Weak),18668037.0
MIRT023002,hsa-miR-124-3p,hsa,KIF20A,10112.0,hsa,Proteomics,Functional MTI (Weak),18668037.0
MIRT023003,hsa-miR-124-3p,hsa,MYO19,80179.0,hsa,Microarray,Functional MTI (Weak),18668037.0
MIRT023004,hsa-miR-124-3p,hsa,GNPDA1,10007.0,hsa,Microarray,Functional MTI (Weak),18668037.0
MIRT023005,hsa-miR-124-3p,hsa,RBBP9,10741.0,hsa,Microarray,Functional MTI (Weak),18668037.0
MIRT023006,hsa-miR-124-3p,hsa,L3HYPDH,112849.0,hsa,Microarray,Functional MTI (Weak),18668037.0
MIRT023007,hsa-miR-124-3p,hsa,ASPN,54829.0,hsa,Microarray,Functional MTI (Weak),18668037.0
MIRT023008,hsa-miR-124-3p,hsa,S1PR5,53637.0,hsa,Microarray,Functional MTI (Weak),18668037.0
MIRT002581,hsa-miR-124-3p,hsa,MAPK1IP1L,93487.0,hsa,Microarray,Functional MTI (Weak),15685193.0
MIRT023009,hsa-miR-124-3p,hsa,UNC79,57578.0,hsa,Microarray,Functional MTI (Weak),18668037.0
MIRT023010,hsa-miR-124-3p,hsa,TNS4,84951.0,hsa,Microarray,Functional MTI (Weak),18668037.0
MIRT023011,hsa-miR-124-3p,hsa,TMEM161A,54929.0,hsa,Microarray,Functional MTI (Weak),18668037.0
MIRT023012,hsa-miR-124-3p,hsa,CEPT1,10390.0,hsa,Microarray,Functional MTI (Weak),18668037.0
MIRT023013,hsa-miR-124-3p,hsa,CDADC1,81602.0,hsa,Microarray,Functional MTI (Weak),18668037.0
MIRT023014,hsa-miR-124-3p,hsa,S100G,795.0,hsa,Microarray,Functional MTI (Weak),18668037.0
MIRT004890,hsa-miR-124-3p,hsa,UHMK1,127933.0,hsa,Microarray,Functional MTI (Weak),15685193.0
MIRT023015,hsa-miR-124-3p,hsa,FLI1,2313.0,hsa,Microarray,Functional MTI (Weak),18668037.0
MIRT023016,hsa-miR-124-3p,hsa,PLEKHA4,57664.0,hsa,Microarray,Functional MTI (Weak),18668037.0
MIRT023017,hsa-miR-124-3p,hsa,TYK2,7297.0,hsa,Microarray,Functional MTI (Weak),18668037.0
MIRT023018,hsa-miR-124-3p,hsa,CDH12,1010.0,hsa,Microarray,Functional MTI (Weak),18668037.0
MIRT023019,hsa-miR-124-3p,hsa,DBT,1629.0,hsa,Microarray,Functional MTI (Weak),18668037.0
MIRT023020,hsa-miR-124-3p,hsa,PTGS1,5742.0,hsa,Microarray,Functional MTI (Weak),18668037.0
MIRT023021,hsa-miR-124-3p,hsa,SERPINB2,5055.0,hsa,Microarray,Functional MTI (Weak),18668037.0
MIRT023022,hsa-miR-124-3p,hsa,TMEM248,55069.0,hsa,Microarray,Functional MTI (Weak),18668037.0
MIRT023023,hsa-miR-124-3p,hsa,SGPL1,8879.0,hsa,Microarray,Functional MTI (Weak),18668037.0
MIRT023024,hsa-miR-124-3p,hsa,KLHL14,57565.0,hsa,Microarray,Functional MTI (Weak),18668037.0
MIRT023025,hsa-miR-124-3p,hsa,TM9SF3,56889.0,hsa,Microarray,Functional MTI (Weak),18668037.0
MIRT023026,hsa-miR-124-3p,hsa,LGR5,8549.0,hsa,Microarray,Functional MTI (Weak),18668037.0
MIRT023027,hsa-miR-124-3p,hsa,PIWIL4,143689.0,hsa,Microarray,Functional MTI (Weak),18668037.0
MIRT023028,hsa-miR-124-3p,hsa,KLF2,10365.0,hsa,Microarray,Functional MTI (Weak),18668037.0
MIRT023029,hsa-miR-124-3p,hsa,FKBP14,55033.0,hsa,Microarray,Functional MTI (Weak),18668037.0
MIRT023030,hsa-miR-124-3p,hsa,PXN,5829.0,hsa,Microarray,Functional MTI (Weak),18668037.0
MIRT023031,hsa-miR-124-3p,hsa,RAD51,5888.0,hsa,Microarray,Functional MTI (Weak),18668037.0
MIRT023032,hsa-miR-124-3p,hsa,B4GALT5,9334.0,hsa,Microarray,Functional MTI (Weak),18668037.0
MIRT023034,hsa-miR-124-3p,hsa,PORCN,64840.0,hsa,Microarray,Functional MTI (Weak),18668037.0
MIRT023035,hsa-miR-124-3p,hsa,SHC1,6464.0,hsa,Microarray,Functional MTI (Weak),18668037.0
MIRT023036,hsa-miR-124-3p,hsa,KANSL2,54934.0,hsa,Microarray,Functional MTI (Weak),18668037.0
MIRT023037,hsa-miR-124-3p,hsa,NLGN4Y,22829.0,hsa,Microarray,Functional MTI (Weak),18668037.0
MIRT023038,hsa-miR-124-3p,hsa,CA5B,11238.0,hsa,Microarray,Functional MTI (Weak),18668037.0
MIRT023039,hsa-miR-124-3p,hsa,CAPNS1,826.0,hsa,Microarray,Functional MTI (Weak),18668037.0
MIRT023040,hsa-miR-124-3p,hsa,ZDHHC14,79683.0,hsa,Microarray,Functional MTI (Weak),18668037.0
MIRT023041,hsa-miR-124-3p,hsa,ELF3,1999.0,hsa,Microarray,Functional MTI (Weak),18668037.0
MIRT023042,hsa-miR-124-3p,hsa,STK38,11329.0,hsa,Microarray,Functional MTI (Weak),18668037.0
MIRT023043,hsa-miR-124-3p,hsa,CYB5A,1528.0,hsa,Microarray,Functional MTI (Weak),18668037.0
MIRT023044,hsa-miR-124-3p,hsa,FCHSD2,9873.0,hsa,Microarray,Functional MTI (Weak),18668037.0
MIRT023045,hsa-miR-124-3p,hsa,SLC35G1,159371.0,hsa,Microarray,Functional MTI (Weak),18668037.0
MIRT023046,hsa-miR-124-3p,hsa,VANGL1,81839.0,hsa,Microarray,Functional MTI (Weak),18668037.0
MIRT023047,hsa-miR-124-3p,hsa,PECR,55825.0,hsa,Microarray,Functional MTI (Weak),18668037.0
MIRT023048,hsa-miR-124-3p,hsa,TFEB,7942.0,hsa,Microarray,Functional MTI (Weak),18668037.0
MIRT023049,hsa-miR-124-3p,hsa,MORC4,79710.0,hsa,Microarray,Functional MTI (Weak),18668037.0
MIRT023050,hsa-miR-124-3p,hsa,EEA1,8411.0,hsa,Microarray,Functional MTI (Weak),18668037.0
MIRT023051,hsa-miR-124-3p,hsa,ALG2,85365.0,hsa,Microarray,Functional MTI (Weak),18668037.0
MIRT023052,hsa-miR-124-3p,hsa,PHACTR2,9749.0,hsa,Microarray,Functional MTI (Weak),18668037.0
MIRT023053,hsa-miR-124-3p,hsa,PTPN9,5780.0,hsa,Microarray,Functional MTI (Weak),18668037.0
MIRT023055,hsa-miR-124-3p,hsa,MPHOSPH10,10199.0,hsa,Proteomics;Microarray,Functional MTI (Weak),18668037.0
MIRT023056,hsa-miR-124-3p,hsa,RBM28,55131.0,hsa,Proteomics;Microarray,Functional MTI (Weak),18668037.0
MIRT023057,hsa-miR-124-3p,hsa,TRPC1,7220.0,hsa,Proteomics;Microarray,Non-Functional MTI (Weak),18668037.0
MIRT023058,hsa-miR-124-3p,hsa,KIF2C,11004.0,hsa,Proteomics;Microarray,Functional MTI (Weak),18668037.0
MIRT023059,hsa-miR-124-3p,hsa,SLU7,10569.0,hsa,Proteomics;Microarray,Functional MTI (Weak),18668037.0
MIRT023060,hsa-miR-124-3p,hsa,MAZ,4150.0,hsa,Proteomics;Microarray,Functional MTI (Weak),18668037.0
MIRT023062,hsa-miR-124-3p,hsa,TIMM8B,26521.0,hsa,Proteomics;Microarray,Functional MTI (Weak),18668037.0
MIRT023063,hsa-miR-124-3p,hsa,SMARCA2,6595.0,hsa,Proteomics;Microarray,Functional MTI (Weak),18668037.0
MIRT023064,hsa-miR-124-3p,hsa,ORC1,4998.0,hsa,Proteomics;Microarray,Non-Functional MTI (Weak),18668037.0
MIRT023065,hsa-miR-124-3p,hsa,KRT14,3861.0,hsa,Proteomics;Microarray,Non-Functional MTI (Weak),18668037.0
MIRT023066,hsa-miR-124-3p,hsa,NIP7,51388.0,hsa,Proteomics;Microarray,Non-Functional MTI (Weak),18668037.0
MIRT004892,hsa-miR-124-3p,hsa,ENDOD1,23052.0,hsa,Microarray,Functional MTI (Weak),18668037.0
MIRT023067,hsa-miR-124-3p,hsa,SRSF5,6430.0,hsa,Proteomics;Microarray,Non-Functional MTI (Weak),18668037.0
MIRT023068,hsa-miR-124-3p,hsa,CORO2A,7464.0,hsa,Proteomics;Microarray,Functional MTI (Weak),18668037.0
MIRT023069,hsa-miR-124-3p,hsa,SIRT1,23411.0,hsa,qRT-PCR,Non-Functional MTI (Weak),20362537.0
MIRT004880,hsa-miR-124-3p,hsa,OAF,220323.0,hsa,Microarray,Functional MTI (Weak),18668037.0
MIRT002587,hsa-miR-124-3p,hsa,MTMR6,9107.0,hsa,Microarray,Functional MTI (Weak),15685193.0
MIRT002587,hsa-miR-124-3p,hsa,MTMR6,9107.0,hsa,Microarray,Functional MTI (Weak),18668037.0
MIRT002577,hsa-miR-124-3p,hsa,DHCR24,1718.0,hsa,Microarray;Other,Functional MTI (Weak),15685193.0
MIRT003523,hsa-miR-124-3p,hsa,ELK3,2004.0,hsa,Microarray,Functional MTI (Weak),18668037.0
MIRT023070,hsa-miR-124-3p,hsa,COL12A1,1303.0,hsa,Proteomics;Microarray,Functional MTI (Weak),18668037.0
MIRT004283,hsa-miR-124-3p,hsa,CDK2,1017.0,hsa,Proteomics;Microarray,Non-Functional MTI (Weak),18668037.0
MIRT002597,hsa-miR-124-3p,hsa,PGM1,5236.0,hsa,Microarray,Functional MTI (Weak),18668037.0
MIRT002597,hsa-miR-124-3p,hsa,PGM1,5236.0,hsa,Microarray,Functional MTI (Weak),15685193.0
MIRT002719,hsa-miR-124-3p,hsa,CAV1,857.0,hsa,Proteomics;Microarray,Functional MTI (Weak),18668037.0
MIRT002719,hsa-miR-124-3p,hsa,CAV1,857.0,hsa,Microarray,Functional MTI (Weak),15685193.0
MIRT002586,hsa-miR-124-3p,hsa,STOM,2040.0,hsa,Microarray,Functional MTI (Weak),15685193.0
MIRT002586,hsa-miR-124-3p,hsa,STOM,2040.0,hsa,Proteomics;Microarray,Functional MTI (Weak),18668037.0
MIRT002610,hsa-miR-124-3p,hsa,MAPK14,1432.0,hsa,Microarray,Functional MTI (Weak),18668037.0
MIRT002610,hsa-miR-124-3p,hsa,MAPK14,1432.0,hsa,Microarray,Functional MTI (Weak),15685193.0
MIRT006478,hsa-miR-124-3p,hsa,ROCK2,9475.0,hsa,Reporter assay;qRT-PCR,Functional MTI (Weak),21672940.0
MIRT002610,hsa-miR-124-3p,hsa,MAPK14,1432.0,hsa,Other,Functional MTI (Weak),15806104.0
MIRT023071,hsa-miR-124-3p,hsa,RIN1,9610.0,hsa,Microarray,Functional MTI (Weak),18668037.0
MIRT023072,hsa-miR-124-3p,hsa,HOXC9,3225.0,hsa,Microarray,Functional MTI (Weak),18668037.0
MIRT023073,hsa-miR-124-3p,hsa,PCSK9,255738.0,hsa,Microarray,Functional MTI (Weak),18668037.0
MIRT004929,hsa-miR-124-3p,hsa,ARAF,369.0,hsa,Microarray,Functional MTI (Weak),15685193.0
MIRT023074,hsa-miR-124-3p,hsa,LYVE1,10894.0,hsa,Microarray,Functional MTI (Weak),18668037.0
MIRT023075,hsa-miR-124-3p,hsa,GNA12,2768.0,hsa,Microarray,Functional MTI (Weak),18668037.0
MIRT023076,hsa-miR-124-3p,hsa,L1CAM,3897.0,hsa,Microarray,Functional MTI (Weak),18668037.0
MIRT023078,hsa-miR-124-3p,hsa,CCDC39,339829.0,hsa,Microarray,Functional MTI (Weak),18668037.0
MIRT023080,hsa-miR-124-3p,hsa,IKBIP,121457.0,hsa,Microarray,Functional MTI (Weak),18668037.0
MIRT023081,hsa-miR-124-3p,hsa,IGFN1,91156.0,hsa,Microarray,Functional MTI (Weak),18668037.0
MIRT023082,hsa-miR-124-3p,hsa,STAT5A,6776.0,hsa,Microarray,Functional MTI (Weak),18668037.0
MIRT023084,hsa-miR-124-3p,hsa,CXCL1,2919.0,hsa,Microarray,Functional MTI (Weak),18668037.0
MIRT023085,hsa-miR-124-3p,hsa,CAMP,820.0,hsa,Microarray,Functional MTI (Weak),18668037.0
MIRT023086,hsa-miR-124-3p,hsa,SMIM12,113444.0,hsa,Microarray,Functional MTI (Weak),18668037.0
MIRT023087,hsa-miR-124-3p,hsa,CMTM3,123920.0,hsa,Microarray,Functional MTI (Weak),18668037.0
MIRT023088,hsa-miR-124-3p,hsa,PLEKHM2,23207.0,hsa,Microarray,Functional MTI (Weak),18668037.0
MIRT023089,hsa-miR-124-3p,hsa,TMEM102,284114.0,hsa,Microarray,Functional MTI (Weak),18668037.0
MIRT023090,hsa-miR-124-3p,hsa,IL18R1,8809.0,hsa,Microarray,Functional MTI (Weak),18668037.0
MIRT023091,hsa-miR-124-3p,hsa,HCN2,610.0,hsa,Microarray,Functional MTI (Weak),18668037.0
MIRT023092,hsa-miR-124-3p,hsa,LAMB3,3914.0,hsa,Microarray,Functional MTI (Weak),18668037.0
MIRT023093,hsa-miR-124-3p,hsa,DUSP2,1844.0,hsa,Microarray,Functional MTI (Weak),18668037.0
MIRT023094,hsa-miR-124-3p,hsa,MPRIP,23164.0,hsa,Proteomics,Functional MTI (Weak),18668037.0
MIRT023095,hsa-miR-124-3p,hsa,WASF4P,644739.0,hsa,Microarray,Functional MTI (Weak),18668037.0
MIRT023096,hsa-miR-124-3p,hsa,DGKA,1606.0,hsa,Microarray,Functional MTI (Weak),18668037.0
MIRT023097,hsa-miR-124-3p,hsa,SLC26A4,5172.0,hsa,Microarray,Functional MTI (Weak),18668037.0
MIRT023098,hsa-miR-124-3p,hsa,DUS4L,11062.0,hsa,Microarray,Functional MTI (Weak),18668037.0
MIRT023100,hsa-miR-124-3p,hsa,EYS,346007.0,hsa,Microarray,Functional MTI (Weak),18668037.0
MIRT023101,hsa-miR-124-3p,hsa,ECE2,9718.0,hsa,Microarray,Functional MTI (Weak),18668037.0
MIRT023102,hsa-miR-124-3p,hsa,C12orf40,283461.0,hsa,Microarray,Functional MTI (Weak),18668037.0
MIRT023103,hsa-miR-124-3p,hsa,KIF7,374654.0,hsa,Microarray,Functional MTI (Weak),18668037.0
MIRT023104,hsa-miR-124-3p,hsa,MICAL1,64780.0,hsa,Microarray,Functional MTI (Weak),18668037.0
MIRT023105,hsa-miR-124-3p,hsa,SC5D,6309.0,hsa,Microarray,Functional MTI (Weak),18668037.0
MIRT023106,hsa-miR-124-3p,hsa,KIF1B,23095.0,hsa,Microarray,Functional MTI (Weak),18668037.0
MIRT023107,hsa-miR-124-3p,hsa,AGTR1,185.0,hsa,Microarray,Functional MTI (Weak),18668037.0
MIRT023108,hsa-miR-124-3p,hsa,PLEKHA7,144100.0,hsa,Microarray,Functional MTI (Weak),18668037.0
MIRT023109,hsa-miR-124-3p,hsa,FCF1,51077.0,hsa,Microarray,Functional MTI (Weak),18668037.0
MIRT023110,hsa-miR-124-3p,hsa,NR4A1,3164.0,hsa,Microarray,Functional MTI (Weak),18668037.0
MIRT023111,hsa-miR-124-3p,hsa,ABT1,29777.0,hsa,Microarray,Functional MTI (Weak),18668037.0
MIRT023112,hsa-miR-124-3p,hsa,THEM6,51337.0,hsa,Microarray,Functional MTI (Weak),18668037.0
MIRT023113,hsa-miR-124-3p,hsa,MAP3K3,4215.0,hsa,Microarray,Functional MTI (Weak),18668037.0
MIRT023114,hsa-miR-124-3p,hsa,EML1,2009.0,hsa,Microarray,Functional MTI (Weak),18668037.0
MIRT023115,hsa-miR-124-3p,hsa,IL1R1,3554.0,hsa,Microarray,Functional MTI (Weak),18668037.0
MIRT023116,hsa-miR-124-3p,hsa,RCAN1,1827.0,hsa,Microarray,Functional MTI (Weak),18668037.0
MIRT023117,hsa-miR-124-3p,hsa,DISC1,27185.0,hsa,Microarray,Functional MTI (Weak),18668037.0
MIRT023118,hsa-miR-124-3p,hsa,RFX2,5990.0,hsa,Microarray,Functional MTI (Weak),18668037.0
MIRT023119,hsa-miR-124-3p,hsa,USP38,84640.0,hsa,Microarray,Functional MTI (Weak),18668037.0
MIRT023120,hsa-miR-124-3p,hsa,LIMD2,80774.0,hsa,Microarray,Functional MTI (Weak),18668037.0
MIRT023121,hsa-miR-124-3p,hsa,CBX2,84733.0,hsa,Microarray,Functional MTI (Weak),18668037.0
MIRT023122,hsa-miR-124-3p,hsa,DDX3Y,8653.0,hsa,Microarray,Functional MTI (Weak),18668037.0
MIRT023123,hsa-miR-124-3p,hsa,LTA4H,4048.0,hsa,Microarray,Functional MTI (Weak),18668037.0
MIRT023124,hsa-miR-124-3p,hsa,FPGS,2356.0,hsa,Microarray,Functional MTI (Weak),18668037.0
MIRT023125,hsa-miR-124-3p,hsa,SH3PXD2A,9644.0,hsa,Microarray,Functional MTI (Weak),18668037.0
MIRT023126,hsa-miR-124-3p,hsa,SOS2,6655.0,hsa,Microarray,Functional MTI (Weak),18668037.0
MIRT023127,hsa-miR-124-3p,hsa,LMAN2L,81562.0,hsa,Microarray,Functional MTI (Weak),18668037.0
MIRT023128,hsa-miR-124-3p,hsa,SH2B3,10019.0,hsa,Microarray,Functional MTI (Weak),18668037.0
MIRT023129,hsa-miR-124-3p,hsa,IRAK3,11213.0,hsa,Microarray,Functional MTI (Weak),18668037.0
MIRT002905,hsa-miR-124-3p,hsa,RFFL,117584.0,hsa,Microarray,Functional MTI (Weak),18668037.0
MIRT023130,hsa-miR-124-3p,hsa,FRMD8,83786.0,hsa,Microarray,Functional MTI (Weak),18668037.0
MIRT023131,hsa-miR-124-3p,hsa,MED10,84246.0,hsa,Proteomics;Microarray,Non-Functional MTI (Weak),18668037.0
MIRT023132,hsa-miR-124-3p,hsa,DDX50,79009.0,hsa,Proteomics;Microarray,Functional MTI (Weak),18668037.0
MIRT023133,hsa-miR-124-3p,hsa,SRBD1,55133.0,hsa,Proteomics;Microarray,Functional MTI (Weak),18668037.0
MIRT023135,hsa-miR-124-3p,hsa,TPM1,7168.0,hsa,Proteomics;Microarray,Non-Functional MTI (Weak),18668037.0
MIRT023136,hsa-miR-124-3p,hsa,ATXN2L,11273.0,hsa,Proteomics;Microarray,Functional MTI (Weak),18668037.0
MIRT023137,hsa-miR-124-3p,hsa,SPIN3,169981.0,hsa,Proteomics;Microarray,Functional MTI (Weak),18668037.0
MIRT023138,hsa-miR-124-3p,hsa,ZBTB2,57621.0,hsa,Proteomics;Microarray,Non-Functional MTI (Weak),18668037.0
MIRT023139,hsa-miR-124-3p,hsa,LLPH,84298.0,hsa,Proteomics;Microarray,Functional MTI (Weak),18668037.0
MIRT023140,hsa-miR-124-3p,hsa,GTF3C5,9328.0,hsa,Proteomics;Microarray,Non-Functional MTI (Weak),18668037.0
MIRT023141,hsa-miR-124-3p,hsa,NRAS,4893.0,hsa,Proteomics;Microarray,Non-Functional MTI (Weak),18668037.0
MIRT023142,hsa-miR-124-3p,hsa,PLEC,5339.0,hsa,Proteomics;Microarray,Functional MTI (Weak),18668037.0
MIRT002700,hsa-miR-124-3p,hsa,STX10,8677.0,hsa,Microarray,Functional MTI (Weak),18668037.0
MIRT002700,hsa-miR-124-3p,hsa,STX10,8677.0,hsa,Microarray,Functional MTI (Weak),15685193.0
MIRT002623,hsa-miR-124-3p,hsa,DCTD,1635.0,hsa,Microarray,Functional MTI (Weak),18668037.0
MIRT002623,hsa-miR-124-3p,hsa,DCTD,1635.0,hsa,Microarray,Functional MTI (Weak),15685193.0
MIRT002560,hsa-miR-124-3p,hsa,DFFB,1677.0,hsa,Microarray,Functional MTI (Weak),18668037.0
MIRT002560,hsa-miR-124-3p,hsa,DFFB,1677.0,hsa,Microarray,Functional MTI (Weak),15685193.0
MIRT002658,hsa-miR-124-3p,hsa,CTNND1,1500.0,hsa,Microarray,Functional MTI (Weak),18668037.0
MIRT002658,hsa-miR-124-3p,hsa,CTNND1,1500.0,hsa,Microarray,Functional MTI (Weak),15685193.0
MIRT002625,hsa-miR-124-3p,hsa,CDK4,1019.0,hsa,Proteomics;Microarray,Non-Functional MTI (Weak),18668037.0
MIRT002625,hsa-miR-124-3p,hsa,CDK4,1019.0,hsa,Microarray,Functional MTI (Weak),15685193.0
MIRT002624,hsa-miR-124-3p,hsa,CD59,966.0,hsa,Proteomics;Microarray,Non-Functional MTI (Weak),18668037.0
MIRT002624,hsa-miR-124-3p,hsa,CD59,966.0,hsa,Microarray,Functional MTI (Weak),15685193.0
MIRT002670,hsa-miR-124-3p,hsa,DNM2,1785.0,hsa,Proteomics;Microarray,Functional MTI (Weak),18668037.0
MIRT002670,hsa-miR-124-3p,hsa,DNM2,1785.0,hsa,Microarray,Functional MTI (Weak),15685193.0
MIRT023143,hsa-miR-124-3p,hsa,MFSD12,126321.0,hsa,Microarray,Functional MTI (Weak),18668037.0
MIRT023144,hsa-miR-124-3p,hsa,KIRREL2,84063.0,hsa,Microarray,Functional MTI (Weak),18668037.0
MIRT023145,hsa-miR-124-3p,hsa,LRRN1,57633.0,hsa,Microarray,Functional MTI (Weak),18668037.0
MIRT023146,hsa-miR-124-3p,hsa,CHIC2,26511.0,hsa,Microarray,Functional MTI (Weak),18668037.0
MIRT023147,hsa-miR-124-3p,hsa,IQCK,124152.0,hsa,Microarray,Functional MTI (Weak),18668037.0
MIRT023148,hsa-miR-124-3p,hsa,EIF3L,51386.0,hsa,Proteomics,Functional MTI (Weak),18668037.0
MIRT023149,hsa-miR-124-3p,hsa,PTK7,5754.0,hsa,Microarray,Functional MTI (Weak),18668037.0
MIRT023150,hsa-miR-124-3p,hsa,SLC39A3,29985.0,hsa,Microarray,Functional MTI (Weak),18668037.0
MIRT023151,hsa-miR-124-3p,hsa,GDF10,2662.0,hsa,Microarray,Functional MTI (Weak),18668037.0
MIRT023152,hsa-miR-124-3p,hsa,LRP10,26020.0,hsa,Microarray,Functional MTI (Weak),18668037.0
MIRT023153,hsa-miR-124-3p,hsa,RAB8A,4218.0,hsa,Microarray,Functional MTI (Weak),18668037.0
MIRT023154,hsa-miR-124-3p,hsa,LCLAT1,253558.0,hsa,Microarray,Functional MTI (Weak),18668037.0
MIRT023155,hsa-miR-124-3p,hsa,FAM120A,23196.0,hsa,Microarray,Functional MTI (Weak),18668037.0
MIRT023156,hsa-miR-124-3p,hsa,MOV10,4343.0,hsa,Microarray,Functional MTI (Weak),18668037.0
MIRT023157,hsa-miR-124-3p,hsa,TMED9,54732.0,hsa,Microarray,Functional MTI (Weak),18668037.0
MIRT023158,hsa-miR-124-3p,hsa,ESYT1,23344.0,hsa,Microarray,Functional MTI (Weak),18668037.0
MIRT023159,hsa-miR-124-3p,hsa,CRLF1,9244.0,hsa,Microarray,Functional MTI (Weak),18668037.0
MIRT023160,hsa-miR-124-3p,hsa,KCNK18,338567.0,hsa,Microarray,Functional MTI (Weak),18668037.0
MIRT023161,hsa-miR-124-3p,hsa,PSD4,23550.0,hsa,Microarray,Functional MTI (Weak),18668037.0
MIRT023162,hsa-miR-124-3p,hsa,PHF7,51533.0,hsa,Microarray,Functional MTI (Weak),18668037.0
MIRT023163,hsa-miR-124-3p,hsa,CHCHD7,79145.0,hsa,Microarray,Functional MTI (Weak),18668037.0
MIRT023164,hsa-miR-124-3p,hsa,NBL1,4681.0,hsa,Microarray,Functional MTI (Weak),18668037.0
MIRT023165,hsa-miR-124-3p,hsa,PRRX2,51450.0,hsa,Microarray,Functional MTI (Weak),18668037.0
MIRT023166,hsa-miR-124-3p,hsa,MMP19,4327.0,hsa,Microarray,Functional MTI (Weak),18668037.0
MIRT023167,hsa-miR-124-3p,hsa,FAM167A,83648.0,hsa,Microarray,Functional MTI (Weak),18668037.0
MIRT023168,hsa-miR-124-3p,hsa,TMTC2,160335.0,hsa,Microarray,Functional MTI (Weak),18668037.0
MIRT023169,hsa-miR-124-3p,hsa,EMP1,2012.0,hsa,Microarray,Functional MTI (Weak),18668037.0
MIRT023170,hsa-miR-124-3p,hsa,BDKRB1,623.0,hsa,Microarray,Functional MTI (Weak),18668037.0
MIRT023171,hsa-miR-124-3p,hsa,RXFP1,59350.0,hsa,Microarray,Functional MTI (Weak),18668037.0
MIRT023172,hsa-miR-124-3p,hsa,ARPC5L,81873.0,hsa,Proteomics,Functional MTI (Weak),18668037.0
MIRT023173,hsa-miR-124-3p,hsa,UBE2R2,54926.0,hsa,Microarray,Functional MTI (Weak),18668037.0
MIRT023174,hsa-miR-124-3p,hsa,PDPR,55066.0,hsa,Microarray,Functional MTI (Weak),18668037.0
MIRT023175,hsa-miR-124-3p,hsa,ZNF420,147923.0,hsa,Microarray,Functional MTI (Weak),18668037.0
MIRT023176,hsa-miR-124-3p,hsa,PLXNA2,5362.0,hsa,Microarray,Functional MTI (Weak),18668037.0
MIRT023177,hsa-miR-124-3p,hsa,ID2,3398.0,hsa,Microarray,Functional MTI (Weak),18668037.0
MIRT023178,hsa-miR-124-3p,hsa,MFSD1,64747.0,hsa,Microarray,Functional MTI (Weak),18668037.0
MIRT023179,hsa-miR-124-3p,hsa,ERBB2,2064.0,hsa,Microarray,Functional MTI (Weak),18668037.0
MIRT023180,hsa-miR-124-3p,hsa,HSD17B6,8630.0,hsa,Microarray,Functional MTI (Weak),18668037.0
MIRT023181,hsa-miR-124-3p,hsa,TNPO1,3842.0,hsa,Microarray,Functional MTI (Weak),18668037.0
MIRT023182,hsa-miR-124-3p,hsa,SLC44A2,57153.0,hsa,Microarray,Functional MTI (Weak),18668037.0
MIRT023183,hsa-miR-124-3p,hsa,RAPGEF3,10411.0,hsa,Microarray,Functional MTI (Weak),18668037.0
MIRT023184,hsa-miR-124-3p,hsa,ACSL5,51703.0,hsa,Microarray,Functional MTI (Weak),18668037.0
MIRT023185,hsa-miR-124-3p,hsa,GALNT7,51809.0,hsa,Microarray,Functional MTI (Weak),18668037.0
MIRT023186,hsa-miR-124-3p,hsa,CNOT11,55571.0,hsa,Microarray,Functional MTI (Weak),18668037.0
MIRT023187,hsa-miR-124-3p,hsa,PAQR3,152559.0,hsa,Microarray,Functional MTI (Weak),18668037.0
MIRT023188,hsa-miR-124-3p,hsa,HS1BP3,64342.0,hsa,Microarray,Functional MTI (Weak),18668037.0
MIRT023189,hsa-miR-124-3p,hsa,TGDS,23483.0,hsa,Microarray,Functional MTI (Weak),18668037.0
MIRT023190,hsa-miR-124-3p,hsa,CALU,813.0,hsa,Microarray,Functional MTI (Weak),18668037.0
MIRT023191,hsa-miR-124-3p,hsa,BICD2,23299.0,hsa,Microarray,Functional MTI (Weak),18668037.0
MIRT023192,hsa-miR-124-3p,hsa,EGR1,1958.0,hsa,Microarray,Functional MTI (Weak),18668037.0
MIRT023193,hsa-miR-124-3p,hsa,RBCK1,10616.0,hsa,Microarray,Functional MTI (Weak),18668037.0
MIRT023194,hsa-miR-124-3p,hsa,FSTL3,10272.0,hsa,Microarray,Functional MTI (Weak),18668037.0
MIRT023195,hsa-miR-124-3p,hsa,TCF3,6929.0,hsa,Microarray,Functional MTI (Weak),18668037.0
MIRT023196,hsa-miR-124-3p,hsa,PLXNB2,23654.0,hsa,Microarray,Functional MTI (Weak),18668037.0
MIRT023197,hsa-miR-124-3p,hsa,CDH2,1000.0,hsa,Microarray,Functional MTI (Weak),18668037.0
MIRT023198,hsa-miR-124-3p,hsa,TRIB3,57761.0,hsa,Microarray,Functional MTI (Weak),18668037.0
MIRT023199,hsa-miR-124-3p,hsa,CRTC3,64784.0,hsa,Microarray,Functional MTI (Weak),18668037.0
MIRT023200,hsa-miR-124-3p,hsa,FARP1,10160.0,hsa,Microarray,Functional MTI (Weak),18668037.0
MIRT023201,hsa-miR-124-3p,hsa,CDON,50937.0,hsa,Microarray,Functional MTI (Weak),18668037.0
MIRT023202,hsa-miR-124-3p,hsa,TNFRSF11B,4982.0,hsa,Microarray,Functional MTI (Weak),18668037.0
MIRT023203,hsa-miR-124-3p,hsa,SCAMP2,10066.0,hsa,Microarray,Functional MTI (Weak),18668037.0
MIRT023204,hsa-miR-124-3p,hsa,PNPLA2,57104.0,hsa,Microarray,Functional MTI (Weak),18668037.0
MIRT023205,hsa-miR-124-3p,hsa,OSBP,5007.0,hsa,Microarray,Functional MTI (Weak),18668037.0
MIRT001830,hsa-miR-124-3p,hsa,SUCLG2,8801.0,hsa,Microarray,Functional MTI (Weak),16549876.0
MIRT023206,hsa-miR-124-3p,hsa,SNAP23,8773.0,hsa,Proteomics;Microarray,Functional MTI (Weak),18668037.0
MIRT023207,hsa-miR-124-3p,hsa,POLR2B,5431.0,hsa,Proteomics;Microarray,Functional MTI (Weak),18668037.0
MIRT023208,hsa-miR-124-3p,hsa,TERF2,7014.0,hsa,Proteomics;Microarray,Functional MTI (Weak),18668037.0
MIRT023209,hsa-miR-124-3p,hsa,PICALM,8301.0,hsa,Proteomics;Microarray,Functional MTI (Weak),18668037.0
MIRT023210,hsa-miR-124-3p,hsa,PCNA,5111.0,hsa,Proteomics;Microarray,Functional MTI (Weak),18668037.0
MIRT023211,hsa-miR-124-3p,hsa,SNRPD3,6634.0,hsa,Proteomics;Microarray,Non-Functional MTI (Weak),18668037.0
MIRT023213,hsa-miR-124-3p,hsa,RCC1,1104.0,hsa,Proteomics;Microarray,Non-Functional MTI (Weak),18668037.0
MIRT023214,hsa-miR-124-3p,hsa,FHL2,2274.0,hsa,Proteomics;Microarray,Functional MTI (Weak),18668037.0
MIRT023215,hsa-miR-124-3p,hsa,CPSF4,10898.0,hsa,Proteomics;Microarray,Non-Functional MTI (Weak),18668037.0
MIRT002694,hsa-miR-124-3p,hsa,SWAP70,23075.0,hsa,Microarray;Other,Functional MTI (Weak),15685193.0
MIRT023216,hsa-miR-124-3p,hsa,NFIX,4784.0,hsa,Proteomics;Microarray,Functional MTI (Weak),18668037.0
MIRT002707,hsa-miR-124-3p,hsa,AK2,204.0,hsa,Microarray;Other,Functional MTI (Weak),15685193.0
MIRT003839,hsa-miR-124-3p,hsa,ATP6V0E1,8992.0,hsa,qRT-PCR,Functional MTI (Weak),16549876.0
MIRT002572,hsa-miR-124-3p,hsa,G3BP1,10146.0,hsa,Proteomics;Microarray,Functional MTI (Weak),18668037.0
MIRT002585,hsa-miR-124-3p,hsa,SLC15A4,121260.0,hsa,Microarray,Functional MTI (Weak),15685193.0
MIRT002585,hsa-miR-124-3p,hsa,SLC15A4,121260.0,hsa,Microarray,Functional MTI (Weak),18668037.0
MIRT002655,hsa-miR-124-3p,hsa,PLP2,5355.0,hsa,Microarray,Functional MTI (Weak),18668037.0
MIRT002655,hsa-miR-124-3p,hsa,PLP2,5355.0,hsa,Microarray,Functional MTI (Weak),15685193.0
MIRT002687,hsa-miR-124-3p,hsa,PHF19,26147.0,hsa,Microarray,Functional MTI (Weak),15685193.0
MIRT002687,hsa-miR-124-3p,hsa,PHF19,26147.0,hsa,Microarray,Functional MTI (Weak),18668037.0
MIRT002678,hsa-miR-124-3p,hsa,F11R,50848.0,hsa,Microarray,Functional MTI (Weak),15685193.0
MIRT002678,hsa-miR-124-3p,hsa,F11R,50848.0,hsa,Microarray,Functional MTI (Weak),18668037.0
MIRT001830,hsa-miR-124-3p,hsa,SUCLG2,8801.0,hsa,qRT-PCR;Other,Functional MTI (Weak),16549876.0
MIRT002729,hsa-miR-124-3p,hsa,CTDSP1,58190.0,hsa,Microarray,Functional MTI (Weak),18668037.0
MIRT002729,hsa-miR-124-3p,hsa,CTDSP1,58190.0,hsa,Reporter assay,Functional MTI (Weak),17403776.0
MIRT002729,hsa-miR-124-3p,hsa,CTDSP1,58190.0,hsa,Microarray,Functional MTI (Weak),15685193.0
MIRT002625,hsa-miR-124-3p,hsa,CDK4,1019.0,hsa,Luciferase reporter assay//Western blot,Functional MTI,23761023.0
MIRT046107,hsa-miR-124-3p,hsa,GPX4,2879.0,hsa,CLASH,Functional MTI (Weak),23622248.0
MIRT046106,hsa-miR-124-3p,hsa,HMGB3,3149.0,hsa,CLASH,Functional MTI (Weak),23622248.0
MIRT022271,hsa-miR-124-3p,hsa,SPHK1,8877.0,hsa,Luciferase reporter assay//qRT-PCR,Non-Functional MTI,24279510.0
MIRT022156,hsa-miR-124-3p,hsa,RRAS,6237.0,hsa,Luciferase reporter assay//qRT-PCR//Western blot,Functional MTI,24861879.0
MIRT022156,hsa-miR-124-3p,hsa,RRAS,6237.0,hsa,Luciferase reporter assay//qRT-PCR//Western blot,Non-Functional MTI,24861879.0
MIRT052931,hsa-miR-124-3p,hsa,STAT3,6774.0,hsa,Luciferase reporter assay//qRT-PCR//Western blot,Functional MTI,24287565.0
MIRT053025,hsa-miR-124-3p,hsa,RAC1,5879.0,hsa,qRT-PCR//Western blot//Luciferase assay,Functional MTI,23334332.0
MIRT052931,hsa-miR-124-3p,hsa,STAT3,6774.0,hsa,Immunofluorescence//Immunohistochemistry//Luciferase reporter assay//Western blot,Functional MTI,24211205.0
MIRT006479,hsa-miR-124-3p,hsa,EZH2,2146.0,hsa, MKN-28,Functional MTI (Weak),24658854.0
MIRT053288,hsa-miR-124-3p,hsa,JAG1,182.0,hsa,Luciferase reporter assay//qRT-PCR//Western blot,Functional MTI,22336710.0
MIRT002918,hsa-miR-124-3p,hsa,NFATC1,4772.0,hsa,Luciferase reporter assay//qRT-PCR//Western blot,Functional MTI,23853098.0
MIRT002918,hsa-miR-124-3p,hsa,NFATC1,4772.0,hsa,Luciferase reporter assay//qRT-PCR//Western blot,Functional MTI,23853098.0
MIRT002918,hsa-miR-124-3p,hsa,NFATC1,4772.0,hsa,Luciferase reporter assay//qRT-PCR//Western blot,Non-Functional MTI,23853098.0
MIRT002918,hsa-miR-124-3p,hsa,NFATC1,4772.0,hsa,Luciferase reporter assay//qRT-PCR//Western blot,Non-Functional MTI,23853098.0
MIRT053290,hsa-miR-124-3p,hsa,CAMTA1,23261.0,hsa,Luciferase reporter assay//qRT-PCR//Western blot,Functional MTI,23853098.0
MIRT002647,hsa-miR-124-3p,hsa,PTBP1,5725.0,hsa,Luciferase reporter assay//qRT-PCR//Western blot,Functional MTI,23853098.0
MIRT053356,hsa-miR-124-3p,hsa,CLOCK,9575.0,hsa,Luciferase reporter assay//qRT-PCR//Western blot,Functional MTI,23792158.0
MIRT022271,hsa-miR-124-3p,hsa,SPHK1,8877.0,hsa,Flow//Immunohistochemistry//Luciferase reporter assay//qRT-PCR//Western blot,Functional MTI,22450659.0
MIRT022271,hsa-miR-124-3p,hsa,SPHK1,8877.0,hsa,Flow//Immunohistochemistry//Luciferase reporter assay//qRT-PCR//Western blot,Non-Functional MTI,22450659.0
MIRT006479,hsa-miR-124-3p,hsa,EZH2,2146.0,hsa,Luciferase reporter assay//qRT-PCR//Quantitative proteomic approach,Functional MTI,24658854.0
MIRT006479,hsa-miR-124-3p,hsa,EZH2,2146.0,hsa,Luciferase reporter assay//qRT-PCR//Quantitative proteomic approach,Non-Functional MTI,24658854.0
0,hsa-miR-124-3p,hsa,ADAM17,6868.0,hsa,ELISA//qRT-PCR//Immunoblot//Luciferase reporter assay,Functional MTI,23979021.0
MIRT006776,hsa-miR-124-3p,hsa,ROCK1,6093.0,hsa,Luciferase reporter assay//qRT-PCR//Western blot,Functional MTI,25169484.0
MIRT006776,hsa-miR-124-3p,hsa,ROCK1,6093.0,hsa,Luciferase reporter assay//qRT-PCR//Western blot,Non-Functional MTI,25169484.0
MIRT054241,hsa-miR-124-3p,hsa,SYCP1,6847.0,hsa,Flow cytometry//In situ hybridization//Luciferase reporter assay//qRT-PCR//Western blot,Functional MTI,23548312.0
MIRT002647,hsa-miR-124-3p,hsa,PTBP1,5725.0,hsa,Luciferase reporter assay//qRT-PCR//Western blot,Functional MTI,22895557.0
MIRT054395,hsa-miR-124-3p,hsa,HNRNPA2B1,3181.0,hsa,Luciferase reporter assay//qRT-PCR//Western blot,Functional MTI,22895557.0
MIRT004042,hsa-miR-124-3p,hsa,PPP1R13L,10848.0,hsa,Luciferase reporter assay//Western Blotting//qRT-PCR,Functional MTI,23691514.0
MIRT004042,hsa-miR-124-3p,hsa,PPP1R13L,10848.0,hsa,Luciferase reporter assay//Western Blotting//qRT-PCR,Functional MTI,23691514.0
MIRT054694,hsa-miR-124-3p,hsa,REST,5978.0,hsa," U87 and T98""",Functional MTI (Weak),24068568.0
MIRT002647,hsa-miR-124-3p,hsa,PTBP1,5725.0,hsa,Western blot//qRT-PCR,Functional MTI,24865424.0
MIRT006479,hsa-miR-124-3p,hsa,EZH2,2146.0,hsa,Northern blot//qRT-PCR//Microarray//Immunofluorescence staining//Immunoblotting,Functional MTI (Weak),24878960.0
MIRT054900,hsa-miR-124-3p,hsa,RGS4,5999.0,hsa,Luciferase reporter assay,Functional MTI,23332465.0
MIRT054900,hsa-miR-124-3p,hsa,RGS4,5999.0,hsa,Luciferase reporter assay,Functional MTI,23332465.0
MIRT002625,hsa-miR-124-3p,hsa,CDK4,1019.0,hsa,Luciferase reporter assay//Western blot,Functional MTI,23404119.0
MIRT002642,hsa-miR-124-3p,hsa,CDK6,1021.0,hsa,Luciferase reporter assay//Western blot,Functional MTI,23404119.0
MIRT054918,hsa-miR-124-3p,hsa,CCND2,894.0,hsa,Luciferase reporter assay//Western blot,Functional MTI,23404119.0
MIRT006479,hsa-miR-124-3p,hsa,EZH2,2146.0,hsa,Luciferase reporter assay//Western blot,Functional MTI,23404119.0
MIRT437343,hsa-miR-124-3p,hsa,GRIA2,2891.0,hsa,Luciferase reporter assay//qRT-PCR,Functional MTI,23595422.0
MIRT437344,hsa-miR-124-3p,hsa,GRIA3,2892.0,hsa,Luciferase reporter assay//qRT-PCR,Functional MTI,23595422.0
MIRT022976,hsa-miR-124-3p,hsa,CD151,977.0,hsa,Flow//Luciferase reporter assay//qRT-PCR//Western blot,Functional MTI,23816858.0
MIRT022976,hsa-miR-124-3p,hsa,CD151,977.0,hsa,Flow//Luciferase reporter assay//qRT-PCR//Western blot,Non-Functional MTI,23816858.0
MIRT437439,hsa-miR-124-3p,hsa,SOS1,6654.0,hsa,Luciferase reporter assay//qRT-PCR//Western blot,Functional MTI,23817964.0
MIRT437439,hsa-miR-124-3p,hsa,SOS1,6654.0,hsa,Luciferase reporter assay//qRT-PCR//Western blot,Non-Functional MTI,23817964.0
MIRT437439,hsa-miR-124-3p,hsa,SOS1,6654.0,hsa,Luciferase reporter assay//qRT-PCR//Western blot,Functional MTI,23817964.0
MIRT437439,hsa-miR-124-3p,hsa,SOS1,6654.0,hsa,Luciferase reporter assay//qRT-PCR//Western blot,Non-Functional MTI,23817964.0
MIRT437439,hsa-miR-124-3p,hsa,SOS1,6654.0,hsa,Luciferase reporter assay//qRT-PCR//Western blot,Functional MTI,23817964.0
MIRT437439,hsa-miR-124-3p,hsa,SOS1,6654.0,hsa,Luciferase reporter assay//qRT-PCR//Western blot,Non-Functional MTI,23817964.0
MIRT002647,hsa-miR-124-3p,hsa,PTBP1,5725.0,hsa,Luciferase reporter assay//qRT-PCR//Western blot,Functional MTI,24122720.0
MIRT002647,hsa-miR-124-3p,hsa,PTBP1,5725.0,hsa,Luciferase reporter assay//qRT-PCR//Western blot,Non-Functional MTI,24122720.0
MIRT002647,hsa-miR-124-3p,hsa,PTBP1,5725.0,hsa,Luciferase reporter assay//qRT-PCR//Western blot,Non-Functional MTI,24122720.0
MIRT004284,hsa-miR-124-3p,hsa,CCL2,6347.0,hsa,Luciferase reporter assay//qRT-PCR//Western blot,Functional MTI,24122720.0
MIRT004284,hsa-miR-124-3p,hsa,CCL2,6347.0,hsa,Luciferase reporter assay//qRT-PCR//Western blot,Non-Functional MTI,24122720.0
MIRT004284,hsa-miR-124-3p,hsa,CCL2,6347.0,hsa,Luciferase reporter assay//qRT-PCR//Western blot,Non-Functional MTI,24122720.0
MIRT004042,hsa-miR-124-3p,hsa,PPP1R13L,10848.0,hsa,Luciferase reporter assay//Western blot,Functional MTI,23624869.0
MIRT437901,hsa-miR-124-3p,hsa,GRIA1,2890.0,hsa,Luciferase reporter assay//qRT-PCR,Functional MTI,23595422.0
MIRT000362,hsa-miR-124-3p,hsa,BDNF,627.0,hsa,LacZ reporter assay,Functional MTI (Weak),23601049.0
MIRT054241,hsa-miR-124-3p,hsa,SYCP1,6847.0,hsa,Luciferase reporter assay,Functional MTI,23313552.0
MIRT002719,hsa-miR-124-3p,hsa,CAV1,857.0,hsa,Luciferase reporter assay//qRT-PCR//Western blot,Functional MTI,24000013.0
MIRT052931,hsa-miR-124-3p,hsa,STAT3,6774.0,hsa,ELISA//Immunohistochemistry//Luciferase reporter assay//qRT-PCR//Western blot,Functional MTI,23856509.0
MIRT052931,hsa-miR-124-3p,hsa,STAT3,6774.0,hsa,ELISA//Immunohistochemistry//Luciferase reporter assay//qRT-PCR//Western blot,Non-Functional MTI,23856509.0
MIRT002610,hsa-miR-124-3p,hsa,MAPK14,1432.0,hsa,Immunoblot//Luciferase reporter assay//qRT-PCR,Functional MTI,23109423.0
MIRT438398,hsa-miR-124-3p,hsa,CD274,29126.0,hsa,Luciferase reporter assay//qRT-PCR,Functional MTI,24577056.0
MIRT438360,hsa-miR-124-3p,hsa,HOTAIR,100124700.0,hsa,Flow//Immunohistochemistry//Luciferase reporter assay//qRT-PCR//Western blot,Functional MTI,24775712.0
MIRT438360,hsa-miR-124-3p,hsa,HOTAIR,100124700.0,hsa,Flow//Immunohistochemistry//Luciferase reporter assay//qRT-PCR//Western blot,Non-Functional MTI,24775712.0
MIRT061247,hsa-miR-124-3p,hsa,AMOTL1,154810.0,hsa,GFP reporter assay//Western blot//qRT-PCR,Functional MTI,25218344.0
MIRT061247,hsa-miR-124-3p,hsa,AMOTL1,154810.0,hsa,GFP reporter assay//Western blot//qRT-PCR,Functional MTI,25218344.0
MIRT438215,hsa-miR-124-3p,hsa,FLOT1,10211.0,hsa,Luciferase reporter assay//qRT-PCR,Functional MTI,24330780.0
MIRT438215,hsa-miR-124-3p,hsa,FLOT1,10211.0,hsa,Luciferase reporter assay//qRT-PCR,Functional MTI,24330780.0
MIRT022229,hsa-miR-124-3p,hsa,KLF6,1316.0,hsa,Luciferase reporter assay,Functional MTI,24184980.0
MIRT022229,hsa-miR-124-3p,hsa,KLF6,1316.0,hsa,Luciferase reporter assay,Non-Functional MTI,24184980.0
MIRT022229,hsa-miR-124-3p,hsa,KLF6,1316.0,hsa,Luciferase reporter assay,Functional MTI,24184980.0
MIRT022229,hsa-miR-124-3p,hsa,KLF6,1316.0,hsa,Luciferase reporter assay,Non-Functional MTI,24184980.0
MIRT052931,hsa-miR-124-3p,hsa,STAT3,6774.0,hsa,Luciferase reporter assay,Functional MTI,24184980.0
MIRT052931,hsa-miR-124-3p,hsa,STAT3,6774.0,hsa,Luciferase reporter assay,Non-Functional MTI,24184980.0
MIRT438151,hsa-miR-124-3p,hsa,XRCC6,2547.0,hsa,Luciferase reporter assay,Functional MTI,24166354.0
MIRT438151,hsa-miR-124-3p,hsa,XRCC6,2547.0,hsa,Luciferase reporter assay,Functional MTI,24166354.0
MIRT438151,hsa-miR-124-3p,hsa,XRCC6,2547.0,hsa,Luciferase reporter assay,Functional MTI,24166354.0
MIRT438151,hsa-miR-124-3p,hsa,XRCC6,2547.0,hsa,Luciferase reporter assay,Non-Functional MTI,24166354.0
MIRT438114,hsa-miR-124-3p,hsa,ITGB3,3690.0,hsa,Luciferase reporter assay,Functional MTI,23451109.0
MIRT006776,hsa-miR-124-3p,hsa,ROCK1,6093.0,hsa,Luciferase reporter assay//Western blot//qRT-PCR,Functional MTI,23936026.0
MIRT052931,hsa-miR-124-3p,hsa,STAT3,6774.0,hsa,Luciferase reporter assay//qRT-PCR//immunostaining//Western blotting,Functional MTI,23940556.0
MIRT022167,hsa-miR-124-3p,hsa,PRRX1,5396.0,hsa,qRT-PCR//Luciferase reporter assay//Western blot,Functional MTI,24705396.0
MIRT022167,hsa-miR-124-3p,hsa,PRRX1,5396.0,hsa,qRT-PCR//Luciferase reporter assay//Western blot,Functional MTI,24705396.0
MIRT022167,hsa-miR-124-3p,hsa,PRRX1,5396.0,hsa,qRT-PCR//Luciferase reporter assay//Western blot,Functional MTI,24705396.0
MIRT022167,hsa-miR-124-3p,hsa,PRRX1,5396.0,hsa,qRT-PCR//Luciferase reporter assay//Western blot,Functional MTI,24705396.0
MIRT054241,hsa-miR-124-3p,hsa,SYCP1,6847.0,hsa,Luciferase reporter assay,Functional MTI,23313552.0
MIRT002719,hsa-miR-124-3p,hsa,CAV1,857.0,hsa,Luciferase reporter assay//qRT-PCR//Western blot,Functional MTI,24000013.0
MIRT052931,hsa-miR-124-3p,hsa,STAT3,6774.0,hsa,ELISA//Immunohistochemistry//Luciferase reporter assay//qRT-PCR//Western blot,Functional MTI,23856509.0
MIRT052931,hsa-miR-124-3p,hsa,STAT3,6774.0,hsa,ELISA//Immunohistochemistry//Luciferase reporter assay//qRT-PCR//Western blot,Non-Functional MTI,23856509.0
MIRT002610,hsa-miR-124-3p,hsa,MAPK14,1432.0,hsa,Immunoblot//Luciferase reporter assay//qRT-PCR,Functional MTI,23109423.0
MIRT438398,hsa-miR-124-3p,hsa,CD274,29126.0,hsa,Luciferase reporter assay//qRT-PCR,Functional MTI,24577056.0
MIRT438360,hsa-miR-124-3p,hsa,HOTAIR,100124700.0,hsa,Flow//Immunohistochemistry//Luciferase reporter assay//qRT-PCR//Western blot,Functional MTI,24775712.0
MIRT438360,hsa-miR-124-3p,hsa,HOTAIR,100124700.0,hsa,Flow//Immunohistochemistry//Luciferase reporter assay//qRT-PCR//Western blot,Non-Functional MTI,24775712.0
MIRT061247,hsa-miR-124-3p,hsa,AMOTL1,154810.0,hsa,GFP reporter assay//Western blot//qRT-PCR,Functional MTI,25218344.0
MIRT061247,hsa-miR-124-3p,hsa,AMOTL1,154810.0,hsa,GFP reporter assay//Western blot//qRT-PCR,Functional MTI,25218344.0
MIRT438215,hsa-miR-124-3p,hsa,FLOT1,10211.0,hsa,Luciferase reporter assay//qRT-PCR,Functional MTI,24330780.0
MIRT438215,hsa-miR-124-3p,hsa,FLOT1,10211.0,hsa,Luciferase reporter assay//qRT-PCR,Functional MTI,24330780.0
MIRT022229,hsa-miR-124-3p,hsa,KLF6,1316.0,hsa,Luciferase reporter assay,Functional MTI,24184980.0
MIRT022229,hsa-miR-124-3p,hsa,KLF6,1316.0,hsa,Luciferase reporter assay,Non-Functional MTI,24184980.0
MIRT022229,hsa-miR-124-3p,hsa,KLF6,1316.0,hsa,Luciferase reporter assay,Functional MTI,24184980.0
MIRT022229,hsa-miR-124-3p,hsa,KLF6,1316.0,hsa,Luciferase reporter assay,Non-Functional MTI,24184980.0
MIRT052931,hsa-miR-124-3p,hsa,STAT3,6774.0,hsa,Luciferase reporter assay,Functional MTI,24184980.0
MIRT052931,hsa-miR-124-3p,hsa,STAT3,6774.0,hsa,Luciferase reporter assay,Non-Functional MTI,24184980.0
MIRT438151,hsa-miR-124-3p,hsa,XRCC6,2547.0,hsa,Luciferase reporter assay,Functional MTI,24166354.0
MIRT438151,hsa-miR-124-3p,hsa,XRCC6,2547.0,hsa,Luciferase reporter assay,Functional MTI,24166354.0
MIRT438151,hsa-miR-124-3p,hsa,XRCC6,2547.0,hsa,Luciferase reporter assay,Functional MTI,24166354.0
MIRT438151,hsa-miR-124-3p,hsa,XRCC6,2547.0,hsa,Luciferase reporter assay,Non-Functional MTI,24166354.0
MIRT438114,hsa-miR-124-3p,hsa,ITGB3,3690.0,hsa,Luciferase reporter assay,Functional MTI,23451109.0
MIRT006776,hsa-miR-124-3p,hsa,ROCK1,6093.0,hsa,Luciferase reporter assay//Western blot//qRT-PCR,Functional MTI,23936026.0
MIRT052931,hsa-miR-124-3p,hsa,STAT3,6774.0,hsa,Luciferase reporter assay//qRT-PCR//immunostaining//Western blotting,Functional MTI,23940556.0
MIRT022167,hsa-miR-124-3p,hsa,PRRX1,5396.0,hsa,qRT-PCR//Luciferase reporter assay//Western blot,Functional MTI,24705396.0
MIRT022167,hsa-miR-124-3p,hsa,PRRX1,5396.0,hsa,qRT-PCR//Luciferase reporter assay//Western blot,Functional MTI,24705396.0
MIRT022167,hsa-miR-124-3p,hsa,PRRX1,5396.0,hsa,qRT-PCR//Luciferase reporter assay//Western blot,Functional MTI,24705396.0
MIRT022167,hsa-miR-124-3p,hsa,PRRX1,5396.0,hsa,qRT-PCR//Luciferase reporter assay//Western blot,Functional MTI,24705396.0
MIRT725651,hsa-miR-124-3p,hsa,B4GALNT3,283358.0,hsa,HITS-CLIP,Functional MTI (Weak),19536157.0
MIRT725651,hsa-miR-124-3p,hsa,B4GALNT3,283358.0,hsa,HITS-CLIP,Functional MTI (Weak),19536157.0
MIRT722051,hsa-miR-124-3p,hsa,HLA-E,3133.0,hsa,HITS-CLIP,Functional MTI (Weak),19536157.0
MIRT717140,hsa-miR-124-3p,hsa,DLEU1,10301.0,hsa,HITS-CLIP,Functional MTI (Weak),19536157.0
MIRT717140,hsa-miR-124-3p,hsa,DLEU1,10301.0,hsa,HITS-CLIP,Functional MTI (Weak),19536157.0
MIRT720109,hsa-miR-124-3p,hsa,SAMD4A,23034.0,hsa,HITS-CLIP,Functional MTI (Weak),19536157.0
MIRT717140,hsa-miR-124-3p,hsa,DLEU1,10301.0,hsa,HITS-CLIP,Functional MTI (Weak),19536157.0
MIRT717140,hsa-miR-124-3p,hsa,DLEU1,10301.0,hsa,HITS-CLIP,Functional MTI (Weak),19536157.0
MIRT714427,hsa-miR-124-3p,hsa,SNED1,25992.0,hsa,HITS-CLIP,Functional MTI (Weak),19536157.0
MIRT023194,hsa-miR-124-3p,hsa,FSTL3,10272.0,hsa,HITS-CLIP,Functional MTI (Weak),19536157.0
MIRT023194,hsa-miR-124-3p,hsa,FSTL3,10272.0,hsa,HITS-CLIP,Functional MTI (Weak),19536157.0
MIRT061247,hsa-miR-124-3p,hsa,AMOTL1,154810.0,hsa,HITS-CLIP,Functional MTI (Weak),21572407.0
MIRT706674,hsa-miR-124-3p,hsa,COL13A1,1305.0,hsa,HITS-CLIP,Functional MTI (Weak),21572407.0
MIRT706674,hsa-miR-124-3p,hsa,COL13A1,1305.0,hsa,HITS-CLIP,Functional MTI (Weak),21572407.0
MIRT705273,hsa-miR-124-3p,hsa,BAHD1,22893.0,hsa,HITS-CLIP,Functional MTI (Weak),23313552.0
MIRT705273,hsa-miR-124-3p,hsa,BAHD1,22893.0,hsa,HITS-CLIP,Functional MTI (Weak),23313552.0
MIRT703793,hsa-miR-124-3p,hsa,FAM102B,284611.0,hsa,HITS-CLIP,Functional MTI (Weak),23313552.0
MIRT022979,hsa-miR-124-3p,hsa,ITGA3,3675.0,hsa,HITS-CLIP,Functional MTI (Weak),23313552.0
MIRT000360,hsa-miR-124-3p,hsa,SOX9,6662.0,hsa,HITS-CLIP,Functional MTI (Weak),23313552.0
MIRT000360,hsa-miR-124-3p,hsa,SOX9,6662.0,hsa,HITS-CLIP,Functional MTI (Weak),23313552.0
MIRT696824,hsa-miR-124-3p,hsa,PLLP,51090.0,hsa,HITS-CLIP,Functional MTI (Weak),23313552.0
MIRT696824,hsa-miR-124-3p,hsa,PLLP,51090.0,hsa,HITS-CLIP,Functional MTI (Weak),23313552.0
MIRT695653,hsa-miR-124-3p,hsa,MAN2B2,23324.0,hsa,HITS-CLIP,Functional MTI (Weak),23313552.0
MIRT695653,hsa-miR-124-3p,hsa,MAN2B2,23324.0,hsa,HITS-CLIP,Functional MTI (Weak),23313552.0
MIRT002639,hsa-miR-124-3p,hsa,GSN,2934.0,hsa,HITS-CLIP,Functional MTI (Weak),23313552.0
MIRT686788,hsa-miR-124-3p,hsa,AZF1,560.0,hsa,HITS-CLIP,Functional MTI (Weak),23313552.0
MIRT610938,hsa-miR-124-3p,hsa,ADRB3,155.0,hsa,HITS-CLIP,Functional MTI (Weak),23313552.0
MIRT610938,hsa-miR-124-3p,hsa,ADRB3,155.0,hsa,HITS-CLIP,Functional MTI (Weak),23313552.0
MIRT494147,hsa-miR-124-3p,hsa,CTC1,80169.0,hsa,HITS-CLIP,Functional MTI (Weak),23706177.0
MIRT454444,hsa-miR-124-3p,hsa,QRFPR,84109.0,hsa,HITS-CLIP,Functional MTI (Weak),23706177.0
MIRT494147,hsa-miR-124-3p,hsa,CTC1,80169.0,hsa,HITS-CLIP,Functional MTI (Weak),23706177.0
MIRT454444,hsa-miR-124-3p,hsa,QRFPR,84109.0,hsa,HITS-CLIP,Functional MTI (Weak),23706177.0
MIRT632743,hsa-miR-124-3p,hsa,MED28,80306.0,hsa,HITS-CLIP,Functional MTI (Weak),23824327.0
MIRT023070,hsa-miR-124-3p,hsa,COL12A1,1303.0,hsa,HITS-CLIP,Functional MTI (Weak),23824327.0
MIRT610938,hsa-miR-124-3p,hsa,ADRB3,155.0,hsa,HITS-CLIP,Functional MTI (Weak),23824327.0
MIRT610938,hsa-miR-124-3p,hsa,ADRB3,155.0,hsa,HITS-CLIP,Functional MTI (Weak),23824327.0
MIRT632743,hsa-miR-124-3p,hsa,MED28,80306.0,hsa,HITS-CLIP,Functional MTI (Weak),23824327.0
MIRT610938,hsa-miR-124-3p,hsa,ADRB3,155.0,hsa,HITS-CLIP,Functional MTI (Weak),23824327.0
MIRT610938,hsa-miR-124-3p,hsa,ADRB3,155.0,hsa,HITS-CLIP,Functional MTI (Weak),23824327.0
MIRT610938,hsa-miR-124-3p,hsa,ADRB3,155.0,hsa,HITS-CLIP,Functional MTI (Weak),23824327.0
MIRT610938,hsa-miR-124-3p,hsa,ADRB3,155.0,hsa,HITS-CLIP,Functional MTI (Weak),23824327.0
MIRT632743,hsa-miR-124-3p,hsa,MED28,80306.0,hsa,HITS-CLIP,Functional MTI (Weak),23824327.0
MIRT610938,hsa-miR-124-3p,hsa,ADRB3,155.0,hsa,HITS-CLIP,Functional MTI (Weak),23824327.0
MIRT610938,hsa-miR-124-3p,hsa,ADRB3,155.0,hsa,HITS-CLIP,Functional MTI (Weak),23824327.0
MIRT660277,hsa-miR-124-3p,hsa,BLOC1S5,63915.0,hsa,HITS-CLIP,Functional MTI (Weak),23824327.0
MIRT002915,hsa-miR-124-3p,hsa,MYO10,4651.0,hsa,HITS-CLIP,Functional MTI (Weak),23824327.0
MIRT002915,hsa-miR-124-3p,hsa,MYO10,4651.0,hsa,HITS-CLIP,Functional MTI (Weak),23824327.0
MIRT665787,hsa-miR-124-3p,hsa,TMEM181,57583.0,hsa,HITS-CLIP,Functional MTI (Weak),23824327.0
MIRT665787,hsa-miR-124-3p,hsa,TMEM181,57583.0,hsa,HITS-CLIP,Functional MTI (Weak),23824327.0
MIRT621642,hsa-miR-124-3p,hsa,UBXN2B,137886.0,hsa,HITS-CLIP,Functional MTI (Weak),23824327.0
MIRT621642,hsa-miR-124-3p,hsa,UBXN2B,137886.0,hsa,HITS-CLIP,Functional MTI (Weak),23824327.0
MIRT665316,hsa-miR-124-3p,hsa,ZBTB3,79842.0,hsa,HITS-CLIP,Functional MTI (Weak),23824327.0
MIRT023070,hsa-miR-124-3p,hsa,COL12A1,1303.0,hsa,HITS-CLIP,Functional MTI (Weak),23824327.0
MIRT610938,hsa-miR-124-3p,hsa,ADRB3,155.0,hsa,HITS-CLIP,Functional MTI (Weak),23824327.0
MIRT610938,hsa-miR-124-3p,hsa,ADRB3,155.0,hsa,HITS-CLIP,Functional MTI (Weak),23824327.0
MIRT646054,hsa-miR-124-3p,hsa,CD1D,912.0,hsa,HITS-CLIP,Functional MTI (Weak),23824327.0
MIRT646054,hsa-miR-124-3p,hsa,CD1D,912.0,hsa,HITS-CLIP,Functional MTI (Weak),23824327.0
MIRT660277,hsa-miR-124-3p,hsa,BLOC1S5,63915.0,hsa,HITS-CLIP,Functional MTI (Weak),23824327.0
MIRT023070,hsa-miR-124-3p,hsa,COL12A1,1303.0,hsa,HITS-CLIP,Functional MTI (Weak),23824327.0
MIRT002915,hsa-miR-124-3p,hsa,MYO10,4651.0,hsa,HITS-CLIP,Functional MTI (Weak),23824327.0
MIRT002915,hsa-miR-124-3p,hsa,MYO10,4651.0,hsa,HITS-CLIP,Functional MTI (Weak),23824327.0
MIRT002635,hsa-miR-124-3p,hsa,NEK9,91754.0,hsa,HITS-CLIP,Functional MTI (Weak),23824327.0
MIRT655479,hsa-miR-124-3p,hsa,PAK3,5063.0,hsa,HITS-CLIP,Functional MTI (Weak),23824327.0
MIRT654670,hsa-miR-124-3p,hsa,PSMB5,5693.0,hsa,HITS-CLIP,Functional MTI (Weak),23824327.0
MIRT621642,hsa-miR-124-3p,hsa,UBXN2B,137886.0,hsa,HITS-CLIP,Functional MTI (Weak),23824327.0
MIRT621642,hsa-miR-124-3p,hsa,UBXN2B,137886.0,hsa,HITS-CLIP,Functional MTI (Weak),23824327.0
MIRT651522,hsa-miR-124-3p,hsa,WNT4,54361.0,hsa,HITS-CLIP,Functional MTI (Weak),23824327.0
MIRT610938,hsa-miR-124-3p,hsa,ADRB3,155.0,hsa,HITS-CLIP,Functional MTI (Weak),23824327.0
MIRT610938,hsa-miR-124-3p,hsa,ADRB3,155.0,hsa,HITS-CLIP,Functional MTI (Weak),23824327.0
MIRT646054,hsa-miR-124-3p,hsa,CD1D,912.0,hsa,HITS-CLIP,Functional MTI (Weak),23824327.0
MIRT646054,hsa-miR-124-3p,hsa,CD1D,912.0,hsa,HITS-CLIP,Functional MTI (Weak),23824327.0
MIRT610938,hsa-miR-124-3p,hsa,ADRB3,155.0,hsa,HITS-CLIP,Functional MTI (Weak),23824327.0
MIRT610938,hsa-miR-124-3p,hsa,ADRB3,155.0,hsa,HITS-CLIP,Functional MTI (Weak),23824327.0
MIRT610938,hsa-miR-124-3p,hsa,ADRB3,155.0,hsa,HITS-CLIP,Functional MTI (Weak),23824327.0
MIRT610938,hsa-miR-124-3p,hsa,ADRB3,155.0,hsa,HITS-CLIP,Functional MTI (Weak),23824327.0
MIRT023070,hsa-miR-124-3p,hsa,COL12A1,1303.0,hsa,HITS-CLIP,Functional MTI (Weak),23824327.0
MIRT610938,hsa-miR-124-3p,hsa,ADRB3,155.0,hsa,HITS-CLIP,Functional MTI (Weak),23824327.0
MIRT610938,hsa-miR-124-3p,hsa,ADRB3,155.0,hsa,HITS-CLIP,Functional MTI (Weak),23824327.0
MIRT023070,hsa-miR-124-3p,hsa,COL12A1,1303.0,hsa,HITS-CLIP,Functional MTI (Weak),23824327.0
MIRT610938,hsa-miR-124-3p,hsa,ADRB3,155.0,hsa,HITS-CLIP,Functional MTI (Weak),23824327.0
MIRT610938,hsa-miR-124-3p,hsa,ADRB3,155.0,hsa,HITS-CLIP,Functional MTI (Weak),23824327.0
MIRT610938,hsa-miR-124-3p,hsa,ADRB3,155.0,hsa,HITS-CLIP,Functional MTI (Weak),23824327.0
MIRT610938,hsa-miR-124-3p,hsa,ADRB3,155.0,hsa,HITS-CLIP,Functional MTI (Weak),23824327.0
MIRT632743,hsa-miR-124-3p,hsa,MED28,80306.0,hsa,HITS-CLIP,Functional MTI (Weak),23824327.0
MIRT610938,hsa-miR-124-3p,hsa,ADRB3,155.0,hsa,HITS-CLIP,Functional MTI (Weak),23824327.0
MIRT610938,hsa-miR-124-3p,hsa,ADRB3,155.0,hsa,HITS-CLIP,Functional MTI (Weak),23824327.0
MIRT621642,hsa-miR-124-3p,hsa,UBXN2B,137886.0,hsa,HITS-CLIP,Functional MTI (Weak),23824327.0
MIRT621642,hsa-miR-124-3p,hsa,UBXN2B,137886.0,hsa,HITS-CLIP,Functional MTI (Weak),23824327.0
MIRT610938,hsa-miR-124-3p,hsa,ADRB3,155.0,hsa,HITS-CLIP,Functional MTI (Weak),23824327.0
MIRT610938,hsa-miR-124-3p,hsa,ADRB3,155.0,hsa,HITS-CLIP,Functional MTI (Weak),23824327.0
MIRT023070,hsa-miR-124-3p,hsa,COL12A1,1303.0,hsa,HITS-CLIP,Functional MTI (Weak),23824327.0
MIRT610938,hsa-miR-124-3p,hsa,ADRB3,155.0,hsa,HITS-CLIP,Functional MTI (Weak),23824327.0
MIRT610938,hsa-miR-124-3p,hsa,ADRB3,155.0,hsa,HITS-CLIP,Functional MTI (Weak),23824327.0
MIRT023070,hsa-miR-124-3p,hsa,COL12A1,1303.0,hsa,HITS-CLIP,Functional MTI (Weak),23824327.0
MIRT610938,hsa-miR-124-3p,hsa,ADRB3,155.0,hsa,HITS-CLIP,Functional MTI (Weak),23824327.0
MIRT610938,hsa-miR-124-3p,hsa,ADRB3,155.0,hsa,HITS-CLIP,Functional MTI (Weak),23824327.0
MIRT000360,hsa-miR-124-3p,hsa,SOX9,6662.0,hsa,HITS-CLIP,Functional MTI (Weak),23824327.0
MIRT000360,hsa-miR-124-3p,hsa,SOX9,6662.0,hsa,HITS-CLIP,Functional MTI (Weak),23824327.0
MIRT023070,hsa-miR-124-3p,hsa,COL12A1,1303.0,hsa,HITS-CLIP,Functional MTI (Weak),23824327.0
MIRT610938,hsa-miR-124-3p,hsa,ADRB3,155.0,hsa,HITS-CLIP,Functional MTI (Weak),23824327.0
MIRT610938,hsa-miR-124-3p,hsa,ADRB3,155.0,hsa,HITS-CLIP,Functional MTI (Weak),23824327.0
MIRT023070,hsa-miR-124-3p,hsa,COL12A1,1303.0,hsa,HITS-CLIP,Functional MTI (Weak),23824327.0
MIRT621642,hsa-miR-124-3p,hsa,UBXN2B,137886.0,hsa,HITS-CLIP,Functional MTI (Weak),23824327.0
MIRT621642,hsa-miR-124-3p,hsa,UBXN2B,137886.0,hsa,HITS-CLIP,Functional MTI (Weak),23824327.0
MIRT610938,hsa-miR-124-3p,hsa,ADRB3,155.0,hsa,HITS-CLIP,Functional MTI (Weak),23824327.0
MIRT610938,hsa-miR-124-3p,hsa,ADRB3,155.0,hsa,HITS-CLIP,Functional MTI (Weak),23824327.0
MIRT616976,hsa-miR-124-3p,hsa,GJD2,57369.0,hsa,HITS-CLIP,Functional MTI (Weak),23824327.0
MIRT616976,hsa-miR-124-3p,hsa,GJD2,57369.0,hsa,HITS-CLIP,Functional MTI (Weak),23824327.0
MIRT610938,hsa-miR-124-3p,hsa,ADRB3,155.0,hsa,HITS-CLIP,Functional MTI (Weak),23824327.0
MIRT610938,hsa-miR-124-3p,hsa,ADRB3,155.0,hsa,HITS-CLIP,Functional MTI (Weak),23824327.0
MIRT610938,hsa-miR-124-3p,hsa,ADRB3,155.0,hsa,HITS-CLIP,Functional MTI (Weak),23824327.0
MIRT610938,hsa-miR-124-3p,hsa,ADRB3,155.0,hsa,HITS-CLIP,Functional MTI (Weak),23824327.0
MIRT610938,hsa-miR-124-3p,hsa,ADRB3,155.0,hsa,HITS-CLIP,Functional MTI (Weak),23824327.0
MIRT610938,hsa-miR-124-3p,hsa,ADRB3,155.0,hsa,HITS-CLIP,Functional MTI (Weak),23824327.0
MIRT000360,hsa-miR-124-3p,hsa,SOX9,6662.0,hsa,HITS-CLIP,Functional MTI (Weak),23824327.0
MIRT000360,hsa-miR-124-3p,hsa,SOX9,6662.0,hsa,HITS-CLIP,Functional MTI (Weak),23824327.0
MIRT610938,hsa-miR-124-3p,hsa,ADRB3,155.0,hsa,HITS-CLIP,Functional MTI (Weak),23824327.0
MIRT610938,hsa-miR-124-3p,hsa,ADRB3,155.0,hsa,HITS-CLIP,Functional MTI (Weak),23824327.0
MIRT002625,hsa-miR-124-3p,hsa,CDK4,1019.0,hsa,PAR-CLIP,Functional MTI (Weak),20371350.0
MIRT002625,hsa-miR-124-3p,hsa,CDK4,1019.0,hsa,PAR-CLIP,Functional MTI (Weak),20371350.0
MIRT494147,hsa-miR-124-3p,hsa,CTC1,80169.0,hsa,PAR-CLIP,Functional MTI (Weak),20371350.0
MIRT574646,hsa-miR-124-3p,hsa,LPCAT3,10162.0,hsa,PAR-CLIP,Functional MTI (Weak),20371350.0
MIRT574646,hsa-miR-124-3p,hsa,LPCAT3,10162.0,hsa,PAR-CLIP,Functional MTI (Weak),20371350.0
MIRT522386,hsa-miR-124-3p,hsa,MYLIP,29116.0,hsa,PAR-CLIP,Functional MTI (Weak),20371350.0
MIRT522386,hsa-miR-124-3p,hsa,MYLIP,29116.0,hsa,PAR-CLIP,Functional MTI (Weak),20371350.0
MIRT519655,hsa-miR-124-3p,hsa,ZNF772,400720.0,hsa,PAR-CLIP,Functional MTI (Weak),20371350.0
MIRT519655,hsa-miR-124-3p,hsa,ZNF772,400720.0,hsa,PAR-CLIP,Functional MTI (Weak),20371350.0
MIRT574291,hsa-miR-124-3p,hsa,RPL19,6143.0,hsa,PAR-CLIP,Functional MTI (Weak),20371350.0
MIRT544418,hsa-miR-124-3p,hsa,ZNF460,10794.0,hsa,PAR-CLIP,Functional MTI (Weak),20371350.0
MIRT456520,hsa-miR-124-3p,hsa,SRP9,6726.0,hsa,PAR-CLIP,Functional MTI (Weak),20371350.0
MIRT456520,hsa-miR-124-3p,hsa,SRP9,6726.0,hsa,PAR-CLIP,Functional MTI (Weak),20371350.0
MIRT454444,hsa-miR-124-3p,hsa,QRFPR,84109.0,hsa,PAR-CLIP,Functional MTI (Weak),20371350.0
MIRT494147,hsa-miR-124-3p,hsa,CTC1,80169.0,hsa,PAR-CLIP,Functional MTI (Weak),20371350.0
MIRT572690,hsa-miR-124-3p,hsa,NCMAP,400746.0,hsa,PAR-CLIP,Functional MTI (Weak),20371350.0
MIRT572690,hsa-miR-124-3p,hsa,NCMAP,400746.0,hsa,PAR-CLIP,Functional MTI (Weak),20371350.0
MIRT454444,hsa-miR-124-3p,hsa,QRFPR,84109.0,hsa,PAR-CLIP,Functional MTI (Weak),20371350.0
MIRT493807,hsa-miR-124-3p,hsa,GAN,8139.0,hsa,PAR-CLIP,Functional MTI (Weak),20371350.0
MIRT002625,hsa-miR-124-3p,hsa,CDK4,1019.0,hsa,PAR-CLIP,Functional MTI (Weak),20371350.0
MIRT002625,hsa-miR-124-3p,hsa,CDK4,1019.0,hsa,PAR-CLIP,Functional MTI (Weak),20371350.0
MIRT494147,hsa-miR-124-3p,hsa,CTC1,80169.0,hsa,PAR-CLIP,Functional MTI (Weak),20371350.0
MIRT522386,hsa-miR-124-3p,hsa,MYLIP,29116.0,hsa,PAR-CLIP,Functional MTI (Weak),20371350.0
MIRT522386,hsa-miR-124-3p,hsa,MYLIP,29116.0,hsa,PAR-CLIP,Functional MTI (Weak),20371350.0
MIRT519655,hsa-miR-124-3p,hsa,ZNF772,400720.0,hsa,PAR-CLIP,Functional MTI (Weak),20371350.0
MIRT519655,hsa-miR-124-3p,hsa,ZNF772,400720.0,hsa,PAR-CLIP,Functional MTI (Weak),20371350.0
MIRT544418,hsa-miR-124-3p,hsa,ZNF460,10794.0,hsa,PAR-CLIP,Functional MTI (Weak),20371350.0
MIRT544418,hsa-miR-124-3p,hsa,ZNF460,10794.0,hsa,PAR-CLIP,Functional MTI (Weak),20371350.0
MIRT454444,hsa-miR-124-3p,hsa,QRFPR,84109.0,hsa,PAR-CLIP,Functional MTI (Weak),20371350.0
MIRT494147,hsa-miR-124-3p,hsa,CTC1,80169.0,hsa,PAR-CLIP,Functional MTI (Weak),20371350.0
MIRT493807,hsa-miR-124-3p,hsa,GAN,8139.0,hsa,PAR-CLIP,Functional MTI (Weak),20371350.0
MIRT454444,hsa-miR-124-3p,hsa,QRFPR,84109.0,hsa,PAR-CLIP,Functional MTI (Weak),20371350.0
MIRT512333,hsa-miR-124-3p,hsa,ACTB,60.0,hsa,PAR-CLIP,Functional MTI (Weak),20371350.0
MIRT568589,hsa-miR-124-3p,hsa,AGO2,27161.0,hsa,PAR-CLIP,Functional MTI (Weak),20371350.0
MIRT022432,hsa-miR-124-3p,hsa,AKT3,10000.0,hsa,PAR-CLIP,Functional MTI (Weak),20371350.0
MIRT061247,hsa-miR-124-3p,hsa,AMOTL1,154810.0,hsa,PAR-CLIP,Functional MTI (Weak),20371350.0
MIRT061247,hsa-miR-124-3p,hsa,AMOTL1,154810.0,hsa,PAR-CLIP,Functional MTI (Weak),20371350.0
MIRT568529,hsa-miR-124-3p,hsa,ANP32E,81611.0,hsa,PAR-CLIP,Functional MTI (Weak),20371350.0
MIRT568529,hsa-miR-124-3p,hsa,ANP32E,81611.0,hsa,PAR-CLIP,Functional MTI (Weak),20371350.0
MIRT494728,hsa-miR-124-3p,hsa,ARHGAP1,392.0,hsa,PAR-CLIP,Functional MTI (Weak),20371350.0
MIRT494728,hsa-miR-124-3p,hsa,ARHGAP1,392.0,hsa,PAR-CLIP,Functional MTI (Weak),20371350.0
MIRT404495,hsa-miR-124-3p,hsa,ARL5B,221079.0,hsa,PAR-CLIP,Functional MTI (Weak),20371350.0
MIRT002625,hsa-miR-124-3p,hsa,CDK4,1019.0,hsa,PAR-CLIP,Functional MTI (Weak),20371350.0
MIRT002625,hsa-miR-124-3p,hsa,CDK4,1019.0,hsa,PAR-CLIP,Functional MTI (Weak),20371350.0
MIRT568100,hsa-miR-124-3p,hsa,CHEK2,11200.0,hsa,PAR-CLIP,Functional MTI (Weak),20371350.0
MIRT002605,hsa-miR-124-3p,hsa,CHSY1,22856.0,hsa,PAR-CLIP,Functional MTI (Weak),20371350.0
MIRT002605,hsa-miR-124-3p,hsa,CHSY1,22856.0,hsa,PAR-CLIP,Functional MTI (Weak),20371350.0
MIRT408338,hsa-miR-124-3p,hsa,CREBRF,153222.0,hsa,PAR-CLIP,Functional MTI (Weak),20371350.0
MIRT408338,hsa-miR-124-3p,hsa,CREBRF,153222.0,hsa,PAR-CLIP,Functional MTI (Weak),20371350.0
MIRT002729,hsa-miR-124-3p,hsa,CTDSP1,58190.0,hsa,PAR-CLIP,Functional MTI (Weak),20371350.0
MIRT567816,hsa-miR-124-3p,hsa,DDI2,84301.0,hsa,PAR-CLIP,Functional MTI (Weak),20371350.0
MIRT567816,hsa-miR-124-3p,hsa,DDI2,84301.0,hsa,PAR-CLIP,Functional MTI (Weak),20371350.0
MIRT567789,hsa-miR-124-3p,hsa,DGAT2,84649.0,hsa,PAR-CLIP,Functional MTI (Weak),20371350.0
MIRT558229,hsa-miR-124-3p,hsa,EFCAB14,9813.0,hsa,PAR-CLIP,Functional MTI (Weak),20371350.0
MIRT558229,hsa-miR-124-3p,hsa,EFCAB14,9813.0,hsa,PAR-CLIP,Functional MTI (Weak),20371350.0
MIRT023044,hsa-miR-124-3p,hsa,FCHSD2,9873.0,hsa,PAR-CLIP,Functional MTI (Weak),20371350.0
MIRT567471,hsa-miR-124-3p,hsa,GALNT4,8693.0,hsa,PAR-CLIP,Functional MTI (Weak),20371350.0
MIRT567471,hsa-miR-124-3p,hsa,GALNT4,8693.0,hsa,PAR-CLIP,Functional MTI (Weak),20371350.0
MIRT567407,hsa-miR-124-3p,hsa,GPATCH8,23131.0,hsa,PAR-CLIP,Functional MTI (Weak),20371350.0
MIRT022844,hsa-miR-124-3p,hsa,GXYLT1,283464.0,hsa,PAR-CLIP,Functional MTI (Weak),20371350.0
MIRT022844,hsa-miR-124-3p,hsa,GXYLT1,283464.0,hsa,PAR-CLIP,Functional MTI (Weak),20371350.0
MIRT567153,hsa-miR-124-3p,hsa,INO80D,54891.0,hsa,PAR-CLIP,Functional MTI (Weak),20371350.0
MIRT567097,hsa-miR-124-3p,hsa,KAT7,11143.0,hsa,PAR-CLIP,Functional MTI (Weak),20371350.0
MIRT567005,hsa-miR-124-3p,hsa,KLHL28,54813.0,hsa,PAR-CLIP,Functional MTI (Weak),20371350.0
MIRT567005,hsa-miR-124-3p,hsa,KLHL28,54813.0,hsa,PAR-CLIP,Functional MTI (Weak),20371350.0
MIRT002571,hsa-miR-124-3p,hsa,LMNB1,4001.0,hsa,PAR-CLIP,Functional MTI (Weak),20371350.0
MIRT002712,hsa-miR-124-3p,hsa,LRRC1,55227.0,hsa,PAR-CLIP,Functional MTI (Weak),20371350.0
MIRT002712,hsa-miR-124-3p,hsa,LRRC1,55227.0,hsa,PAR-CLIP,Functional MTI (Weak),20371350.0
MIRT022717,hsa-miR-124-3p,hsa,LRRC58,116064.0,hsa,PAR-CLIP,Functional MTI (Weak),20371350.0
MIRT022717,hsa-miR-124-3p,hsa,LRRC58,116064.0,hsa,PAR-CLIP,Functional MTI (Weak),20371350.0
MIRT022227,hsa-miR-124-3p,hsa,LYSMD3,116068.0,hsa,PAR-CLIP,Functional MTI (Weak),20371350.0
MIRT022227,hsa-miR-124-3p,hsa,LYSMD3,116068.0,hsa,PAR-CLIP,Functional MTI (Weak),20371350.0
MIRT522386,hsa-miR-124-3p,hsa,MYLIP,29116.0,hsa,PAR-CLIP,Functional MTI (Weak),20371350.0
MIRT522386,hsa-miR-124-3p,hsa,MYLIP,29116.0,hsa,PAR-CLIP,Functional MTI (Weak),20371350.0
MIRT023216,hsa-miR-124-3p,hsa,NFIX,4784.0,hsa,PAR-CLIP,Functional MTI (Weak),20371350.0
MIRT023216,hsa-miR-124-3p,hsa,NFIX,4784.0,hsa,PAR-CLIP,Functional MTI (Weak),20371350.0
MIRT022712,hsa-miR-124-3p,hsa,NUFIP2,57532.0,hsa,PAR-CLIP,Functional MTI (Weak),20371350.0
MIRT230381,hsa-miR-124-3p,hsa,OTUD1,220213.0,hsa,PAR-CLIP,Functional MTI (Weak),20371350.0
MIRT230381,hsa-miR-124-3p,hsa,OTUD1,220213.0,hsa,PAR-CLIP,Functional MTI (Weak),20371350.0
MIRT002565,hsa-miR-124-3p,hsa,PARP16,54956.0,hsa,PAR-CLIP,Functional MTI (Weak),20371350.0
MIRT002565,hsa-miR-124-3p,hsa,PARP16,54956.0,hsa,PAR-CLIP,Functional MTI (Weak),20371350.0
MIRT566490,hsa-miR-124-3p,hsa,PCCB,5096.0,hsa,PAR-CLIP,Functional MTI (Weak),20371350.0
MIRT566490,hsa-miR-124-3p,hsa,PCCB,5096.0,hsa,PAR-CLIP,Functional MTI (Weak),20371350.0
MIRT022232,hsa-miR-124-3p,hsa,PI4K2B,55300.0,hsa,PAR-CLIP,Functional MTI (Weak),20371350.0
MIRT566374,hsa-miR-124-3p,hsa,POC1B-GALNT4,100528030.0,hsa,PAR-CLIP,Functional MTI (Weak),20371350.0
MIRT566374,hsa-miR-124-3p,hsa,POC1B-GALNT4,100528030.0,hsa,PAR-CLIP,Functional MTI (Weak),20371350.0
MIRT002647,hsa-miR-124-3p,hsa,PTBP1,5725.0,hsa,PAR-CLIP,Functional MTI (Weak),20371350.0
MIRT002647,hsa-miR-124-3p,hsa,PTBP1,5725.0,hsa,PAR-CLIP,Functional MTI (Weak),20371350.0
MIRT022729,hsa-miR-124-3p,hsa,PTBP3,9991.0,hsa,PAR-CLIP,Functional MTI (Weak),20371350.0
MIRT022729,hsa-miR-124-3p,hsa,PTBP3,9991.0,hsa,PAR-CLIP,Functional MTI (Weak),20371350.0
MIRT566183,hsa-miR-124-3p,hsa,PTPN14,5784.0,hsa,PAR-CLIP,Functional MTI (Weak),20371350.0
MIRT347225,hsa-miR-124-3p,hsa,SCAMP4,113178.0,hsa,PAR-CLIP,Functional MTI (Weak),20371350.0
MIRT347225,hsa-miR-124-3p,hsa,SCAMP4,113178.0,hsa,PAR-CLIP,Functional MTI (Weak),20371350.0
MIRT565752,hsa-miR-124-3p,hsa,SERTAD3,29946.0,hsa,PAR-CLIP,Functional MTI (Weak),20371350.0
MIRT565752,hsa-miR-124-3p,hsa,SERTAD3,29946.0,hsa,PAR-CLIP,Functional MTI (Weak),20371350.0
MIRT119038,hsa-miR-124-3p,hsa,SFT2D3,84826.0,hsa,PAR-CLIP,Functional MTI (Weak),20371350.0
MIRT119038,hsa-miR-124-3p,hsa,SFT2D3,84826.0,hsa,PAR-CLIP,Functional MTI (Weak),20371350.0
MIRT002665,hsa-miR-124-3p,hsa,SLC16A1,6566.0,hsa,PAR-CLIP,Functional MTI (Weak),20371350.0
MIRT364372,hsa-miR-124-3p,hsa,SLC31A1,1317.0,hsa,PAR-CLIP,Functional MTI (Weak),20371350.0
MIRT343833,hsa-miR-124-3p,hsa,SNTB2,6645.0,hsa,PAR-CLIP,Functional MTI (Weak),20371350.0
MIRT561548,hsa-miR-124-3p,hsa,SNX13,23161.0,hsa,PAR-CLIP,Functional MTI (Weak),20371350.0
MIRT022134,hsa-miR-124-3p,hsa,SNX18,112574.0,hsa,PAR-CLIP,Functional MTI (Weak),20371350.0
MIRT002660,hsa-miR-124-3p,hsa,SP1,6667.0,hsa,PAR-CLIP,Functional MTI (Weak),20371350.0
MIRT565490,hsa-miR-124-3p,hsa,SPRTN,83932.0,hsa,PAR-CLIP,Functional MTI (Weak),20371350.0
MIRT565490,hsa-miR-124-3p,hsa,SPRTN,83932.0,hsa,PAR-CLIP,Functional MTI (Weak),20371350.0
MIRT565342,hsa-miR-124-3p,hsa,TMED5,50999.0,hsa,PAR-CLIP,Functional MTI (Weak),20371350.0
MIRT022835,hsa-miR-124-3p,hsa,TMEM104,54868.0,hsa,PAR-CLIP,Functional MTI (Weak),20371350.0
MIRT022989,hsa-miR-124-3p,hsa,TMEM41A,90407.0,hsa,PAR-CLIP,Functional MTI (Weak),20371350.0
MIRT022989,hsa-miR-124-3p,hsa,TMEM41A,90407.0,hsa,PAR-CLIP,Functional MTI (Weak),20371350.0
MIRT004100,hsa-miR-124-3p,hsa,TSC22D4,81628.0,hsa,PAR-CLIP,Functional MTI (Weak),20371350.0
MIRT565199,hsa-miR-124-3p,hsa,TSHZ1,10194.0,hsa,PAR-CLIP,Functional MTI (Weak),20371350.0
MIRT564769,hsa-miR-124-3p,hsa,ZFP36L1,677.0,hsa,PAR-CLIP,Functional MTI (Weak),20371350.0
MIRT519655,hsa-miR-124-3p,hsa,ZNF772,400720.0,hsa,PAR-CLIP,Functional MTI (Weak),20371350.0
MIRT519655,hsa-miR-124-3p,hsa,ZNF772,400720.0,hsa,PAR-CLIP,Functional MTI (Weak),20371350.0
MIRT564579,hsa-miR-124-3p,hsa,ZXDA,7789.0,hsa,PAR-CLIP,Functional MTI (Weak),20371350.0
MIRT462882,hsa-miR-124-3p,hsa,ZXDB,158586.0,hsa,PAR-CLIP,Functional MTI (Weak),20371350.0
MIRT564218,hsa-miR-124-3p,hsa,SDE2,163859.0,hsa,PAR-CLIP,Functional MTI (Weak),20371350.0
MIRT023111,hsa-miR-124-3p,hsa,ABT1,29777.0,hsa,PAR-CLIP,Functional MTI (Weak),20371350.0
MIRT022214,hsa-miR-124-3p,hsa,MRPL49,740.0,hsa,PAR-CLIP,Functional MTI (Weak),20371350.0
MIRT022214,hsa-miR-124-3p,hsa,MRPL49,740.0,hsa,PAR-CLIP,Functional MTI (Weak),20371350.0
MIRT564143,hsa-miR-124-3p,hsa,GTF2E1,2960.0,hsa,PAR-CLIP,Functional MTI (Weak),20371350.0
MIRT564143,hsa-miR-124-3p,hsa,GTF2E1,2960.0,hsa,PAR-CLIP,Functional MTI (Weak),20371350.0
MIRT022302,hsa-miR-124-3p,hsa,RIPK4,54101.0,hsa,PAR-CLIP,Functional MTI (Weak),20371350.0
MIRT185783,hsa-miR-124-3p,hsa,ZNF678,339500.0,hsa,PAR-CLIP,Functional MTI (Weak),20371350.0
MIRT185783,hsa-miR-124-3p,hsa,ZNF678,339500.0,hsa,PAR-CLIP,Functional MTI (Weak),20371350.0
MIRT544418,hsa-miR-124-3p,hsa,ZNF460,10794.0,hsa,PAR-CLIP,Functional MTI (Weak),20371350.0
MIRT022987,hsa-miR-124-3p,hsa,ZWINT,11130.0,hsa,PAR-CLIP,Functional MTI (Weak),20371350.0
MIRT022987,hsa-miR-124-3p,hsa,ZWINT,11130.0,hsa,PAR-CLIP,Functional MTI (Weak),20371350.0
MIRT454444,hsa-miR-124-3p,hsa,QRFPR,84109.0,hsa,PAR-CLIP,Functional MTI (Weak),20371350.0
MIRT453923,hsa-miR-124-3p,hsa,COMMD5,28991.0,hsa,PAR-CLIP,Functional MTI (Weak),20371350.0
MIRT453923,hsa-miR-124-3p,hsa,COMMD5,28991.0,hsa,PAR-CLIP,Functional MTI (Weak),20371350.0
MIRT002649,hsa-miR-124-3p,hsa,IFRD2,7866.0,hsa,PAR-CLIP,Functional MTI (Weak),20371350.0
MIRT563045,hsa-miR-124-3p,hsa,NBPF12,149013.0,hsa,PAR-CLIP,Functional MTI (Weak),20371350.0
MIRT002625,hsa-miR-124-3p,hsa,CDK4,1019.0,hsa,PAR-CLIP,Functional MTI (Weak),20371350.0
MIRT002625,hsa-miR-124-3p,hsa,CDK4,1019.0,hsa,PAR-CLIP,Functional MTI (Weak),20371350.0
MIRT558229,hsa-miR-124-3p,hsa,EFCAB14,9813.0,hsa,PAR-CLIP,Functional MTI (Weak),20371350.0
MIRT558229,hsa-miR-124-3p,hsa,EFCAB14,9813.0,hsa,PAR-CLIP,Functional MTI (Weak),20371350.0
MIRT547849,hsa-miR-124-3p,hsa,IFNAR2,3455.0,hsa,PAR-CLIP,Functional MTI (Weak),20371350.0
MIRT547849,hsa-miR-124-3p,hsa,IFNAR2,3455.0,hsa,PAR-CLIP,Functional MTI (Weak),20371350.0
MIRT384397,hsa-miR-124-3p,hsa,KLHL42,57542.0,hsa,PAR-CLIP,Functional MTI (Weak),20371350.0
MIRT384397,hsa-miR-124-3p,hsa,KLHL42,57542.0,hsa,PAR-CLIP,Functional MTI (Weak),20371350.0
MIRT522386,hsa-miR-124-3p,hsa,MYLIP,29116.0,hsa,PAR-CLIP,Functional MTI (Weak),20371350.0
MIRT522386,hsa-miR-124-3p,hsa,MYLIP,29116.0,hsa,PAR-CLIP,Functional MTI (Weak),20371350.0
MIRT561548,hsa-miR-124-3p,hsa,SNX13,23161.0,hsa,PAR-CLIP,Functional MTI (Weak),20371350.0
MIRT023198,hsa-miR-124-3p,hsa,TRIB3,57761.0,hsa,PAR-CLIP,Functional MTI (Weak),20371350.0
MIRT519655,hsa-miR-124-3p,hsa,ZNF772,400720.0,hsa,PAR-CLIP,Functional MTI (Weak),20371350.0
MIRT519655,hsa-miR-124-3p,hsa,ZNF772,400720.0,hsa,PAR-CLIP,Functional MTI (Weak),20371350.0
MIRT544418,hsa-miR-124-3p,hsa,ZNF460,10794.0,hsa,PAR-CLIP,Functional MTI (Weak),20371350.0
MIRT544418,hsa-miR-124-3p,hsa,ZNF460,10794.0,hsa,PAR-CLIP,Functional MTI (Weak),20371350.0
MIRT454444,hsa-miR-124-3p,hsa,QRFPR,84109.0,hsa,PAR-CLIP,Functional MTI (Weak),20371350.0
MIRT494728,hsa-miR-124-3p,hsa,ARHGAP1,392.0,hsa,PAR-CLIP,Functional MTI (Weak),21572407.0
MIRT494728,hsa-miR-124-3p,hsa,ARHGAP1,392.0,hsa,PAR-CLIP,Functional MTI (Weak),21572407.0
MIRT559514,hsa-miR-124-3p,hsa,ARHGEF26,26084.0,hsa,PAR-CLIP,Functional MTI (Weak),21572407.0
MIRT002730,hsa-miR-124-3p,hsa,CD164,8763.0,hsa,PAR-CLIP,Functional MTI (Weak),21572407.0
MIRT494147,hsa-miR-124-3p,hsa,CTC1,80169.0,hsa,PAR-CLIP,Functional MTI (Weak),21572407.0
MIRT558229,hsa-miR-124-3p,hsa,EFCAB14,9813.0,hsa,PAR-CLIP,Functional MTI (Weak),21572407.0
MIRT558229,hsa-miR-124-3p,hsa,EFCAB14,9813.0,hsa,PAR-CLIP,Functional MTI (Weak),21572407.0
MIRT557915,hsa-miR-124-3p,hsa,FBXO28,23219.0,hsa,PAR-CLIP,Functional MTI (Weak),21572407.0
MIRT557915,hsa-miR-124-3p,hsa,FBXO28,23219.0,hsa,PAR-CLIP,Functional MTI (Weak),21572407.0
MIRT475680,hsa-miR-124-3p,hsa,MFSD14B,84641.0,hsa,PAR-CLIP,Functional MTI (Weak),21572407.0
MIRT475680,hsa-miR-124-3p,hsa,MFSD14B,84641.0,hsa,PAR-CLIP,Functional MTI (Weak),21572407.0
MIRT557091,hsa-miR-124-3p,hsa,HOXB3,3213.0,hsa,PAR-CLIP,Functional MTI (Weak),21572407.0
MIRT472902,hsa-miR-124-3p,hsa,MTDH,92140.0,hsa,PAR-CLIP,Functional MTI (Weak),21572407.0
MIRT472902,hsa-miR-124-3p,hsa,MTDH,92140.0,hsa,PAR-CLIP,Functional MTI (Weak),21572407.0
MIRT022232,hsa-miR-124-3p,hsa,PI4K2B,55300.0,hsa,PAR-CLIP,Functional MTI (Weak),21572407.0
MIRT022232,hsa-miR-124-3p,hsa,PI4K2B,55300.0,hsa,PAR-CLIP,Functional MTI (Weak),21572407.0
MIRT552390,hsa-miR-124-3p,hsa,ZNF507,22847.0,hsa,PAR-CLIP,Functional MTI (Weak),21572407.0
MIRT552390,hsa-miR-124-3p,hsa,ZNF507,22847.0,hsa,PAR-CLIP,Functional MTI (Weak),21572407.0
MIRT462882,hsa-miR-124-3p,hsa,ZXDB,158586.0,hsa,PAR-CLIP,Functional MTI (Weak),21572407.0
MIRT061247,hsa-miR-124-3p,hsa,AMOTL1,154810.0,hsa,PAR-CLIP,Functional MTI (Weak),21572407.0
MIRT002730,hsa-miR-124-3p,hsa,CD164,8763.0,hsa,PAR-CLIP,Functional MTI (Weak),21572407.0
MIRT002625,hsa-miR-124-3p,hsa,CDK4,1019.0,hsa,PAR-CLIP,Functional MTI (Weak),21572407.0
MIRT002625,hsa-miR-124-3p,hsa,CDK4,1019.0,hsa,PAR-CLIP,Functional MTI (Weak),21572407.0
MIRT022702,hsa-miR-124-3p,hsa,ICMT,23463.0,hsa,PAR-CLIP,Functional MTI (Weak),21572407.0
MIRT022702,hsa-miR-124-3p,hsa,ICMT,23463.0,hsa,PAR-CLIP,Functional MTI (Weak),21572407.0
MIRT547849,hsa-miR-124-3p,hsa,IFNAR2,3455.0,hsa,PAR-CLIP,Functional MTI (Weak),21572407.0
MIRT547849,hsa-miR-124-3p,hsa,IFNAR2,3455.0,hsa,PAR-CLIP,Functional MTI (Weak),21572407.0
MIRT544418,hsa-miR-124-3p,hsa,ZNF460,10794.0,hsa,PAR-CLIP,Functional MTI (Weak),21572407.0
MIRT533394,hsa-miR-124-3p,hsa,TYRP1,7306.0,hsa,PAR-CLIP,Functional MTI (Weak),21572407.0
MIRT454444,hsa-miR-124-3p,hsa,QRFPR,84109.0,hsa,PAR-CLIP,Functional MTI (Weak),21572407.0
MIRT061247,hsa-miR-124-3p,hsa,AMOTL1,154810.0,hsa,PAR-CLIP,Functional MTI (Weak),22012620.0
MIRT061247,hsa-miR-124-3p,hsa,AMOTL1,154810.0,hsa,PAR-CLIP,Functional MTI (Weak),22012620.0
MIRT002572,hsa-miR-124-3p,hsa,G3BP1,10146.0,hsa,PAR-CLIP,Functional MTI (Weak),22012620.0
MIRT493807,hsa-miR-124-3p,hsa,GAN,8139.0,hsa,PAR-CLIP,Functional MTI (Weak),22012620.0
MIRT536900,hsa-miR-124-3p,hsa,HEPHL1,341208.0,hsa,PAR-CLIP,Functional MTI (Weak),22012620.0
MIRT536900,hsa-miR-124-3p,hsa,HEPHL1,341208.0,hsa,PAR-CLIP,Functional MTI (Weak),22012620.0
MIRT002665,hsa-miR-124-3p,hsa,SLC16A1,6566.0,hsa,PAR-CLIP,Functional MTI (Weak),22012620.0
MIRT002665,hsa-miR-124-3p,hsa,SLC16A1,6566.0,hsa,PAR-CLIP,Functional MTI (Weak),22012620.0
MIRT533394,hsa-miR-124-3p,hsa,TYRP1,7306.0,hsa,PAR-CLIP,Functional MTI (Weak),22012620.0
MIRT531173,hsa-miR-124-3p,hsa,ZNF626,199777.0,hsa,PAR-CLIP,Functional MTI (Weak),22012620.0
MIRT528864,hsa-miR-124-3p,hsa,PKP1,5317.0,hsa,PAR-CLIP,Functional MTI (Weak),22012620.0
MIRT454444,hsa-miR-124-3p,hsa,QRFPR,84109.0,hsa,PAR-CLIP,Functional MTI (Weak),22012620.0
MIRT494147,hsa-miR-124-3p,hsa,CTC1,80169.0,hsa,PAR-CLIP,Functional MTI (Weak),23446348.0
MIRT522386,hsa-miR-124-3p,hsa,MYLIP,29116.0,hsa,PAR-CLIP,Functional MTI (Weak),23446348.0
MIRT522386,hsa-miR-124-3p,hsa,MYLIP,29116.0,hsa,PAR-CLIP,Functional MTI (Weak),23446348.0
MIRT004119,hsa-miR-124-3p,hsa,SYPL1,6856.0,hsa,PAR-CLIP,Functional MTI (Weak),23446348.0
MIRT519655,hsa-miR-124-3p,hsa,ZNF772,400720.0,hsa,PAR-CLIP,Functional MTI (Weak),23446348.0
MIRT519655,hsa-miR-124-3p,hsa,ZNF772,400720.0,hsa,PAR-CLIP,Functional MTI (Weak),23446348.0
MIRT454444,hsa-miR-124-3p,hsa,QRFPR,84109.0,hsa,PAR-CLIP,Functional MTI (Weak),23446348.0
MIRT002665,hsa-miR-124-3p,hsa,SLC16A1,6566.0,hsa,PAR-CLIP,Functional MTI (Weak),23446348.0
MIRT002665,hsa-miR-124-3p,hsa,SLC16A1,6566.0,hsa,PAR-CLIP,Functional MTI (Weak),23446348.0
MIRT454444,hsa-miR-124-3p,hsa,QRFPR,84109.0,hsa,PAR-CLIP,Functional MTI (Weak),23446348.0
MIRT512333,hsa-miR-124-3p,hsa,ACTB,60.0,hsa,PAR-CLIP,Functional MTI (Weak),23446348.0
MIRT454444,hsa-miR-124-3p,hsa,QRFPR,84109.0,hsa,PAR-CLIP,Functional MTI (Weak),23446348.0
MIRT002625,hsa-miR-124-3p,hsa,CDK4,1019.0,hsa,PAR-CLIP,Functional MTI (Weak),23446348.0
MIRT002625,hsa-miR-124-3p,hsa,CDK4,1019.0,hsa,PAR-CLIP,Functional MTI (Weak),23446348.0
MIRT472902,hsa-miR-124-3p,hsa,MTDH,92140.0,hsa,PAR-CLIP,Functional MTI (Weak),23446348.0
MIRT472902,hsa-miR-124-3p,hsa,MTDH,92140.0,hsa,PAR-CLIP,Functional MTI (Weak),23446348.0
MIRT022232,hsa-miR-124-3p,hsa,PI4K2B,55300.0,hsa,PAR-CLIP,Functional MTI (Weak),23446348.0
MIRT002665,hsa-miR-124-3p,hsa,SLC16A1,6566.0,hsa,PAR-CLIP,Functional MTI (Weak),23446348.0
MIRT002665,hsa-miR-124-3p,hsa,SLC16A1,6566.0,hsa,PAR-CLIP,Functional MTI (Weak),23446348.0
MIRT002625,hsa-miR-124-3p,hsa,CDK4,1019.0,hsa,PAR-CLIP,Functional MTI (Weak),24398324.0
MIRT002625,hsa-miR-124-3p,hsa,CDK4,1019.0,hsa,PAR-CLIP,Functional MTI (Weak),24398324.0
MIRT022844,hsa-miR-124-3p,hsa,GXYLT1,283464.0,hsa,PAR-CLIP,Functional MTI (Weak),24398324.0
MIRT472902,hsa-miR-124-3p,hsa,MTDH,92140.0,hsa,PAR-CLIP,Functional MTI (Weak),24398324.0
MIRT472902,hsa-miR-124-3p,hsa,MTDH,92140.0,hsa,PAR-CLIP,Functional MTI (Weak),24398324.0
MIRT004100,hsa-miR-124-3p,hsa,TSC22D4,81628.0,hsa,PAR-CLIP,Functional MTI (Weak),24398324.0
MIRT454444,hsa-miR-124-3p,hsa,QRFPR,84109.0,hsa,PAR-CLIP,Functional MTI (Weak),24398324.0
MIRT498453,hsa-miR-124-3p,hsa,MFSD14A,64645.0,hsa,PAR-CLIP,Functional MTI (Weak),22291592.0
MIRT497412,hsa-miR-124-3p,hsa,LRRC40,55631.0,hsa,PAR-CLIP,Functional MTI (Weak),22291592.0
MIRT494728,hsa-miR-124-3p,hsa,ARHGAP1,392.0,hsa,PAR-CLIP,Functional MTI (Weak),23592263.0
MIRT494728,hsa-miR-124-3p,hsa,ARHGAP1,392.0,hsa,PAR-CLIP,Functional MTI (Weak),23592263.0
MIRT494147,hsa-miR-124-3p,hsa,CTC1,80169.0,hsa,PAR-CLIP,Functional MTI (Weak),23592263.0
MIRT493807,hsa-miR-124-3p,hsa,GAN,8139.0,hsa,PAR-CLIP,Functional MTI (Weak),23592263.0
MIRT454444,hsa-miR-124-3p,hsa,QRFPR,84109.0,hsa,PAR-CLIP,Functional MTI (Weak),23592263.0
MIRT061247,hsa-miR-124-3p,hsa,AMOTL1,154810.0,hsa,PAR-CLIP,Functional MTI (Weak),23592263.0
MIRT022781,hsa-miR-124-3p,hsa,CARNMT1,138199.0,hsa,PAR-CLIP,Functional MTI (Weak),23592263.0
MIRT022781,hsa-miR-124-3p,hsa,CARNMT1,138199.0,hsa,PAR-CLIP,Functional MTI (Weak),23592263.0
MIRT002730,hsa-miR-124-3p,hsa,CD164,8763.0,hsa,PAR-CLIP,Functional MTI (Weak),23592263.0
MIRT478222,hsa-miR-124-3p,hsa,DDX52,11056.0,hsa,PAR-CLIP,Functional MTI (Weak),23592263.0
MIRT478222,hsa-miR-124-3p,hsa,DDX52,11056.0,hsa,PAR-CLIP,Functional MTI (Weak),23592263.0
MIRT477338,hsa-miR-124-3p,hsa,EPHA2,1969.0,hsa,PAR-CLIP,Functional MTI (Weak),23592263.0
MIRT022844,hsa-miR-124-3p,hsa,GXYLT1,283464.0,hsa,PAR-CLIP,Functional MTI (Weak),23592263.0
MIRT022903,hsa-miR-124-3p,hsa,H6PD,9563.0,hsa,PAR-CLIP,Functional MTI (Weak),23592263.0
MIRT475680,hsa-miR-124-3p,hsa,MFSD14B,84641.0,hsa,PAR-CLIP,Functional MTI (Weak),23592263.0
MIRT475680,hsa-miR-124-3p,hsa,MFSD14B,84641.0,hsa,PAR-CLIP,Functional MTI (Weak),23592263.0
MIRT022702,hsa-miR-124-3p,hsa,ICMT,23463.0,hsa,PAR-CLIP,Functional MTI (Weak),23592263.0
MIRT022702,hsa-miR-124-3p,hsa,ICMT,23463.0,hsa,PAR-CLIP,Functional MTI (Weak),23592263.0
MIRT473871,hsa-miR-124-3p,hsa,MANBAL,63905.0,hsa,PAR-CLIP,Functional MTI (Weak),23592263.0
MIRT472902,hsa-miR-124-3p,hsa,MTDH,92140.0,hsa,PAR-CLIP,Functional MTI (Weak),23592263.0
MIRT472902,hsa-miR-124-3p,hsa,MTDH,92140.0,hsa,PAR-CLIP,Functional MTI (Weak),23592263.0
MIRT471639,hsa-miR-124-3p,hsa,PANK2,80025.0,hsa,PAR-CLIP,Functional MTI (Weak),23592263.0
MIRT471639,hsa-miR-124-3p,hsa,PANK2,80025.0,hsa,PAR-CLIP,Functional MTI (Weak),23592263.0
MIRT470909,hsa-miR-124-3p,hsa,PLIN3,10226.0,hsa,PAR-CLIP,Functional MTI (Weak),23592263.0
MIRT470909,hsa-miR-124-3p,hsa,PLIN3,10226.0,hsa,PAR-CLIP,Functional MTI (Weak),23592263.0
MIRT470256,hsa-miR-124-3p,hsa,PRR14L,253143.0,hsa,PAR-CLIP,Functional MTI (Weak),23592263.0
MIRT470256,hsa-miR-124-3p,hsa,PRR14L,253143.0,hsa,PAR-CLIP,Functional MTI (Weak),23592263.0
MIRT469001,hsa-miR-124-3p,hsa,RNF41,10193.0,hsa,PAR-CLIP,Functional MTI (Weak),23592263.0
MIRT469001,hsa-miR-124-3p,hsa,RNF41,10193.0,hsa,PAR-CLIP,Functional MTI (Weak),23592263.0
MIRT238056,hsa-miR-124-3p,hsa,TADA2B,93624.0,hsa,PAR-CLIP,Functional MTI (Weak),23592263.0
MIRT023198,hsa-miR-124-3p,hsa,TRIB3,57761.0,hsa,PAR-CLIP,Functional MTI (Weak),23592263.0
MIRT463237,hsa-miR-124-3p,hsa,ZNF131,7690.0,hsa,PAR-CLIP,Functional MTI (Weak),23592263.0
MIRT462882,hsa-miR-124-3p,hsa,ZXDB,158586.0,hsa,PAR-CLIP,Functional MTI (Weak),23592263.0
MIRT461196,hsa-miR-124-3p,hsa,TIPIN,54962.0,hsa,PAR-CLIP,Functional MTI (Weak),23592263.0
MIRT461196,hsa-miR-124-3p,hsa,TIPIN,54962.0,hsa,PAR-CLIP,Functional MTI (Weak),23592263.0
MIRT456520,hsa-miR-124-3p,hsa,SRP9,6726.0,hsa,PAR-CLIP,Functional MTI (Weak),23592263.0
MIRT456520,hsa-miR-124-3p,hsa,SRP9,6726.0,hsa,PAR-CLIP,Functional MTI (Weak),23592263.0
MIRT454444,hsa-miR-124-3p,hsa,QRFPR,84109.0,hsa,PAR-CLIP,Functional MTI (Weak),23592263.0
MIRT453923,hsa-miR-124-3p,hsa,COMMD5,28991.0,hsa,PAR-CLIP,Functional MTI (Weak),23592263.0
MIRT453923,hsa-miR-124-3p,hsa,COMMD5,28991.0,hsa,PAR-CLIP,Functional MTI (Weak),23592263.0
MIRT452563,hsa-miR-124-3p,hsa,ZFP69B,65243.0,hsa,PAR-CLIP,Functional MTI (Weak),23592263.0
MIRT452563,hsa-miR-124-3p,hsa,ZFP69B,65243.0,hsa,PAR-CLIP,Functional MTI (Weak),23592263.0
MIRT447651,hsa-miR-124-3p,hsa,RAB3GAP1,22930.0,hsa,PAR-CLIP,Functional MTI (Weak),22100165.0
MIRT447651,hsa-miR-124-3p,hsa,RAB3GAP1,22930.0,hsa,PAR-CLIP,Functional MTI (Weak),22100165.0
MIRT443869,hsa-miR-124-3p,hsa,HDLBP,3069.0,hsa,PAR-CLIP,Functional MTI (Weak),22100165.0
MIRT441826,hsa-miR-124-3p,hsa,ALG14,199857.0,hsa,PAR-CLIP,Functional MTI (Weak),22100165.0
MIRT442711,hsa-miR-124-3p,hsa,TNRC6B,23112.0,hsa,PAR-CLIP,Functional MTI (Weak),22100165.0
MIRT441826,hsa-miR-124-3p,hsa,ALG14,199857.0,hsa,PAR-CLIP,Functional MTI (Weak),22100165.0
MIRT437343,hsa-miR-124-3p,hsa,GRIA2,2891.0,hsa,Luciferase reporter assay,Functional MTI,27013590.0
MIRT437344,hsa-miR-124-3p,hsa,GRIA3,2892.0,hsa,Luciferase reporter assay,Functional MTI,27013590.0
MIRT052931,hsa-miR-124-3p,hsa,STAT3,6774.0,hsa,Luciferase reporter assay,Functional MTI,26993295.0
MIRT023039,hsa-miR-124-3p,hsa,CAPNS1,826.0,hsa,Immunoblot//Luciferase reporter assay//qRT-PCR,Functional MTI,26530859.0
MIRT023039,hsa-miR-124-3p,hsa,CAPNS1,826.0,hsa,Immunoblot//Luciferase reporter assay//qRT-PCR,Non-Functional MTI,26530859.0
MIRT731694,hsa-miR-124-3p,hsa,CBL,867.0,hsa,Luciferase reporter assay//qRT-PCR//Western blot,Functional MTI,27842510.0
MIRT731694,hsa-miR-124-3p,hsa,CBL,867.0,hsa,Luciferase reporter assay//qRT-PCR//Western blot,Functional MTI,27842510.0
MIRT731694,hsa-miR-124-3p,hsa,CBL,867.0,hsa,Luciferase reporter assay//qRT-PCR//Western blot,Functional MTI,27842510.0
MIRT052931,hsa-miR-124-3p,hsa,STAT3,6774.0,hsa,Flow//qRT-PCR//Western blot,Functional MTI,26109806.0
MIRT052931,hsa-miR-124-3p,hsa,STAT3,6774.0,hsa,Luciferase reporter assay,Functional MTI,26707908.0
MIRT052931,hsa-miR-124-3p,hsa,STAT3,6774.0,hsa,Luciferase reporter assay,Non-Functional MTI,26707908.0
MIRT002675,hsa-miR-124-3p,hsa,B4GALT1,2683.0,hsa,Luciferase reporter assay//qRT-PCR//Western blot,Functional MTI,27516205.0
MIRT002675,hsa-miR-124-3p,hsa,B4GALT1,2683.0,hsa,Luciferase reporter assay//qRT-PCR//Western blot,Non-Functional MTI,27516205.0
MIRT002675,hsa-miR-124-3p,hsa,B4GALT1,2683.0,hsa,Luciferase reporter assay//qRT-PCR//Western blot,Functional MTI,27516205.0
MIRT002675,hsa-miR-124-3p,hsa,B4GALT1,2683.0,hsa,Luciferase reporter assay//qRT-PCR//Western blot,Non-Functional MTI,27516205.0
MIRT023192,hsa-miR-124-3p,hsa,EGR1,1958.0,hsa,Luciferase reporter assay//Western blot,Functional MTI,27569005.0
MIRT731903,hsa-miR-124-3p,hsa,NEAT1,283131.0,hsa,Luciferase reporter assay,Functional MTI,27075229.0
MIRT731903,hsa-miR-124-3p,hsa,NEAT1,283131.0,hsa,Luciferase reporter assay,Functional MTI,27075229.0
MIRT731903,hsa-miR-124-3p,hsa,NEAT1,283131.0,hsa,Luciferase reporter assay,Functional MTI,27075229.0
MIRT168868,hsa-miR-124-3p,hsa,PIM1,5292.0,hsa,Luciferase reporter assay,Functional MTI,27088547.0
MIRT168868,hsa-miR-124-3p,hsa,PIM1,5292.0,hsa,Luciferase reporter assay,Functional MTI,27088547.0
MIRT053288,hsa-miR-124-3p,hsa,JAG1,182.0,hsa,Luciferase reporter assay//qRT-PCR//Western blot,Functional MTI,26612211.0
MIRT053288,hsa-miR-124-3p,hsa,JAG1,182.0,hsa,Luciferase reporter assay//qRT-PCR//Western blot,Non-Functional MTI,26612211.0
MIRT023198,hsa-miR-124-3p,hsa,TRIB3,57761.0,hsa,Luciferase reporter assay//Microarray//qRT-PCR//Western blot,Functional MTI,27845424.0
MIRT022271,hsa-miR-124-3p,hsa,SPHK1,8877.0,hsa,Luciferase reporter assay//Western blot,Functional MTI,28386327.0
MIRT022271,hsa-miR-124-3p,hsa,SPHK1,8877.0,hsa,Luciferase reporter assay//Western blot,Functional MTI,28386327.0
MIRT022271,hsa-miR-124-3p,hsa,SPHK1,8877.0,hsa,Luciferase reporter assay//Western blot,Functional MTI,28386327.0
MIRT022271,hsa-miR-124-3p,hsa,SPHK1,8877.0,hsa,Luciferase reporter assay//Western blot,Functional MTI,28386327.0
MIRT022271,hsa-miR-124-3p,hsa,SPHK1,8877.0,hsa,Luciferase reporter assay//Western blot,Functional MTI,28386327.0
MIRT022768,hsa-miR-124-3p,hsa,AKT2,208.0,hsa,Immunoblot//Luciferase reporter assay//qRT-PCR//Western blot,Functional MTI,27175587.0
MIRT006541,hsa-miR-124-3p,hsa,IL6R,3570.0,hsa,ELISA//Flow//qRT-PCR//Western blot,Functional MTI,27824145.0
MIRT052931,hsa-miR-124-3p,hsa,STAT3,6774.0,hsa,ELISA//Flow//qRT-PCR//Western blot,Functional MTI,27824145.0
MIRT052931,hsa-miR-124-3p,hsa,STAT3,6774.0,hsa,Luciferase reporter assay//qRT-PCR//Western blot,Functional MTI,25531908.0
MIRT052931,hsa-miR-124-3p,hsa,STAT3,6774.0,hsa,Luciferase reporter assay//qRT-PCR//Western blot,Non-Functional MTI,25531908.0
MIRT052931,hsa-miR-124-3p,hsa,STAT3,6774.0,hsa,Luciferase reporter assay//qRT-PCR//Western blot,Functional MTI,25531908.0
MIRT052931,hsa-miR-124-3p,hsa,STAT3,6774.0,hsa,Luciferase reporter assay//qRT-PCR//Western blot,Non-Functional MTI,25531908.0
MIRT052931,hsa-miR-124-3p,hsa,STAT3,6774.0,hsa,Luciferase reporter assay//qRT-PCR//Western blot,Functional MTI,25531908.0
MIRT052931,hsa-miR-124-3p,hsa,STAT3,6774.0,hsa,Luciferase reporter assay//qRT-PCR//Western blot,Non-Functional MTI,25531908.0
MIRT052931,hsa-miR-124-3p,hsa,STAT3,6774.0,hsa,Luciferase reporter assay//qRT-PCR//Western blot,Functional MTI,25531908.0
MIRT052931,hsa-miR-124-3p,hsa,STAT3,6774.0,hsa,Luciferase reporter assay//qRT-PCR//Western blot,Non-Functional MTI,25531908.0
MIRT052931,hsa-miR-124-3p,hsa,STAT3,6774.0,hsa,Luciferase reporter assay//qRT-PCR//Western blot,Functional MTI,25531908.0
MIRT052931,hsa-miR-124-3p,hsa,STAT3,6774.0,hsa,Luciferase reporter assay//qRT-PCR//Western blot,Non-Functional MTI,25531908.0
MIRT052931,hsa-miR-124-3p,hsa,STAT3,6774.0,hsa,Luciferase reporter assay//qRT-PCR//Western blot,Functional MTI,25531908.0
MIRT052931,hsa-miR-124-3p,hsa,STAT3,6774.0,hsa,Luciferase reporter assay//qRT-PCR//Western blot,Non-Functional MTI,25531908.0
MIRT052931,hsa-miR-124-3p,hsa,STAT3,6774.0,hsa,Luciferase reporter assay//qRT-PCR//Western blot,Functional MTI,25531908.0
MIRT052931,hsa-miR-124-3p,hsa,STAT3,6774.0,hsa,Luciferase reporter assay//qRT-PCR//Western blot,Non-Functional MTI,25531908.0
MIRT052931,hsa-miR-124-3p,hsa,STAT3,6774.0,hsa,Luciferase reporter assay//qRT-PCR//Western blot,Functional MTI,25531908.0
MIRT052931,hsa-miR-124-3p,hsa,STAT3,6774.0,hsa,Luciferase reporter assay//qRT-PCR//Western blot,Non-Functional MTI,25531908.0
MIRT023023,hsa-miR-124-3p,hsa,SGPL1,8879.0,hsa,Luciferase reporter assay//qRT-PCR,Functional MTI,25559917.0
MIRT023023,hsa-miR-124-3p,hsa,SGPL1,8879.0,hsa,Luciferase reporter assay//qRT-PCR,Functional MTI,25559917.0
MIRT022271,hsa-miR-124-3p,hsa,SPHK1,8877.0,hsa,Luciferase reporter assay//Western blot,Functional MTI,28212569.0
MIRT002719,hsa-miR-124-3p,hsa,CAV1,857.0,hsa,Western blot,Functional MTI,26002553.0
MIRT438215,hsa-miR-124-3p,hsa,FLOT1,10211.0,hsa,Western blot,Functional MTI,26002553.0
MIRT023069,hsa-miR-124-3p,hsa,SIRT1,23411.0,hsa,Luciferase reporter assay//qRT-PCR//Western blot,Functional MTI,27646435.0
MIRT023197,hsa-miR-124-3p,hsa,CDH2,1000.0,hsa,Luciferase reporter assay//qRT-PCR//Western blot,Functional MTI,27073840.0
MIRT023197,hsa-miR-124-3p,hsa,CDH2,1000.0,hsa,Luciferase reporter assay//qRT-PCR//Western blot,Functional MTI,27073840.0
MIRT023197,hsa-miR-124-3p,hsa,CDH2,1000.0,hsa,Luciferase reporter assay//qRT-PCR//Western blot,Functional MTI,27073840.0
MIRT023197,hsa-miR-124-3p,hsa,CDH2,1000.0,hsa,Luciferase reporter assay//qRT-PCR//Western blot,Functional MTI,27073840.0
MIRT023197,hsa-miR-124-3p,hsa,CDH2,1000.0,hsa,Luciferase reporter assay//qRT-PCR//Western blot,Non-Functional MTI,27073840.0
MIRT023197,hsa-miR-124-3p,hsa,CDH2,1000.0,hsa,Luciferase reporter assay//qRT-PCR//Western blot,Functional MTI,27073840.0
MIRT023197,hsa-miR-124-3p,hsa,CDH2,1000.0,hsa,Luciferase reporter assay//qRT-PCR//Western blot,Non-Functional MTI,27073840.0
MIRT023197,hsa-miR-124-3p,hsa,CDH2,1000.0,hsa,Luciferase reporter assay//qRT-PCR//Western blot,Functional MTI,27073840.0
MIRT023197,hsa-miR-124-3p,hsa,CDH2,1000.0,hsa,Luciferase reporter assay//qRT-PCR//Western blot,Non-Functional MTI,27073840.0
MIRT023197,hsa-miR-124-3p,hsa,CDH2,1000.0,hsa,Luciferase reporter assay//qRT-PCR//Western blot,Functional MTI,27073840.0
MIRT023197,hsa-miR-124-3p,hsa,CDH2,1000.0,hsa,Luciferase reporter assay//qRT-PCR//Western blot,Non-Functional MTI,27073840.0
MIRT002697,hsa-miR-124-3p,hsa,IQGAP1,8826.0,hsa,Luciferase reporter assay,Functional MTI,26934121.0
MIRT002697,hsa-miR-124-3p,hsa,IQGAP1,8826.0,hsa,Luciferase reporter assay,Functional MTI,26934121.0
MIRT002915,hsa-miR-124-3p,hsa,MYO10,4651.0,hsa,ELISA//Immunohistochemistry//Luciferase reporter assay//Microarray//qRT-PCR//Western blot,Functional MTI,25749519.0
MIRT002625,hsa-miR-124-3p,hsa,CDK4,1019.0,hsa,Luciferase reporter assay,Functional MTI,27323123.0
MIRT002625,hsa-miR-124-3p,hsa,CDK4,1019.0,hsa,Luciferase reporter assay,Non-Functional MTI,27323123.0
MIRT002922,hsa-miR-124-3p,hsa,RHOG,391.0,hsa,Luciferase reporter assay//Western blot,Functional MTI,26746014.0
MIRT002922,hsa-miR-124-3p,hsa,RHOG,391.0,hsa,Luciferase reporter assay//Western blot,Functional MTI,26746014.0
MIRT002922,hsa-miR-124-3p,hsa,RHOG,391.0,hsa,Luciferase reporter assay//Western blot,Functional MTI,26746014.0
MIRT002922,hsa-miR-124-3p,hsa,RHOG,391.0,hsa,Luciferase reporter assay//Western blot,Functional MTI,26746014.0
MIRT052931,hsa-miR-124-3p,hsa,STAT3,6774.0,hsa,Luciferase reporter assay//qRT-PCR//Western blot,Functional MTI,25928665.0
MIRT002653,hsa-miR-124-3p,hsa,AHR,196.0,hsa,Luciferase reporter assay//qRT-PCR//Western blot,Functional MTI,26802080.0
MIRT002574,hsa-miR-124-3p,hsa,UHRF1,29128.0,hsa,Luciferase reporter assay//Western blot,Functional MTI,26310391.0
MIRT002574,hsa-miR-124-3p,hsa,UHRF1,29128.0,hsa,Luciferase reporter assay//Western blot,Non-Functional MTI,26310391.0
MIRT472902,hsa-miR-124-3p,hsa,MTDH,92140.0,hsa,Luciferase reporter assay//qRT-PCR//Western blot,Functional MTI,27571703.0
MIRT004926,hsa-miR-124-3p,hsa,CLDND1,56650.0,hsa,PAR-CLIP,Functional MTI (Weak),26701625.0
MIRT004926,hsa-miR-124-3p,hsa,CLDND1,56650.0,hsa,PAR-CLIP,Functional MTI (Weak),26701625.0
MIRT004926,hsa-miR-124-3p,hsa,CLDND1,56650.0,hsa,PAR-CLIP,Functional MTI (Weak),26701625.0
MIRT004926,hsa-miR-124-3p,hsa,CLDND1,56650.0,hsa,PAR-CLIP,Functional MTI (Weak),26701625.0
MIRT004926,hsa-miR-124-3p,hsa,CLDND1,56650.0,hsa,PAR-CLIP,Functional MTI (Weak),26701625.0
MIRT004926,hsa-miR-124-3p,hsa,CLDND1,56650.0,hsa,PAR-CLIP,Functional MTI (Weak),26701625.0
MIRT004926,hsa-miR-124-3p,hsa,CLDND1,56650.0,hsa,PAR-CLIP,Functional MTI (Weak),26701625.0
MIRT004926,hsa-miR-124-3p,hsa,CLDND1,56650.0,hsa,PAR-CLIP,Functional MTI (Weak),26701625.0
MIRT004926,hsa-miR-124-3p,hsa,CLDND1,56650.0,hsa,PAR-CLIP,Functional MTI (Weak),26701625.0
MIRT004926,hsa-miR-124-3p,hsa,CLDND1,56650.0,hsa,PAR-CLIP,Functional MTI (Weak),26701625.0
MIRT004926,hsa-miR-124-3p,hsa,CLDND1,56650.0,hsa,PAR-CLIP,Functional MTI (Weak),26701625.0
MIRT004926,hsa-miR-124-3p,hsa,CLDND1,56650.0,hsa,PAR-CLIP,Functional MTI (Weak),26701625.0
MIRT004926,hsa-miR-124-3p,hsa,CLDND1,56650.0,hsa,PAR-CLIP,Functional MTI (Weak),26701625.0
MIRT004926,hsa-miR-124-3p,hsa,CLDND1,56650.0,hsa,PAR-CLIP,Functional MTI (Weak),26701625.0
MIRT004926,hsa-miR-124-3p,hsa,CLDND1,56650.0,hsa,PAR-CLIP,Functional MTI (Weak),26701625.0
MIRT004926,hsa-miR-124-3p,hsa,CLDND1,56650.0,hsa,PAR-CLIP,Functional MTI (Weak),26701625.0
MIRT004926,hsa-miR-124-3p,hsa,CLDND1,56650.0,hsa,PAR-CLIP,Functional MTI (Weak),26701625.0
MIRT004926,hsa-miR-124-3p,hsa,CLDND1,56650.0,hsa,PAR-CLIP,Functional MTI (Weak),26701625.0
MIRT004926,hsa-miR-124-3p,hsa,CLDND1,56650.0,hsa,PAR-CLIP,Functional MTI (Weak),26701625.0
MIRT004926,hsa-miR-124-3p,hsa,CLDND1,56650.0,hsa,PAR-CLIP,Functional MTI (Weak),26701625.0
MIRT004926,hsa-miR-124-3p,hsa,CLDND1,56650.0,hsa,PAR-CLIP,Functional MTI (Weak),26701625.0
MIRT494147,hsa-miR-124-3p,hsa,CTC1,80169.0,hsa,PAR-CLIP,Functional MTI (Weak),26701625.0
MIRT494147,hsa-miR-124-3p,hsa,CTC1,80169.0,hsa,PAR-CLIP,Functional MTI (Weak),26701625.0
MIRT494147,hsa-miR-124-3p,hsa,CTC1,80169.0,hsa,PAR-CLIP,Functional MTI (Weak),26701625.0
MIRT494147,hsa-miR-124-3p,hsa,CTC1,80169.0,hsa,PAR-CLIP,Functional MTI (Weak),26701625.0
MIRT494147,hsa-miR-124-3p,hsa,CTC1,80169.0,hsa,PAR-CLIP,Functional MTI (Weak),26701625.0
MIRT494147,hsa-miR-124-3p,hsa,CTC1,80169.0,hsa,PAR-CLIP,Functional MTI (Weak),26701625.0
MIRT477338,hsa-miR-124-3p,hsa,EPHA2,1969.0,hsa,PAR-CLIP,Functional MTI (Weak),26701625.0
MIRT477338,hsa-miR-124-3p,hsa,EPHA2,1969.0,hsa,PAR-CLIP,Functional MTI (Weak),26701625.0
MIRT477338,hsa-miR-124-3p,hsa,EPHA2,1969.0,hsa,PAR-CLIP,Functional MTI (Weak),26701625.0
MIRT477338,hsa-miR-124-3p,hsa,EPHA2,1969.0,hsa,PAR-CLIP,Functional MTI (Weak),26701625.0
MIRT477338,hsa-miR-124-3p,hsa,EPHA2,1969.0,hsa,PAR-CLIP,Functional MTI (Weak),26701625.0
MIRT477338,hsa-miR-124-3p,hsa,EPHA2,1969.0,hsa,PAR-CLIP,Functional MTI (Weak),26701625.0
MIRT477338,hsa-miR-124-3p,hsa,EPHA2,1969.0,hsa,PAR-CLIP,Functional MTI (Weak),26701625.0
MIRT477338,hsa-miR-124-3p,hsa,EPHA2,1969.0,hsa,PAR-CLIP,Functional MTI (Weak),26701625.0
MIRT477338,hsa-miR-124-3p,hsa,EPHA2,1969.0,hsa,PAR-CLIP,Functional MTI (Weak),26701625.0
MIRT477338,hsa-miR-124-3p,hsa,EPHA2,1969.0,hsa,PAR-CLIP,Functional MTI (Weak),26701625.0
MIRT477338,hsa-miR-124-3p,hsa,EPHA2,1969.0,hsa,PAR-CLIP,Functional MTI (Weak),26701625.0
MIRT477338,hsa-miR-124-3p,hsa,EPHA2,1969.0,hsa,PAR-CLIP,Functional MTI (Weak),26701625.0
MIRT477338,hsa-miR-124-3p,hsa,EPHA2,1969.0,hsa,PAR-CLIP,Functional MTI (Weak),26701625.0
MIRT477338,hsa-miR-124-3p,hsa,EPHA2,1969.0,hsa,PAR-CLIP,Functional MTI (Weak),26701625.0
MIRT493807,hsa-miR-124-3p,hsa,GAN,8139.0,hsa,PAR-CLIP,Functional MTI (Weak),26701625.0
MIRT493807,hsa-miR-124-3p,hsa,GAN,8139.0,hsa,PAR-CLIP,Functional MTI (Weak),26701625.0
MIRT493807,hsa-miR-124-3p,hsa,GAN,8139.0,hsa,PAR-CLIP,Functional MTI (Weak),26701625.0
MIRT493807,hsa-miR-124-3p,hsa,GAN,8139.0,hsa,PAR-CLIP,Functional MTI (Weak),26701625.0
MIRT493807,hsa-miR-124-3p,hsa,GAN,8139.0,hsa,PAR-CLIP,Functional MTI (Weak),26701625.0
MIRT493807,hsa-miR-124-3p,hsa,GAN,8139.0,hsa,PAR-CLIP,Functional MTI (Weak),26701625.0
MIRT493807,hsa-miR-124-3p,hsa,GAN,8139.0,hsa,PAR-CLIP,Functional MTI (Weak),26701625.0
MIRT493807,hsa-miR-124-3p,hsa,GAN,8139.0,hsa,PAR-CLIP,Functional MTI (Weak),26701625.0
MIRT493807,hsa-miR-124-3p,hsa,GAN,8139.0,hsa,PAR-CLIP,Functional MTI (Weak),26701625.0
MIRT493807,hsa-miR-124-3p,hsa,GAN,8139.0,hsa,PAR-CLIP,Functional MTI (Weak),26701625.0
MIRT493807,hsa-miR-124-3p,hsa,GAN,8139.0,hsa,PAR-CLIP,Functional MTI (Weak),26701625.0
MIRT493807,hsa-miR-124-3p,hsa,GAN,8139.0,hsa,PAR-CLIP,Functional MTI (Weak),26701625.0
MIRT493807,hsa-miR-124-3p,hsa,GAN,8139.0,hsa,PAR-CLIP,Functional MTI (Weak),26701625.0
MIRT493807,hsa-miR-124-3p,hsa,GAN,8139.0,hsa,PAR-CLIP,Functional MTI (Weak),26701625.0
MIRT493807,hsa-miR-124-3p,hsa,GAN,8139.0,hsa,PAR-CLIP,Functional MTI (Weak),26701625.0
MIRT493807,hsa-miR-124-3p,hsa,GAN,8139.0,hsa,PAR-CLIP,Functional MTI (Weak),26701625.0
MIRT493807,hsa-miR-124-3p,hsa,GAN,8139.0,hsa,PAR-CLIP,Functional MTI (Weak),26701625.0
MIRT493807,hsa-miR-124-3p,hsa,GAN,8139.0,hsa,PAR-CLIP,Functional MTI (Weak),26701625.0
MIRT002601,hsa-miR-124-3p,hsa,NFIC,4782.0,hsa,PAR-CLIP,Functional MTI (Weak),26701625.0
MIRT002601,hsa-miR-124-3p,hsa,NFIC,4782.0,hsa,PAR-CLIP,Functional MTI (Weak),26701625.0
MIRT023216,hsa-miR-124-3p,hsa,NFIX,4784.0,hsa,PAR-CLIP,Functional MTI (Weak),26701625.0
MIRT470909,hsa-miR-124-3p,hsa,PLIN3,10226.0,hsa,PAR-CLIP,Functional MTI (Weak),26701625.0
MIRT470909,hsa-miR-124-3p,hsa,PLIN3,10226.0,hsa,PAR-CLIP,Functional MTI (Weak),26701625.0
MIRT023204,hsa-miR-124-3p,hsa,PNPLA2,57104.0,hsa,PAR-CLIP,Functional MTI (Weak),26701625.0
MIRT023204,hsa-miR-124-3p,hsa,PNPLA2,57104.0,hsa,PAR-CLIP,Functional MTI (Weak),26701625.0
MIRT023204,hsa-miR-124-3p,hsa,PNPLA2,57104.0,hsa,PAR-CLIP,Functional MTI (Weak),26701625.0
MIRT002647,hsa-miR-124-3p,hsa,PTBP1,5725.0,hsa,PAR-CLIP,Functional MTI (Weak),26701625.0
MIRT461196,hsa-miR-124-3p,hsa,TIPIN,54962.0,hsa,PAR-CLIP,Functional MTI (Weak),26701625.0
MIRT564769,hsa-miR-124-3p,hsa,ZFP36L1,677.0,hsa,PAR-CLIP,Functional MTI (Weak),26701625.0
MIRT564769,hsa-miR-124-3p,hsa,ZFP36L1,677.0,hsa,PAR-CLIP,Functional MTI (Weak),26701625.0
MIRT544418,hsa-miR-124-3p,hsa,ZNF460,10794.0,hsa,PAR-CLIP,Functional MTI (Weak),26701625.0
MIRT544418,hsa-miR-124-3p,hsa,ZNF460,10794.0,hsa,PAR-CLIP,Functional MTI (Weak),26701625.0
MIRT564579,hsa-miR-124-3p,hsa,ZXDA,7789.0,hsa,PAR-CLIP,Functional MTI (Weak),26701625.0
MIRT564579,hsa-miR-124-3p,hsa,ZXDA,7789.0,hsa,PAR-CLIP,Functional MTI (Weak),26701625.0
MIRT564579,hsa-miR-124-3p,hsa,ZXDA,7789.0,hsa,PAR-CLIP,Functional MTI (Weak),26701625.0
MIRT462882,hsa-miR-124-3p,hsa,ZXDB,158586.0,hsa,PAR-CLIP,Functional MTI (Weak),26701625.0
MIRT462882,hsa-miR-124-3p,hsa,ZXDB,158586.0,hsa,PAR-CLIP,Functional MTI (Weak),26701625.0
MIRT462882,hsa-miR-124-3p,hsa,ZXDB,158586.0,hsa,PAR-CLIP,Functional MTI (Weak),26701625.0
MIRT494728,hsa-miR-124-3p,hsa,ARHGAP1,392.0,hsa,PAR-CLIP,Functional MTI (Weak),27292025.0
MIRT494147,hsa-miR-124-3p,hsa,CTC1,80169.0,hsa,PAR-CLIP,Functional MTI (Weak),27292025.0
MIRT494147,hsa-miR-124-3p,hsa,CTC1,80169.0,hsa,PAR-CLIP,Functional MTI (Weak),27292025.0
MIRT494147,hsa-miR-124-3p,hsa,CTC1,80169.0,hsa,PAR-CLIP,Functional MTI (Weak),27292025.0
MIRT494147,hsa-miR-124-3p,hsa,CTC1,80169.0,hsa,PAR-CLIP,Functional MTI (Weak),27292025.0
MIRT493807,hsa-miR-124-3p,hsa,GAN,8139.0,hsa,PAR-CLIP,Functional MTI (Weak),27292025.0
MIRT493807,hsa-miR-124-3p,hsa,GAN,8139.0,hsa,PAR-CLIP,Functional MTI (Weak),27292025.0
MIRT493807,hsa-miR-124-3p,hsa,GAN,8139.0,hsa,PAR-CLIP,Functional MTI (Weak),27292025.0
MIRT493807,hsa-miR-124-3p,hsa,GAN,8139.0,hsa,PAR-CLIP,Functional MTI (Weak),27292025.0
MIRT022440,hsa-miR-124-3p,hsa,MDK,4192.0,hsa,PAR-CLIP,Functional MTI (Weak),27292025.0
MIRT454444,hsa-miR-124-3p,hsa,QRFPR,84109.0,hsa,PAR-CLIP,Functional MTI (Weak),27292025.0
MIRT454444,hsa-miR-124-3p,hsa,QRFPR,84109.0,hsa,PAR-CLIP,Functional MTI (Weak),27292025.0
MIRT454444,hsa-miR-124-3p,hsa,QRFPR,84109.0,hsa,PAR-CLIP,Functional MTI (Weak),27292025.0
MIRT461196,hsa-miR-124-3p,hsa,TIPIN,54962.0,hsa,PAR-CLIP,Functional MTI (Weak),27292025.0
MIRT732467,hsa-miR-124-3p,hsa,PARP1,142.0,hsa,Luciferase reporter assay//Western blotting,Functional MTI,34131409.0
MIRT022725,hsa-miR-124-3p,hsa,TFAP4,7023.0,hsa,Luciferase reporter assay//qRT-PCR,Functional MTI,33717268.0
MIRT733004,hsa-miR-124-3p,hsa,NOS3,4846.0,hsa,Luciferase reporter assay,Functional MTI,32692577.0
MIRT733005,hsa-miR-124-3p,hsa,APLN,8862.0,hsa,Luciferase reporter assay,Functional MTI,32692577.0
MIRT733006,hsa-miR-124-3p,hsa,ETS1,2113.0,hsa,Luciferase reporter assay,Functional MTI,32692577.0
MIRT002655,hsa-miR-124-3p,hsa,PLP2,5355.0,hsa,Immunofluorescence//RNA-seq//qRT-PCR//Western blotting,Functional MTI,33859750.0
MIRT022846,hsa-miR-124-3p,hsa,FSTL1,11167.0,hsa,Luciferase reporter assay//Microarray//qRT-PCR//Western blotting,Functional MTI,34007334.0
MIRT022368,hsa-miR-124-3p,hsa,TPST2,8459.0,hsa,Luciferase reporter assay//Microarray//qRT-PCR//Western blotting,Functional MTI,34007334.0
MIRT006479,hsa-miR-124-3p,hsa,EZH2,2146.0,hsa,Luciferase reporter assay//Microarray//qRT-PCR//Western blotting,Functional MTI,34007334.0
MIRT002922,hsa-miR-124-3p,hsa,RHOG,391.0,hsa,Luciferase reporter assay//qRT-PCR//Western blotting,Functional MTI,33649803.0
MIRT733666,hsa-miR-124-3p,hsa,ELAVL3,1995.0,hsa,RNA-seq,Functional MTI (Weak),34031238.0
MIRT022221,hsa-miR-124-3p,hsa,GRB2,2885.0,hsa,Luciferase reporter assay//qRT-PCR//Western blotting,Functional MTI,34277703.0
MIRT022432,hsa-miR-124-3p,hsa,AKT3,10000.0,hsa,Luciferase reporter assay//qRT-PCR//Western blotting,Functional MTI,34277703.0
MIRT733759,hsa-miR-124-3p,hsa,SNHG14,104472715.0,hsa,Luciferase reporter assay//qRT-PCR,Functional MTI,32236565.0
MIRT733759,hsa-miR-124-3p,hsa,SNHG14,104472715.0,hsa,Luciferase reporter assay//qRT-PCR,Functional MTI,32236565.0
MIRT004724,hsa-miR-124-3p,hsa,VIM,7431.0,hsa,qRT-PCR//Western blotting,Functional MTI,0.0
MIRT438398,hsa-miR-124-3p,hsa,CD274,29126.0,hsa,Luciferase reporter assay//qRT-PCR//Western blotting,Functional MTI,33821473.0
MIRT002580,hsa-miR-124-3p,hsa,ELF4,2000.0,hsa,Luciferase reporter assay//RNA-seq//qRT-PCR,Functional MTI,31624087.0
MIRT734450,hsa-miR-124-3p,hsa,OGFRP1,388906.0,hsa,Immunoprecipitaion (IP)//In situ hybridization//Luciferase reporter assay//qRT-PCR,Functional MTI,32428870.0
MIRT734451,hsa-miR-124-3p,hsa,SARM1,23098.0,hsa,Immunoprecipitaion (IP)//In situ hybridization//Luciferase reporter assay//qRT-PCR,Functional MTI,32428870.0
MIRT734562,hsa-miR-124-3p,hsa,CPT1A,1374.0,hsa,Western blotting//qRT-PCR,Functional MTI,32013257.0
MIRT052931,hsa-miR-124-3p,hsa,STAT3,6774.0,hsa,Luciferase reporter assay//Western blotting//Immunoprecipitaion (IP)//qRT-PCR//Flow cytometry,Functional MTI,32236565.0
MIRT734738,hsa-miR-124-3p,hsa,PRKAA2,5563.0,hsa,Luciferase reporter assay//Microarray,Functional MTI,33681194.0
MIRT000360,hsa-miR-124-3p,hsa,SOX9,6662.0,hsa,Western blotting//Immunohistochemistry (IHC)//qRT-PCR,Functional MTI,32979863.0
MIRT735107,hsa-miR-124-3p,hsa,MYD88,4615.0,hsa,Western blotting//Immunohistochemistry (IHC),Functional MTI,32850781.0
MIRT052931,hsa-miR-124-3p,hsa,STAT3,6774.0,hsa,Western blotting//Immunohistochemistry (IHC),Functional MTI,32850781.0
MIRT735196,hsa-miR-124-3p,hsa,ATF4,468.0,hsa,Western blotting//Immunohistochemistry (IHC)//in vitro cullelar assays//qRT-PCR//Immunocytochemistry (ICC),Functional MTI,33161580.0
MIRT735213,hsa-miR-124-3p,hsa,LINC00240,100133205.0,hsa,Luciferase reporter assay//Western blotting//Immunoprecipitaion (IP)//qRT-PCR,Functional MTI,32526811.0
MIRT022613,hsa-miR-124-3p,hsa,RAB32,10981.0,hsa,Luciferase reporter assay//Western blotting//qRT-PCR,Functional MTI,32974168.0
MIRT022236,hsa-miR-124-3p,hsa,RAB27A,5873.0,hsa,Luciferase reporter assay//Western blotting//qRT-PCR,Functional MTI,32974168.0
MIRT023210,hsa-miR-124-3p,hsa,PCNA,5111.0,hsa,Microarray//qRT-PCR,Functional MTI (Weak),31788082.0
MIRT002579,hsa-miR-124-3p,hsa,MYH9,4627.0,hsa,Luciferase reporter assay//Western blotting//Microarray//Immunofluorescence//qRT-PCR//ELISA,Functional MTI,32711535.0
MIRT002579,hsa-miR-124-3p,hsa,MYH9,4627.0,hsa,Luciferase reporter assay//Western blotting//qRT-PCR,Functional MTI,33330445.0
MIRT735953,hsa-miR-124-3p,hsa,ACTN4,81.0,hsa,Luciferase reporter assay//Western blotting//qRT-PCR,Functional MTI,33330445.0
MIRT023142,hsa-miR-124-3p,hsa,PLEC,5339.0,hsa,Luciferase reporter assay//Western blotting//qRT-PCR,Functional MTI,33330445.0
MIRT022236,hsa-miR-124-3p,hsa,RAB27A,5873.0,hsa,Luciferase reporter assay//Western blotting//qRT-PCR//Flow cytometry,Functional MTI,32815642.0
MIRT568589,hsa-miR-124-3p,hsa,AGO2,27161.0,hsa,Luciferase reporter assay//qRT-PCR,Functional MTI,33300035.0
MIRT736741,hsa-miR-124-3p,hsa,MYL2,4633.0,hsa,qRT-PCR,Functional MTI (Weak),32727232.0
MIRT022578,hsa-miR-124-3p,hsa,NRP1,8829.0,hsa,Luciferase reporter assay//RNA-seq,Functional MTI,33912463.0
MIRT022846,hsa-miR-124-3p,hsa,FSTL1,11167.0,hsa,Luciferase reporter assay//Western blotting//Microarray//qRT-PCR,Functional MTI,34007334.0
MIRT732467,hsa-miR-124-3p,hsa,PARP1,142.0,hsa,Luciferase reporter assay//qRT-PCR,Functional MTI,32641757.0
MIRT736954,hsa-miR-124-3p,hsa,ABCC4,10257.0,hsa,Luciferase reporter assay//Western blotting//qRT-PCR,Functional MTI,33946595.0
MIRT023116,hsa-miR-124-3p,hsa,RCAN1,1827.0,hsa,Luciferase reporter assay//Western blotting//Immunoprecipitaion (IP)//Immunohistochemistry (IHC)//Immunofluorescence//qRT-PCR,Functional MTI,32467610.0
MIRT022725,hsa-miR-124-3p,hsa,TFAP4,7023.0,hsa,Western blotting//qRT-PCR,Functional MTI,33717268.0
MIRT737275,hsa-miR-124-3p,hsa,CRKL,1399.0,hsa,Luciferase reporter assay//Western blotting//RNA-seq//Immunofluorescence//qRT-PCR,Functional MTI,33094104.0
MIRT737400,hsa-miR-124-3p,hsa,ZEB2,9839.0,hsa,Luciferase reporter assay//RNA-seq//qRT-PCR,Functional MTI,32046742.0
MIRT722051,hsa-miR-124-3p,hsa,HLA-E,3133.0,hsa,HITS-CLIP,Functional MTI (Weak),19536157.0
MIRT717140,hsa-miR-124-3p,hsa,DLEU1,10301.0,hsa,HITS-CLIP,Functional MTI (Weak),19536157.0
MIRT717140,hsa-miR-124-3p,hsa,DLEU1,10301.0,hsa,HITS-CLIP,Functional MTI (Weak),19536157.0
MIRT720109,hsa-miR-124-3p,hsa,SAMD4A,23034.0,hsa,HITS-CLIP,Functional MTI (Weak),19536157.0
MIRT717140,hsa-miR-124-3p,hsa,DLEU1,10301.0,hsa,HITS-CLIP,Functional MTI (Weak),19536157.0
MIRT717140,hsa-miR-124-3p,hsa,DLEU1,10301.0,hsa,HITS-CLIP,Functional MTI (Weak),19536157.0
MIRT714427,hsa-miR-124-3p,hsa,SNED1,25992.0,hsa,HITS-CLIP,Functional MTI (Weak),19536157.0
MIRT023194,hsa-miR-124-3p,hsa,FSTL3,10272.0,hsa,HITS-CLIP,Functional MTI (Weak),19536157.0
MIRT023194,hsa-miR-124-3p,hsa,FSTL3,10272.0,hsa,HITS-CLIP,Functional MTI (Weak),19536157.0
MIRT061247,hsa-miR-124-3p,hsa,AMOTL1,154810.0,hsa,HITS-CLIP,Functional MTI (Weak),21572407.0
MIRT706674,hsa-miR-124-3p,hsa,COL13A1,1305.0,hsa,HITS-CLIP,Functional MTI (Weak),21572407.0
MIRT706674,hsa-miR-124-3p,hsa,COL13A1,1305.0,hsa,HITS-CLIP,Functional MTI (Weak),21572407.0
MIRT705273,hsa-miR-124-3p,hsa,BAHD1,22893.0,hsa,HITS-CLIP,Functional MTI (Weak),23313552.0
MIRT705273,hsa-miR-124-3p,hsa,BAHD1,22893.0,hsa,HITS-CLIP,Functional MTI (Weak),23313552.0
MIRT703793,hsa-miR-124-3p,hsa,FAM102B,284611.0,hsa,HITS-CLIP,Functional MTI (Weak),23313552.0
MIRT022979,hsa-miR-124-3p,hsa,ITGA3,3675.0,hsa,HITS-CLIP,Functional MTI (Weak),23313552.0
MIRT000360,hsa-miR-124-3p,hsa,SOX9,6662.0,hsa,HITS-CLIP,Functional MTI (Weak),23313552.0
MIRT000360,hsa-miR-124-3p,hsa,SOX9,6662.0,hsa,HITS-CLIP,Functional MTI (Weak),23313552.0
MIRT696824,hsa-miR-124-3p,hsa,PLLP,51090.0,hsa,HITS-CLIP,Functional MTI (Weak),23313552.0
MIRT696824,hsa-miR-124-3p,hsa,PLLP,51090.0,hsa,HITS-CLIP,Functional MTI (Weak),23313552.0
MIRT695653,hsa-miR-124-3p,hsa,MAN2B2,23324.0,hsa,HITS-CLIP,Functional MTI (Weak),23313552.0
MIRT695653,hsa-miR-124-3p,hsa,MAN2B2,23324.0,hsa,HITS-CLIP,Functional MTI (Weak),23313552.0
MIRT002639,hsa-miR-124-3p,hsa,GSN,2934.0,hsa,HITS-CLIP,Functional MTI (Weak),23313552.0
MIRT686788,hsa-miR-124-3p,hsa,AZF1,560.0,hsa,HITS-CLIP,Functional MTI (Weak),23313552.0
MIRT741125,hsa-miR-124-3p,hsa,NEMP1,23306.0,hsa,HITS-CLIP,Functional MTI (Weak),23313552.0
MIRT610938,hsa-miR-124-3p,hsa,ADRB3,155.0,hsa,HITS-CLIP,Functional MTI (Weak),23313552.0
MIRT610938,hsa-miR-124-3p,hsa,ADRB3,155.0,hsa,HITS-CLIP,Functional MTI (Weak),23313552.0
MIRT494147,hsa-miR-124-3p,hsa,CTC1,80169.0,hsa,HITS-CLIP,Functional MTI (Weak),23706177.0
MIRT454444,hsa-miR-124-3p,hsa,QRFPR,84109.0,hsa,HITS-CLIP,Functional MTI (Weak),23706177.0
MIRT494147,hsa-miR-124-3p,hsa,CTC1,80169.0,hsa,HITS-CLIP,Functional MTI (Weak),23706177.0
MIRT454444,hsa-miR-124-3p,hsa,QRFPR,84109.0,hsa,HITS-CLIP,Functional MTI (Weak),23706177.0
MIRT632743,hsa-miR-124-3p,hsa,MED28,80306.0,hsa,HITS-CLIP,Functional MTI (Weak),23824327.0
MIRT023070,hsa-miR-124-3p,hsa,COL12A1,1303.0,hsa,HITS-CLIP,Functional MTI (Weak),23824327.0
MIRT610938,hsa-miR-124-3p,hsa,ADRB3,155.0,hsa,HITS-CLIP,Functional MTI (Weak),23824327.0
MIRT610938,hsa-miR-124-3p,hsa,ADRB3,155.0,hsa,HITS-CLIP,Functional MTI (Weak),23824327.0
MIRT632743,hsa-miR-124-3p,hsa,MED28,80306.0,hsa,HITS-CLIP,Functional MTI (Weak),23824327.0
MIRT610938,hsa-miR-124-3p,hsa,ADRB3,155.0,hsa,HITS-CLIP,Functional MTI (Weak),23824327.0
MIRT610938,hsa-miR-124-3p,hsa,ADRB3,155.0,hsa,HITS-CLIP,Functional MTI (Weak),23824327.0
MIRT610938,hsa-miR-124-3p,hsa,ADRB3,155.0,hsa,HITS-CLIP,Functional MTI (Weak),23824327.0
MIRT610938,hsa-miR-124-3p,hsa,ADRB3,155.0,hsa,HITS-CLIP,Functional MTI (Weak),23824327.0
MIRT632743,hsa-miR-124-3p,hsa,MED28,80306.0,hsa,HITS-CLIP,Functional MTI (Weak),23824327.0
MIRT610938,hsa-miR-124-3p,hsa,ADRB3,155.0,hsa,HITS-CLIP,Functional MTI (Weak),23824327.0
MIRT610938,hsa-miR-124-3p,hsa,ADRB3,155.0,hsa,HITS-CLIP,Functional MTI (Weak),23824327.0
MIRT660277,hsa-miR-124-3p,hsa,BLOC1S5,63915.0,hsa,HITS-CLIP,Functional MTI (Weak),23824327.0
MIRT002915,hsa-miR-124-3p,hsa,MYO10,4651.0,hsa,HITS-CLIP,Functional MTI (Weak),23824327.0
MIRT002915,hsa-miR-124-3p,hsa,MYO10,4651.0,hsa,HITS-CLIP,Functional MTI (Weak),23824327.0
MIRT665787,hsa-miR-124-3p,hsa,TMEM181,57583.0,hsa,HITS-CLIP,Functional MTI (Weak),23824327.0
MIRT665787,hsa-miR-124-3p,hsa,TMEM181,57583.0,hsa,HITS-CLIP,Functional MTI (Weak),23824327.0
MIRT621642,hsa-miR-124-3p,hsa,UBXN2B,137886.0,hsa,HITS-CLIP,Functional MTI (Weak),23824327.0
MIRT621642,hsa-miR-124-3p,hsa,UBXN2B,137886.0,hsa,HITS-CLIP,Functional MTI (Weak),23824327.0
MIRT665316,hsa-miR-124-3p,hsa,ZBTB3,79842.0,hsa,HITS-CLIP,Functional MTI (Weak),23824327.0
MIRT023070,hsa-miR-124-3p,hsa,COL12A1,1303.0,hsa,HITS-CLIP,Functional MTI (Weak),23824327.0
MIRT610938,hsa-miR-124-3p,hsa,ADRB3,155.0,hsa,HITS-CLIP,Functional MTI (Weak),23824327.0
MIRT610938,hsa-miR-124-3p,hsa,ADRB3,155.0,hsa,HITS-CLIP,Functional MTI (Weak),23824327.0
MIRT646054,hsa-miR-124-3p,hsa,CD1D,912.0,hsa,HITS-CLIP,Functional MTI (Weak),23824327.0
MIRT646054,hsa-miR-124-3p,hsa,CD1D,912.0,hsa,HITS-CLIP,Functional MTI (Weak),23824327.0
MIRT660277,hsa-miR-124-3p,hsa,BLOC1S5,63915.0,hsa,HITS-CLIP,Functional MTI (Weak),23824327.0
MIRT023070,hsa-miR-124-3p,hsa,COL12A1,1303.0,hsa,HITS-CLIP,Functional MTI (Weak),23824327.0
MIRT002915,hsa-miR-124-3p,hsa,MYO10,4651.0,hsa,HITS-CLIP,Functional MTI (Weak),23824327.0
MIRT002915,hsa-miR-124-3p,hsa,MYO10,4651.0,hsa,HITS-CLIP,Functional MTI (Weak),23824327.0
MIRT002635,hsa-miR-124-3p,hsa,NEK9,91754.0,hsa,HITS-CLIP,Functional MTI (Weak),23824327.0
MIRT655479,hsa-miR-124-3p,hsa,PAK3,5063.0,hsa,HITS-CLIP,Functional MTI (Weak),23824327.0
MIRT654670,hsa-miR-124-3p,hsa,PSMB5,5693.0,hsa,HITS-CLIP,Functional MTI (Weak),23824327.0
MIRT621642,hsa-miR-124-3p,hsa,UBXN2B,137886.0,hsa,HITS-CLIP,Functional MTI (Weak),23824327.0
MIRT621642,hsa-miR-124-3p,hsa,UBXN2B,137886.0,hsa,HITS-CLIP,Functional MTI (Weak),23824327.0
MIRT651522,hsa-miR-124-3p,hsa,WNT4,54361.0,hsa,HITS-CLIP,Functional MTI (Weak),23824327.0
MIRT610938,hsa-miR-124-3p,hsa,ADRB3,155.0,hsa,HITS-CLIP,Functional MTI (Weak),23824327.0
MIRT610938,hsa-miR-124-3p,hsa,ADRB3,155.0,hsa,HITS-CLIP,Functional MTI (Weak),23824327.0
MIRT646054,hsa-miR-124-3p,hsa,CD1D,912.0,hsa,HITS-CLIP,Functional MTI (Weak),23824327.0
MIRT646054,hsa-miR-124-3p,hsa,CD1D,912.0,hsa,HITS-CLIP,Functional MTI (Weak),23824327.0
MIRT610938,hsa-miR-124-3p,hsa,ADRB3,155.0,hsa,HITS-CLIP,Functional MTI (Weak),23824327.0
MIRT610938,hsa-miR-124-3p,hsa,ADRB3,155.0,hsa,HITS-CLIP,Functional MTI (Weak),23824327.0
MIRT610938,hsa-miR-124-3p,hsa,ADRB3,155.0,hsa,HITS-CLIP,Functional MTI (Weak),23824327.0
MIRT610938,hsa-miR-124-3p,hsa,ADRB3,155.0,hsa,HITS-CLIP,Functional MTI (Weak),23824327.0
MIRT023070,hsa-miR-124-3p,hsa,COL12A1,1303.0,hsa,HITS-CLIP,Functional MTI (Weak),23824327.0
MIRT610938,hsa-miR-124-3p,hsa,ADRB3,155.0,hsa,HITS-CLIP,Functional MTI (Weak),23824327.0
MIRT610938,hsa-miR-124-3p,hsa,ADRB3,155.0,hsa,HITS-CLIP,Functional MTI (Weak),23824327.0
MIRT023070,hsa-miR-124-3p,hsa,COL12A1,1303.0,hsa,HITS-CLIP,Functional MTI (Weak),23824327.0
MIRT610938,hsa-miR-124-3p,hsa,ADRB3,155.0,hsa,HITS-CLIP,Functional MTI (Weak),23824327.0
MIRT610938,hsa-miR-124-3p,hsa,ADRB3,155.0,hsa,HITS-CLIP,Functional MTI (Weak),23824327.0
MIRT610938,hsa-miR-124-3p,hsa,ADRB3,155.0,hsa,HITS-CLIP,Functional MTI (Weak),23824327.0
MIRT610938,hsa-miR-124-3p,hsa,ADRB3,155.0,hsa,HITS-CLIP,Functional MTI (Weak),23824327.0
MIRT632743,hsa-miR-124-3p,hsa,MED28,80306.0,hsa,HITS-CLIP,Functional MTI (Weak),23824327.0
MIRT610938,hsa-miR-124-3p,hsa,ADRB3,155.0,hsa,HITS-CLIP,Functional MTI (Weak),23824327.0
MIRT610938,hsa-miR-124-3p,hsa,ADRB3,155.0,hsa,HITS-CLIP,Functional MTI (Weak),23824327.0
MIRT621642,hsa-miR-124-3p,hsa,UBXN2B,137886.0,hsa,HITS-CLIP,Functional MTI (Weak),23824327.0
MIRT621642,hsa-miR-124-3p,hsa,UBXN2B,137886.0,hsa,HITS-CLIP,Functional MTI (Weak),23824327.0
MIRT610938,hsa-miR-124-3p,hsa,ADRB3,155.0,hsa,HITS-CLIP,Functional MTI (Weak),23824327.0
MIRT610938,hsa-miR-124-3p,hsa,ADRB3,155.0,hsa,HITS-CLIP,Functional MTI (Weak),23824327.0
MIRT023070,hsa-miR-124-3p,hsa,COL12A1,1303.0,hsa,HITS-CLIP,Functional MTI (Weak),23824327.0
MIRT610938,hsa-miR-124-3p,hsa,ADRB3,155.0,hsa,HITS-CLIP,Functional MTI (Weak),23824327.0
MIRT610938,hsa-miR-124-3p,hsa,ADRB3,155.0,hsa,HITS-CLIP,Functional MTI (Weak),23824327.0
MIRT023070,hsa-miR-124-3p,hsa,COL12A1,1303.0,hsa,HITS-CLIP,Functional MTI (Weak),23824327.0
MIRT610938,hsa-miR-124-3p,hsa,ADRB3,155.0,hsa,HITS-CLIP,Functional MTI (Weak),23824327.0
MIRT610938,hsa-miR-124-3p,hsa,ADRB3,155.0,hsa,HITS-CLIP,Functional MTI (Weak),23824327.0
MIRT000360,hsa-miR-124-3p,hsa,SOX9,6662.0,hsa,HITS-CLIP,Functional MTI (Weak),23824327.0
MIRT000360,hsa-miR-124-3p,hsa,SOX9,6662.0,hsa,HITS-CLIP,Functional MTI (Weak),23824327.0
MIRT023070,hsa-miR-124-3p,hsa,COL12A1,1303.0,hsa,HITS-CLIP,Functional MTI (Weak),23824327.0
MIRT610938,hsa-miR-124-3p,hsa,ADRB3,155.0,hsa,HITS-CLIP,Functional MTI (Weak),23824327.0
MIRT610938,hsa-miR-124-3p,hsa,ADRB3,155.0,hsa,HITS-CLIP,Functional MTI (Weak),23824327.0
MIRT023070,hsa-miR-124-3p,hsa,COL12A1,1303.0,hsa,HITS-CLIP,Functional MTI (Weak),23824327.0
MIRT621642,hsa-miR-124-3p,hsa,UBXN2B,137886.0,hsa,HITS-CLIP,Functional MTI (Weak),23824327.0
MIRT621642,hsa-miR-124-3p,hsa,UBXN2B,137886.0,hsa,HITS-CLIP,Functional MTI (Weak),23824327.0
MIRT610938,hsa-miR-124-3p,hsa,ADRB3,155.0,hsa,HITS-CLIP,Functional MTI (Weak),23824327.0
MIRT610938,hsa-miR-124-3p,hsa,ADRB3,155.0,hsa,HITS-CLIP,Functional MTI (Weak),23824327.0
MIRT616976,hsa-miR-124-3p,hsa,GJD2,57369.0,hsa,HITS-CLIP,Functional MTI (Weak),23824327.0
MIRT616976,hsa-miR-124-3p,hsa,GJD2,57369.0,hsa,HITS-CLIP,Functional MTI (Weak),23824327.0
MIRT610938,hsa-miR-124-3p,hsa,ADRB3,155.0,hsa,HITS-CLIP,Functional MTI (Weak),23824327.0
MIRT610938,hsa-miR-124-3p,hsa,ADRB3,155.0,hsa,HITS-CLIP,Functional MTI (Weak),23824327.0
MIRT610938,hsa-miR-124-3p,hsa,ADRB3,155.0,hsa,HITS-CLIP,Functional MTI (Weak),23824327.0
MIRT610938,hsa-miR-124-3p,hsa,ADRB3,155.0,hsa,HITS-CLIP,Functional MTI (Weak),23824327.0
MIRT610938,hsa-miR-124-3p,hsa,ADRB3,155.0,hsa,HITS-CLIP,Functional MTI (Weak),23824327.0
MIRT610938,hsa-miR-124-3p,hsa,ADRB3,155.0,hsa,HITS-CLIP,Functional MTI (Weak),23824327.0
MIRT000360,hsa-miR-124-3p,hsa,SOX9,6662.0,hsa,HITS-CLIP,Functional MTI (Weak),23824327.0
MIRT000360,hsa-miR-124-3p,hsa,SOX9,6662.0,hsa,HITS-CLIP,Functional MTI (Weak),23824327.0
MIRT610938,hsa-miR-124-3p,hsa,ADRB3,155.0,hsa,HITS-CLIP,Functional MTI (Weak),23824327.0
MIRT610938,hsa-miR-124-3p,hsa,ADRB3,155.0,hsa,HITS-CLIP,Functional MTI (Weak),23824327.0
MIRT002625,hsa-miR-124-3p,hsa,CDK4,1019.0,hsa,PAR-CLIP,Functional MTI (Weak),20371350.0
MIRT002625,hsa-miR-124-3p,hsa,CDK4,1019.0,hsa,PAR-CLIP,Functional MTI (Weak),20371350.0
MIRT494147,hsa-miR-124-3p,hsa,CTC1,80169.0,hsa,PAR-CLIP,Functional MTI (Weak),20371350.0
MIRT574646,hsa-miR-124-3p,hsa,LPCAT3,10162.0,hsa,PAR-CLIP,Functional MTI (Weak),20371350.0
MIRT574646,hsa-miR-124-3p,hsa,LPCAT3,10162.0,hsa,PAR-CLIP,Functional MTI (Weak),20371350.0
MIRT522386,hsa-miR-124-3p,hsa,MYLIP,29116.0,hsa,PAR-CLIP,Functional MTI (Weak),20371350.0
MIRT522386,hsa-miR-124-3p,hsa,MYLIP,29116.0,hsa,PAR-CLIP,Functional MTI (Weak),20371350.0
MIRT519655,hsa-miR-124-3p,hsa,ZNF772,400720.0,hsa,PAR-CLIP,Functional MTI (Weak),20371350.0
MIRT519655,hsa-miR-124-3p,hsa,ZNF772,400720.0,hsa,PAR-CLIP,Functional MTI (Weak),20371350.0
MIRT574291,hsa-miR-124-3p,hsa,RPL19,6143.0,hsa,PAR-CLIP,Functional MTI (Weak),20371350.0
MIRT544418,hsa-miR-124-3p,hsa,ZNF460,10794.0,hsa,PAR-CLIP,Functional MTI (Weak),20371350.0
MIRT456520,hsa-miR-124-3p,hsa,SRP9,6726.0,hsa,PAR-CLIP,Functional MTI (Weak),20371350.0
MIRT456520,hsa-miR-124-3p,hsa,SRP9,6726.0,hsa,PAR-CLIP,Functional MTI (Weak),20371350.0
MIRT454444,hsa-miR-124-3p,hsa,QRFPR,84109.0,hsa,PAR-CLIP,Functional MTI (Weak),20371350.0
MIRT494147,hsa-miR-124-3p,hsa,CTC1,80169.0,hsa,PAR-CLIP,Functional MTI (Weak),20371350.0
MIRT572690,hsa-miR-124-3p,hsa,NCMAP,400746.0,hsa,PAR-CLIP,Functional MTI (Weak),20371350.0
MIRT572690,hsa-miR-124-3p,hsa,NCMAP,400746.0,hsa,PAR-CLIP,Functional MTI (Weak),20371350.0
MIRT454444,hsa-miR-124-3p,hsa,QRFPR,84109.0,hsa,PAR-CLIP,Functional MTI (Weak),20371350.0
MIRT493807,hsa-miR-124-3p,hsa,GAN,8139.0,hsa,PAR-CLIP,Functional MTI (Weak),20371350.0
MIRT002625,hsa-miR-124-3p,hsa,CDK4,1019.0,hsa,PAR-CLIP,Functional MTI (Weak),20371350.0
MIRT002625,hsa-miR-124-3p,hsa,CDK4,1019.0,hsa,PAR-CLIP,Functional MTI (Weak),20371350.0
MIRT494147,hsa-miR-124-3p,hsa,CTC1,80169.0,hsa,PAR-CLIP,Functional MTI (Weak),20371350.0
MIRT522386,hsa-miR-124-3p,hsa,MYLIP,29116.0,hsa,PAR-CLIP,Functional MTI (Weak),20371350.0
MIRT522386,hsa-miR-124-3p,hsa,MYLIP,29116.0,hsa,PAR-CLIP,Functional MTI (Weak),20371350.0
MIRT519655,hsa-miR-124-3p,hsa,ZNF772,400720.0,hsa,PAR-CLIP,Functional MTI (Weak),20371350.0
MIRT519655,hsa-miR-124-3p,hsa,ZNF772,400720.0,hsa,PAR-CLIP,Functional MTI (Weak),20371350.0
MIRT544418,hsa-miR-124-3p,hsa,ZNF460,10794.0,hsa,PAR-CLIP,Functional MTI (Weak),20371350.0
MIRT544418,hsa-miR-124-3p,hsa,ZNF460,10794.0,hsa,PAR-CLIP,Functional MTI (Weak),20371350.0
MIRT454444,hsa-miR-124-3p,hsa,QRFPR,84109.0,hsa,PAR-CLIP,Functional MTI (Weak),20371350.0
MIRT494147,hsa-miR-124-3p,hsa,CTC1,80169.0,hsa,PAR-CLIP,Functional MTI (Weak),20371350.0
MIRT493807,hsa-miR-124-3p,hsa,GAN,8139.0,hsa,PAR-CLIP,Functional MTI (Weak),20371350.0
MIRT454444,hsa-miR-124-3p,hsa,QRFPR,84109.0,hsa,PAR-CLIP,Functional MTI (Weak),20371350.0
MIRT512333,hsa-miR-124-3p,hsa,ACTB,60.0,hsa,PAR-CLIP,Functional MTI (Weak),20371350.0
MIRT568589,hsa-miR-124-3p,hsa,AGO2,27161.0,hsa,PAR-CLIP,Functional MTI (Weak),20371350.0
MIRT022432,hsa-miR-124-3p,hsa,AKT3,10000.0,hsa,PAR-CLIP,Functional MTI (Weak),20371350.0
MIRT061247,hsa-miR-124-3p,hsa,AMOTL1,154810.0,hsa,PAR-CLIP,Functional MTI (Weak),20371350.0
MIRT061247,hsa-miR-124-3p,hsa,AMOTL1,154810.0,hsa,PAR-CLIP,Functional MTI (Weak),20371350.0
MIRT568529,hsa-miR-124-3p,hsa,ANP32E,81611.0,hsa,PAR-CLIP,Functional MTI (Weak),20371350.0
MIRT568529,hsa-miR-124-3p,hsa,ANP32E,81611.0,hsa,PAR-CLIP,Functional MTI (Weak),20371350.0
MIRT494728,hsa-miR-124-3p,hsa,ARHGAP1,392.0,hsa,PAR-CLIP,Functional MTI (Weak),20371350.0
MIRT494728,hsa-miR-124-3p,hsa,ARHGAP1,392.0,hsa,PAR-CLIP,Functional MTI (Weak),20371350.0
MIRT404495,hsa-miR-124-3p,hsa,ARL5B,221079.0,hsa,PAR-CLIP,Functional MTI (Weak),20371350.0
MIRT002625,hsa-miR-124-3p,hsa,CDK4,1019.0,hsa,PAR-CLIP,Functional MTI (Weak),20371350.0
MIRT002625,hsa-miR-124-3p,hsa,CDK4,1019.0,hsa,PAR-CLIP,Functional MTI (Weak),20371350.0
MIRT568100,hsa-miR-124-3p,hsa,CHEK2,11200.0,hsa,PAR-CLIP,Functional MTI (Weak),20371350.0
MIRT002605,hsa-miR-124-3p,hsa,CHSY1,22856.0,hsa,PAR-CLIP,Functional MTI (Weak),20371350.0
MIRT002605,hsa-miR-124-3p,hsa,CHSY1,22856.0,hsa,PAR-CLIP,Functional MTI (Weak),20371350.0
MIRT408338,hsa-miR-124-3p,hsa,CREBRF,153222.0,hsa,PAR-CLIP,Functional MTI (Weak),20371350.0
MIRT408338,hsa-miR-124-3p,hsa,CREBRF,153222.0,hsa,PAR-CLIP,Functional MTI (Weak),20371350.0
MIRT002729,hsa-miR-124-3p,hsa,CTDSP1,58190.0,hsa,PAR-CLIP,Functional MTI (Weak),20371350.0
MIRT567816,hsa-miR-124-3p,hsa,DDI2,84301.0,hsa,PAR-CLIP,Functional MTI (Weak),20371350.0
MIRT567816,hsa-miR-124-3p,hsa,DDI2,84301.0,hsa,PAR-CLIP,Functional MTI (Weak),20371350.0
MIRT567789,hsa-miR-124-3p,hsa,DGAT2,84649.0,hsa,PAR-CLIP,Functional MTI (Weak),20371350.0
MIRT558229,hsa-miR-124-3p,hsa,EFCAB14,9813.0,hsa,PAR-CLIP,Functional MTI (Weak),20371350.0
MIRT558229,hsa-miR-124-3p,hsa,EFCAB14,9813.0,hsa,PAR-CLIP,Functional MTI (Weak),20371350.0
MIRT023044,hsa-miR-124-3p,hsa,FCHSD2,9873.0,hsa,PAR-CLIP,Functional MTI (Weak),20371350.0
MIRT567471,hsa-miR-124-3p,hsa,GALNT4,8693.0,hsa,PAR-CLIP,Functional MTI (Weak),20371350.0
MIRT567471,hsa-miR-124-3p,hsa,GALNT4,8693.0,hsa,PAR-CLIP,Functional MTI (Weak),20371350.0
MIRT567407,hsa-miR-124-3p,hsa,GPATCH8,23131.0,hsa,PAR-CLIP,Functional MTI (Weak),20371350.0
MIRT022844,hsa-miR-124-3p,hsa,GXYLT1,283464.0,hsa,PAR-CLIP,Functional MTI (Weak),20371350.0
MIRT022844,hsa-miR-124-3p,hsa,GXYLT1,283464.0,hsa,PAR-CLIP,Functional MTI (Weak),20371350.0
MIRT567153,hsa-miR-124-3p,hsa,INO80D,54891.0,hsa,PAR-CLIP,Functional MTI (Weak),20371350.0
MIRT567097,hsa-miR-124-3p,hsa,KAT7,11143.0,hsa,PAR-CLIP,Functional MTI (Weak),20371350.0
MIRT567005,hsa-miR-124-3p,hsa,KLHL28,54813.0,hsa,PAR-CLIP,Functional MTI (Weak),20371350.0
MIRT567005,hsa-miR-124-3p,hsa,KLHL28,54813.0,hsa,PAR-CLIP,Functional MTI (Weak),20371350.0
MIRT002571,hsa-miR-124-3p,hsa,LMNB1,4001.0,hsa,PAR-CLIP,Functional MTI (Weak),20371350.0
MIRT002712,hsa-miR-124-3p,hsa,LRRC1,55227.0,hsa,PAR-CLIP,Functional MTI (Weak),20371350.0
MIRT002712,hsa-miR-124-3p,hsa,LRRC1,55227.0,hsa,PAR-CLIP,Functional MTI (Weak),20371350.0
MIRT022717,hsa-miR-124-3p,hsa,LRRC58,116064.0,hsa,PAR-CLIP,Functional MTI (Weak),20371350.0
MIRT022717,hsa-miR-124-3p,hsa,LRRC58,116064.0,hsa,PAR-CLIP,Functional MTI (Weak),20371350.0
MIRT022227,hsa-miR-124-3p,hsa,LYSMD3,116068.0,hsa,PAR-CLIP,Functional MTI (Weak),20371350.0
MIRT022227,hsa-miR-124-3p,hsa,LYSMD3,116068.0,hsa,PAR-CLIP,Functional MTI (Weak),20371350.0
MIRT522386,hsa-miR-124-3p,hsa,MYLIP,29116.0,hsa,PAR-CLIP,Functional MTI (Weak),20371350.0
MIRT522386,hsa-miR-124-3p,hsa,MYLIP,29116.0,hsa,PAR-CLIP,Functional MTI (Weak),20371350.0
MIRT023216,hsa-miR-124-3p,hsa,NFIX,4784.0,hsa,PAR-CLIP,Functional MTI (Weak),20371350.0
MIRT023216,hsa-miR-124-3p,hsa,NFIX,4784.0,hsa,PAR-CLIP,Functional MTI (Weak),20371350.0
MIRT022712,hsa-miR-124-3p,hsa,NUFIP2,57532.0,hsa,PAR-CLIP,Functional MTI (Weak),20371350.0
MIRT230381,hsa-miR-124-3p,hsa,OTUD1,220213.0,hsa,PAR-CLIP,Functional MTI (Weak),20371350.0
MIRT230381,hsa-miR-124-3p,hsa,OTUD1,220213.0,hsa,PAR-CLIP,Functional MTI (Weak),20371350.0
MIRT002565,hsa-miR-124-3p,hsa,PARP16,54956.0,hsa,PAR-CLIP,Functional MTI (Weak),20371350.0
MIRT002565,hsa-miR-124-3p,hsa,PARP16,54956.0,hsa,PAR-CLIP,Functional MTI (Weak),20371350.0
MIRT566490,hsa-miR-124-3p,hsa,PCCB,5096.0,hsa,PAR-CLIP,Functional MTI (Weak),20371350.0
MIRT566490,hsa-miR-124-3p,hsa,PCCB,5096.0,hsa,PAR-CLIP,Functional MTI (Weak),20371350.0
MIRT022232,hsa-miR-124-3p,hsa,PI4K2B,55300.0,hsa,PAR-CLIP,Functional MTI (Weak),20371350.0
MIRT566374,hsa-miR-124-3p,hsa,POC1B-GALNT4,100528030.0,hsa,PAR-CLIP,Functional MTI (Weak),20371350.0
MIRT566374,hsa-miR-124-3p,hsa,POC1B-GALNT4,100528030.0,hsa,PAR-CLIP,Functional MTI (Weak),20371350.0
MIRT002647,hsa-miR-124-3p,hsa,PTBP1,5725.0,hsa,PAR-CLIP,Functional MTI (Weak),20371350.0
MIRT002647,hsa-miR-124-3p,hsa,PTBP1,5725.0,hsa,PAR-CLIP,Functional MTI (Weak),20371350.0
MIRT022729,hsa-miR-124-3p,hsa,PTBP3,9991.0,hsa,PAR-CLIP,Functional MTI (Weak),20371350.0
MIRT022729,hsa-miR-124-3p,hsa,PTBP3,9991.0,hsa,PAR-CLIP,Functional MTI (Weak),20371350.0
MIRT566183,hsa-miR-124-3p,hsa,PTPN14,5784.0,hsa,PAR-CLIP,Functional MTI (Weak),20371350.0
MIRT347225,hsa-miR-124-3p,hsa,SCAMP4,113178.0,hsa,PAR-CLIP,Functional MTI (Weak),20371350.0
MIRT347225,hsa-miR-124-3p,hsa,SCAMP4,113178.0,hsa,PAR-CLIP,Functional MTI (Weak),20371350.0
MIRT565752,hsa-miR-124-3p,hsa,SERTAD3,29946.0,hsa,PAR-CLIP,Functional MTI (Weak),20371350.0
MIRT565752,hsa-miR-124-3p,hsa,SERTAD3,29946.0,hsa,PAR-CLIP,Functional MTI (Weak),20371350.0
MIRT119038,hsa-miR-124-3p,hsa,SFT2D3,84826.0,hsa,PAR-CLIP,Functional MTI (Weak),20371350.0
MIRT119038,hsa-miR-124-3p,hsa,SFT2D3,84826.0,hsa,PAR-CLIP,Functional MTI (Weak),20371350.0
MIRT002665,hsa-miR-124-3p,hsa,SLC16A1,6566.0,hsa,PAR-CLIP,Functional MTI (Weak),20371350.0
MIRT364372,hsa-miR-124-3p,hsa,SLC31A1,1317.0,hsa,PAR-CLIP,Functional MTI (Weak),20371350.0
MIRT343833,hsa-miR-124-3p,hsa,SNTB2,6645.0,hsa,PAR-CLIP,Functional MTI (Weak),20371350.0
MIRT561548,hsa-miR-124-3p,hsa,SNX13,23161.0,hsa,PAR-CLIP,Functional MTI (Weak),20371350.0
MIRT022134,hsa-miR-124-3p,hsa,SNX18,112574.0,hsa,PAR-CLIP,Functional MTI (Weak),20371350.0
MIRT002660,hsa-miR-124-3p,hsa,SP1,6667.0,hsa,PAR-CLIP,Functional MTI (Weak),20371350.0
MIRT565490,hsa-miR-124-3p,hsa,SPRTN,83932.0,hsa,PAR-CLIP,Functional MTI (Weak),20371350.0
MIRT565490,hsa-miR-124-3p,hsa,SPRTN,83932.0,hsa,PAR-CLIP,Functional MTI (Weak),20371350.0
MIRT565342,hsa-miR-124-3p,hsa,TMED5,50999.0,hsa,PAR-CLIP,Functional MTI (Weak),20371350.0
MIRT022835,hsa-miR-124-3p,hsa,TMEM104,54868.0,hsa,PAR-CLIP,Functional MTI (Weak),20371350.0
MIRT022989,hsa-miR-124-3p,hsa,TMEM41A,90407.0,hsa,PAR-CLIP,Functional MTI (Weak),20371350.0
MIRT022989,hsa-miR-124-3p,hsa,TMEM41A,90407.0,hsa,PAR-CLIP,Functional MTI (Weak),20371350.0
MIRT004100,hsa-miR-124-3p,hsa,TSC22D4,81628.0,hsa,PAR-CLIP,Functional MTI (Weak),20371350.0
MIRT565199,hsa-miR-124-3p,hsa,TSHZ1,10194.0,hsa,PAR-CLIP,Functional MTI (Weak),20371350.0
MIRT564769,hsa-miR-124-3p,hsa,ZFP36L1,677.0,hsa,PAR-CLIP,Functional MTI (Weak),20371350.0
MIRT519655,hsa-miR-124-3p,hsa,ZNF772,400720.0,hsa,PAR-CLIP,Functional MTI (Weak),20371350.0
MIRT519655,hsa-miR-124-3p,hsa,ZNF772,400720.0,hsa,PAR-CLIP,Functional MTI (Weak),20371350.0
MIRT564579,hsa-miR-124-3p,hsa,ZXDA,7789.0,hsa,PAR-CLIP,Functional MTI (Weak),20371350.0
MIRT462882,hsa-miR-124-3p,hsa,ZXDB,158586.0,hsa,PAR-CLIP,Functional MTI (Weak),20371350.0
MIRT564218,hsa-miR-124-3p,hsa,SDE2,163859.0,hsa,PAR-CLIP,Functional MTI (Weak),20371350.0
MIRT023111,hsa-miR-124-3p,hsa,ABT1,29777.0,hsa,PAR-CLIP,Functional MTI (Weak),20371350.0
MIRT022214,hsa-miR-124-3p,hsa,MRPL49,740.0,hsa,PAR-CLIP,Functional MTI (Weak),20371350.0
MIRT022214,hsa-miR-124-3p,hsa,MRPL49,740.0,hsa,PAR-CLIP,Functional MTI (Weak),20371350.0
MIRT564143,hsa-miR-124-3p,hsa,GTF2E1,2960.0,hsa,PAR-CLIP,Functional MTI (Weak),20371350.0
MIRT564143,hsa-miR-124-3p,hsa,GTF2E1,2960.0,hsa,PAR-CLIP,Functional MTI (Weak),20371350.0
MIRT022302,hsa-miR-124-3p,hsa,RIPK4,54101.0,hsa,PAR-CLIP,Functional MTI (Weak),20371350.0
MIRT185783,hsa-miR-124-3p,hsa,ZNF678,339500.0,hsa,PAR-CLIP,Functional MTI (Weak),20371350.0
MIRT185783,hsa-miR-124-3p,hsa,ZNF678,339500.0,hsa,PAR-CLIP,Functional MTI (Weak),20371350.0
MIRT544418,hsa-miR-124-3p,hsa,ZNF460,10794.0,hsa,PAR-CLIP,Functional MTI (Weak),20371350.0
MIRT022987,hsa-miR-124-3p,hsa,ZWINT,11130.0,hsa,PAR-CLIP,Functional MTI (Weak),20371350.0
MIRT022987,hsa-miR-124-3p,hsa,ZWINT,11130.0,hsa,PAR-CLIP,Functional MTI (Weak),20371350.0
MIRT454444,hsa-miR-124-3p,hsa,QRFPR,84109.0,hsa,PAR-CLIP,Functional MTI (Weak),20371350.0
MIRT453923,hsa-miR-124-3p,hsa,COMMD5,28991.0,hsa,PAR-CLIP,Functional MTI (Weak),20371350.0
MIRT453923,hsa-miR-124-3p,hsa,COMMD5,28991.0,hsa,PAR-CLIP,Functional MTI (Weak),20371350.0
MIRT002649,hsa-miR-124-3p,hsa,IFRD2,7866.0,hsa,PAR-CLIP,Functional MTI (Weak),20371350.0
MIRT563045,hsa-miR-124-3p,hsa,NBPF12,149013.0,hsa,PAR-CLIP,Functional MTI (Weak),20371350.0
MIRT754081,hsa-miR-124-3p,hsa,CFAP97,57587.0,hsa,PAR-CLIP,Functional MTI (Weak),20371350.0
MIRT754081,hsa-miR-124-3p,hsa,CFAP97,57587.0,hsa,PAR-CLIP,Functional MTI (Weak),20371350.0
MIRT002625,hsa-miR-124-3p,hsa,CDK4,1019.0,hsa,PAR-CLIP,Functional MTI (Weak),20371350.0
MIRT002625,hsa-miR-124-3p,hsa,CDK4,1019.0,hsa,PAR-CLIP,Functional MTI (Weak),20371350.0
MIRT558229,hsa-miR-124-3p,hsa,EFCAB14,9813.0,hsa,PAR-CLIP,Functional MTI (Weak),20371350.0
MIRT558229,hsa-miR-124-3p,hsa,EFCAB14,9813.0,hsa,PAR-CLIP,Functional MTI (Weak),20371350.0
MIRT547849,hsa-miR-124-3p,hsa,IFNAR2,3455.0,hsa,PAR-CLIP,Functional MTI (Weak),20371350.0
MIRT547849,hsa-miR-124-3p,hsa,IFNAR2,3455.0,hsa,PAR-CLIP,Functional MTI (Weak),20371350.0
MIRT384397,hsa-miR-124-3p,hsa,KLHL42,57542.0,hsa,PAR-CLIP,Functional MTI (Weak),20371350.0
MIRT384397,hsa-miR-124-3p,hsa,KLHL42,57542.0,hsa,PAR-CLIP,Functional MTI (Weak),20371350.0
MIRT522386,hsa-miR-124-3p,hsa,MYLIP,29116.0,hsa,PAR-CLIP,Functional MTI (Weak),20371350.0
MIRT522386,hsa-miR-124-3p,hsa,MYLIP,29116.0,hsa,PAR-CLIP,Functional MTI (Weak),20371350.0
MIRT561548,hsa-miR-124-3p,hsa,SNX13,23161.0,hsa,PAR-CLIP,Functional MTI (Weak),20371350.0
MIRT023198,hsa-miR-124-3p,hsa,TRIB3,57761.0,hsa,PAR-CLIP,Functional MTI (Weak),20371350.0
MIRT519655,hsa-miR-124-3p,hsa,ZNF772,400720.0,hsa,PAR-CLIP,Functional MTI (Weak),20371350.0
MIRT519655,hsa-miR-124-3p,hsa,ZNF772,400720.0,hsa,PAR-CLIP,Functional MTI (Weak),20371350.0
MIRT544418,hsa-miR-124-3p,hsa,ZNF460,10794.0,hsa,PAR-CLIP,Functional MTI (Weak),20371350.0
MIRT544418,hsa-miR-124-3p,hsa,ZNF460,10794.0,hsa,PAR-CLIP,Functional MTI (Weak),20371350.0
MIRT454444,hsa-miR-124-3p,hsa,QRFPR,84109.0,hsa,PAR-CLIP,Functional MTI (Weak),20371350.0
MIRT494728,hsa-miR-124-3p,hsa,ARHGAP1,392.0,hsa,PAR-CLIP,Functional MTI (Weak),21572407.0
MIRT494728,hsa-miR-124-3p,hsa,ARHGAP1,392.0,hsa,PAR-CLIP,Functional MTI (Weak),21572407.0
MIRT559514,hsa-miR-124-3p,hsa,ARHGEF26,26084.0,hsa,PAR-CLIP,Functional MTI (Weak),21572407.0
MIRT002730,hsa-miR-124-3p,hsa,CD164,8763.0,hsa,PAR-CLIP,Functional MTI (Weak),21572407.0
MIRT494147,hsa-miR-124-3p,hsa,CTC1,80169.0,hsa,PAR-CLIP,Functional MTI (Weak),21572407.0
MIRT558229,hsa-miR-124-3p,hsa,EFCAB14,9813.0,hsa,PAR-CLIP,Functional MTI (Weak),21572407.0
MIRT558229,hsa-miR-124-3p,hsa,EFCAB14,9813.0,hsa,PAR-CLIP,Functional MTI (Weak),21572407.0
MIRT557915,hsa-miR-124-3p,hsa,FBXO28,23219.0,hsa,PAR-CLIP,Functional MTI (Weak),21572407.0
MIRT557915,hsa-miR-124-3p,hsa,FBXO28,23219.0,hsa,PAR-CLIP,Functional MTI (Weak),21572407.0
MIRT557091,hsa-miR-124-3p,hsa,HOXB3,3213.0,hsa,PAR-CLIP,Functional MTI (Weak),21572407.0
MIRT472902,hsa-miR-124-3p,hsa,MTDH,92140.0,hsa,PAR-CLIP,Functional MTI (Weak),21572407.0
MIRT472902,hsa-miR-124-3p,hsa,MTDH,92140.0,hsa,PAR-CLIP,Functional MTI (Weak),21572407.0
MIRT022232,hsa-miR-124-3p,hsa,PI4K2B,55300.0,hsa,PAR-CLIP,Functional MTI (Weak),21572407.0
MIRT022232,hsa-miR-124-3p,hsa,PI4K2B,55300.0,hsa,PAR-CLIP,Functional MTI (Weak),21572407.0
MIRT552390,hsa-miR-124-3p,hsa,ZNF507,22847.0,hsa,PAR-CLIP,Functional MTI (Weak),21572407.0
MIRT552390,hsa-miR-124-3p,hsa,ZNF507,22847.0,hsa,PAR-CLIP,Functional MTI (Weak),21572407.0
MIRT462882,hsa-miR-124-3p,hsa,ZXDB,158586.0,hsa,PAR-CLIP,Functional MTI (Weak),21572407.0
MIRT061247,hsa-miR-124-3p,hsa,AMOTL1,154810.0,hsa,PAR-CLIP,Functional MTI (Weak),21572407.0
MIRT002730,hsa-miR-124-3p,hsa,CD164,8763.0,hsa,PAR-CLIP,Functional MTI (Weak),21572407.0
MIRT002625,hsa-miR-124-3p,hsa,CDK4,1019.0,hsa,PAR-CLIP,Functional MTI (Weak),21572407.0
MIRT002625,hsa-miR-124-3p,hsa,CDK4,1019.0,hsa,PAR-CLIP,Functional MTI (Weak),21572407.0
MIRT022702,hsa-miR-124-3p,hsa,ICMT,23463.0,hsa,PAR-CLIP,Functional MTI (Weak),21572407.0
MIRT022702,hsa-miR-124-3p,hsa,ICMT,23463.0,hsa,PAR-CLIP,Functional MTI (Weak),21572407.0
MIRT547849,hsa-miR-124-3p,hsa,IFNAR2,3455.0,hsa,PAR-CLIP,Functional MTI (Weak),21572407.0
MIRT547849,hsa-miR-124-3p,hsa,IFNAR2,3455.0,hsa,PAR-CLIP,Functional MTI (Weak),21572407.0
MIRT544418,hsa-miR-124-3p,hsa,ZNF460,10794.0,hsa,PAR-CLIP,Functional MTI (Weak),21572407.0
MIRT533394,hsa-miR-124-3p,hsa,TYRP1,7306.0,hsa,PAR-CLIP,Functional MTI (Weak),21572407.0
MIRT454444,hsa-miR-124-3p,hsa,QRFPR,84109.0,hsa,PAR-CLIP,Functional MTI (Weak),21572407.0
MIRT061247,hsa-miR-124-3p,hsa,AMOTL1,154810.0,hsa,PAR-CLIP,Functional MTI (Weak),22012620.0
MIRT061247,hsa-miR-124-3p,hsa,AMOTL1,154810.0,hsa,PAR-CLIP,Functional MTI (Weak),22012620.0
MIRT002572,hsa-miR-124-3p,hsa,G3BP1,10146.0,hsa,PAR-CLIP,Functional MTI (Weak),22012620.0
MIRT493807,hsa-miR-124-3p,hsa,GAN,8139.0,hsa,PAR-CLIP,Functional MTI (Weak),22012620.0
MIRT536900,hsa-miR-124-3p,hsa,HEPHL1,341208.0,hsa,PAR-CLIP,Functional MTI (Weak),22012620.0
MIRT536900,hsa-miR-124-3p,hsa,HEPHL1,341208.0,hsa,PAR-CLIP,Functional MTI (Weak),22012620.0
MIRT754432,hsa-miR-124-3p,hsa,ADGRL2,23266.0,hsa,PAR-CLIP,Functional MTI (Weak),22012620.0
MIRT754432,hsa-miR-124-3p,hsa,ADGRL2,23266.0,hsa,PAR-CLIP,Functional MTI (Weak),22012620.0
MIRT002665,hsa-miR-124-3p,hsa,SLC16A1,6566.0,hsa,PAR-CLIP,Functional MTI (Weak),22012620.0
MIRT002665,hsa-miR-124-3p,hsa,SLC16A1,6566.0,hsa,PAR-CLIP,Functional MTI (Weak),22012620.0
MIRT533394,hsa-miR-124-3p,hsa,TYRP1,7306.0,hsa,PAR-CLIP,Functional MTI (Weak),22012620.0
MIRT531173,hsa-miR-124-3p,hsa,ZNF626,199777.0,hsa,PAR-CLIP,Functional MTI (Weak),22012620.0
MIRT528864,hsa-miR-124-3p,hsa,PKP1,5317.0,hsa,PAR-CLIP,Functional MTI (Weak),22012620.0
MIRT454444,hsa-miR-124-3p,hsa,QRFPR,84109.0,hsa,PAR-CLIP,Functional MTI (Weak),22012620.0
MIRT494147,hsa-miR-124-3p,hsa,CTC1,80169.0,hsa,PAR-CLIP,Functional MTI (Weak),23446348.0
MIRT522386,hsa-miR-124-3p,hsa,MYLIP,29116.0,hsa,PAR-CLIP,Functional MTI (Weak),23446348.0
MIRT522386,hsa-miR-124-3p,hsa,MYLIP,29116.0,hsa,PAR-CLIP,Functional MTI (Weak),23446348.0
MIRT004119,hsa-miR-124-3p,hsa,SYPL1,6856.0,hsa,PAR-CLIP,Functional MTI (Weak),23446348.0
MIRT519655,hsa-miR-124-3p,hsa,ZNF772,400720.0,hsa,PAR-CLIP,Functional MTI (Weak),23446348.0
MIRT519655,hsa-miR-124-3p,hsa,ZNF772,400720.0,hsa,PAR-CLIP,Functional MTI (Weak),23446348.0
MIRT454444,hsa-miR-124-3p,hsa,QRFPR,84109.0,hsa,PAR-CLIP,Functional MTI (Weak),23446348.0
MIRT002665,hsa-miR-124-3p,hsa,SLC16A1,6566.0,hsa,PAR-CLIP,Functional MTI (Weak),23446348.0
MIRT002665,hsa-miR-124-3p,hsa,SLC16A1,6566.0,hsa,PAR-CLIP,Functional MTI (Weak),23446348.0
MIRT454444,hsa-miR-124-3p,hsa,QRFPR,84109.0,hsa,PAR-CLIP,Functional MTI (Weak),23446348.0
MIRT512333,hsa-miR-124-3p,hsa,ACTB,60.0,hsa,PAR-CLIP,Functional MTI (Weak),23446348.0
MIRT454444,hsa-miR-124-3p,hsa,QRFPR,84109.0,hsa,PAR-CLIP,Functional MTI (Weak),23446348.0
MIRT002625,hsa-miR-124-3p,hsa,CDK4,1019.0,hsa,PAR-CLIP,Functional MTI (Weak),23446348.0
MIRT002625,hsa-miR-124-3p,hsa,CDK4,1019.0,hsa,PAR-CLIP,Functional MTI (Weak),23446348.0
MIRT472902,hsa-miR-124-3p,hsa,MTDH,92140.0,hsa,PAR-CLIP,Functional MTI (Weak),23446348.0
MIRT472902,hsa-miR-124-3p,hsa,MTDH,92140.0,hsa,PAR-CLIP,Functional MTI (Weak),23446348.0
MIRT022232,hsa-miR-124-3p,hsa,PI4K2B,55300.0,hsa,PAR-CLIP,Functional MTI (Weak),23446348.0
MIRT002665,hsa-miR-124-3p,hsa,SLC16A1,6566.0,hsa,PAR-CLIP,Functional MTI (Weak),23446348.0
MIRT002665,hsa-miR-124-3p,hsa,SLC16A1,6566.0,hsa,PAR-CLIP,Functional MTI (Weak),23446348.0
MIRT002625,hsa-miR-124-3p,hsa,CDK4,1019.0,hsa,PAR-CLIP,Functional MTI (Weak),24398324.0
MIRT002625,hsa-miR-124-3p,hsa,CDK4,1019.0,hsa,PAR-CLIP,Functional MTI (Weak),24398324.0
MIRT022844,hsa-miR-124-3p,hsa,GXYLT1,283464.0,hsa,PAR-CLIP,Functional MTI (Weak),24398324.0
MIRT472902,hsa-miR-124-3p,hsa,MTDH,92140.0,hsa,PAR-CLIP,Functional MTI (Weak),24398324.0
MIRT472902,hsa-miR-124-3p,hsa,MTDH,92140.0,hsa,PAR-CLIP,Functional MTI (Weak),24398324.0
MIRT004100,hsa-miR-124-3p,hsa,TSC22D4,81628.0,hsa,PAR-CLIP,Functional MTI (Weak),24398324.0
MIRT454444,hsa-miR-124-3p,hsa,QRFPR,84109.0,hsa,PAR-CLIP,Functional MTI (Weak),24398324.0
MIRT497412,hsa-miR-124-3p,hsa,LRRC40,55631.0,hsa,PAR-CLIP,Functional MTI (Weak),22291592.0
MIRT494728,hsa-miR-124-3p,hsa,ARHGAP1,392.0,hsa,PAR-CLIP,Functional MTI (Weak),23592263.0
MIRT494728,hsa-miR-124-3p,hsa,ARHGAP1,392.0,hsa,PAR-CLIP,Functional MTI (Weak),23592263.0
MIRT494147,hsa-miR-124-3p,hsa,CTC1,80169.0,hsa,PAR-CLIP,Functional MTI (Weak),23592263.0
MIRT493807,hsa-miR-124-3p,hsa,GAN,8139.0,hsa,PAR-CLIP,Functional MTI (Weak),23592263.0
MIRT454444,hsa-miR-124-3p,hsa,QRFPR,84109.0,hsa,PAR-CLIP,Functional MTI (Weak),23592263.0
MIRT061247,hsa-miR-124-3p,hsa,AMOTL1,154810.0,hsa,PAR-CLIP,Functional MTI (Weak),23592263.0
MIRT002730,hsa-miR-124-3p,hsa,CD164,8763.0,hsa,PAR-CLIP,Functional MTI (Weak),23592263.0
MIRT478222,hsa-miR-124-3p,hsa,DDX52,11056.0,hsa,PAR-CLIP,Functional MTI (Weak),23592263.0
MIRT478222,hsa-miR-124-3p,hsa,DDX52,11056.0,hsa,PAR-CLIP,Functional MTI (Weak),23592263.0
MIRT477338,hsa-miR-124-3p,hsa,EPHA2,1969.0,hsa,PAR-CLIP,Functional MTI (Weak),23592263.0
MIRT022844,hsa-miR-124-3p,hsa,GXYLT1,283464.0,hsa,PAR-CLIP,Functional MTI (Weak),23592263.0
MIRT022903,hsa-miR-124-3p,hsa,H6PD,9563.0,hsa,PAR-CLIP,Functional MTI (Weak),23592263.0
MIRT022702,hsa-miR-124-3p,hsa,ICMT,23463.0,hsa,PAR-CLIP,Functional MTI (Weak),23592263.0
MIRT022702,hsa-miR-124-3p,hsa,ICMT,23463.0,hsa,PAR-CLIP,Functional MTI (Weak),23592263.0
MIRT473871,hsa-miR-124-3p,hsa,MANBAL,63905.0,hsa,PAR-CLIP,Functional MTI (Weak),23592263.0
MIRT472902,hsa-miR-124-3p,hsa,MTDH,92140.0,hsa,PAR-CLIP,Functional MTI (Weak),23592263.0
MIRT472902,hsa-miR-124-3p,hsa,MTDH,92140.0,hsa,PAR-CLIP,Functional MTI (Weak),23592263.0
MIRT471639,hsa-miR-124-3p,hsa,PANK2,80025.0,hsa,PAR-CLIP,Functional MTI (Weak),23592263.0
MIRT471639,hsa-miR-124-3p,hsa,PANK2,80025.0,hsa,PAR-CLIP,Functional MTI (Weak),23592263.0
MIRT470909,hsa-miR-124-3p,hsa,PLIN3,10226.0,hsa,PAR-CLIP,Functional MTI (Weak),23592263.0
MIRT470909,hsa-miR-124-3p,hsa,PLIN3,10226.0,hsa,PAR-CLIP,Functional MTI (Weak),23592263.0
MIRT470256,hsa-miR-124-3p,hsa,PRR14L,253143.0,hsa,PAR-CLIP,Functional MTI (Weak),23592263.0
MIRT470256,hsa-miR-124-3p,hsa,PRR14L,253143.0,hsa,PAR-CLIP,Functional MTI (Weak),23592263.0
MIRT469001,hsa-miR-124-3p,hsa,RNF41,10193.0,hsa,PAR-CLIP,Functional MTI (Weak),23592263.0
MIRT469001,hsa-miR-124-3p,hsa,RNF41,10193.0,hsa,PAR-CLIP,Functional MTI (Weak),23592263.0
MIRT238056,hsa-miR-124-3p,hsa,TADA2B,93624.0,hsa,PAR-CLIP,Functional MTI (Weak),23592263.0
MIRT023198,hsa-miR-124-3p,hsa,TRIB3,57761.0,hsa,PAR-CLIP,Functional MTI (Weak),23592263.0
MIRT463237,hsa-miR-124-3p,hsa,ZNF131,7690.0,hsa,PAR-CLIP,Functional MTI (Weak),23592263.0
MIRT462882,hsa-miR-124-3p,hsa,ZXDB,158586.0,hsa,PAR-CLIP,Functional MTI (Weak),23592263.0
MIRT461196,hsa-miR-124-3p,hsa,TIPIN,54962.0,hsa,PAR-CLIP,Functional MTI (Weak),23592263.0
MIRT461196,hsa-miR-124-3p,hsa,TIPIN,54962.0,hsa,PAR-CLIP,Functional MTI (Weak),23592263.0
MIRT456520,hsa-miR-124-3p,hsa,SRP9,6726.0,hsa,PAR-CLIP,Functional MTI (Weak),23592263.0
MIRT456520,hsa-miR-124-3p,hsa,SRP9,6726.0,hsa,PAR-CLIP,Functional MTI (Weak),23592263.0
MIRT454444,hsa-miR-124-3p,hsa,QRFPR,84109.0,hsa,PAR-CLIP,Functional MTI (Weak),23592263.0
MIRT453923,hsa-miR-124-3p,hsa,COMMD5,28991.0,hsa,PAR-CLIP,Functional MTI (Weak),23592263.0
MIRT453923,hsa-miR-124-3p,hsa,COMMD5,28991.0,hsa,PAR-CLIP,Functional MTI (Weak),23592263.0
MIRT452563,hsa-miR-124-3p,hsa,ZFP69B,65243.0,hsa,PAR-CLIP,Functional MTI (Weak),23592263.0
MIRT452563,hsa-miR-124-3p,hsa,ZFP69B,65243.0,hsa,PAR-CLIP,Functional MTI (Weak),23592263.0
MIRT447651,hsa-miR-124-3p,hsa,RAB3GAP1,22930.0,hsa,PAR-CLIP,Functional MTI (Weak),22100165.0
MIRT447651,hsa-miR-124-3p,hsa,RAB3GAP1,22930.0,hsa,PAR-CLIP,Functional MTI (Weak),22100165.0
MIRT443869,hsa-miR-124-3p,hsa,HDLBP,3069.0,hsa,PAR-CLIP,Functional MTI (Weak),22100165.0
MIRT441826,hsa-miR-124-3p,hsa,ALG14,199857.0,hsa,PAR-CLIP,Functional MTI (Weak),22100165.0
MIRT442711,hsa-miR-124-3p,hsa,TNRC6B,23112.0,hsa,PAR-CLIP,Functional MTI (Weak),22100165.0
MIRT441826,hsa-miR-124-3p,hsa,ALG14,199857.0,hsa,PAR-CLIP,Functional MTI (Weak),22100165.0
MIRT755586,hsa-miR-124-3p,hsa,NACC1,112939.0,hsa,Luciferase reporter assay//Western blotting//qRT-PCR,Functional MTI,38577025.0
MIRT732467,hsa-miR-124-3p,hsa,PARP1,142.0,hsa,Luciferase reporter assay//qRT-PCR,Non-Functional MTI,36448327.0
MIRT755647,hsa-miR-124-3p,hsa,TNF,7124.0,hsa,Luciferase reporter assay//Western blotting//qRT-PCR,Functional MTI,38146363.0
MIRT755648,hsa-miR-124-3p,hsa,IL1B,3553.0,hsa,Luciferase reporter assay//Western blotting//qRT-PCR,Functional MTI,38146363.0
MIRT006837,hsa-miR-124-3p,hsa,PIK3CA,5290.0,hsa,Luciferase reporter assay//Western blotting//qRT-PCR,Functional MTI,34747105.0
MIRT004546,hsa-miR-124-3p,hsa,NR3C1,2908.0,hsa,Luciferase reporter assay//Western blotting//qRT-PCR,Functional MTI,35270010.0
