hsa-miR-124-3p	NM_001136179	54.0505904702
hsa-miR-124-3p	NM_001321265	93.3489607456
hsa-miR-124-3p	NM_001184791	62.5236151448
hsa-miR-124-3p	NM_001287504	86.0769
hsa-miR-124-3p	NM_001287424	54.8196994055073
hsa-miR-124-3p	NM_001324417	68.1304
hsa-miR-124-3p	NM_017420	99.5976961901251
hsa-miR-124-3p	NM_014423	82.6289
hsa-miR-124-3p	NM_002126	59.940745
hsa-miR-124-3p	NM_001318163	59.8038
hsa-miR-124-3p	NM_001099855	52.1747
hsa-miR-124-3p	NM_001270735	62.3299
hsa-miR-124-3p	NM_033505	90.17055
hsa-miR-124-3p	NM_173602	57.6796
hsa-miR-124-3p	NM_001308366	60.2151
hsa-miR-124-3p	NM_001242906	90.71321
hsa-miR-124-3p	NM_001278121	79.6384823331194
hsa-miR-124-3p	NM_173569	56.4348
hsa-miR-124-3p	NM_001278054	90.9498618454902
hsa-miR-124-3p	NM_001286702	93.42528
hsa-miR-124-3p	NM_001303039	73.4702
hsa-miR-124-3p	NM_004015	69.3164
hsa-miR-124-3p	NM_001127664	73.0655
hsa-miR-124-3p	NM_138782	69.0223
hsa-miR-124-3p	NM_001297440	77.4121
hsa-miR-124-3p	NM_130809	52.3499
hsa-miR-124-3p	NM_001291991	73.2049384245
hsa-miR-124-3p	NM_001286510	72.7501
hsa-miR-124-3p	NM_001322462	72.2200832968
hsa-miR-124-3p	NM_001134999	84.8316
hsa-miR-124-3p	NM_021975	93.38113
hsa-miR-124-3p	NM_006298	79.6384823331194
hsa-miR-124-3p	NM_172103	96.2555945654
hsa-miR-124-3p	NM_001012333	72.6982
hsa-miR-124-3p	NM_006990	50.7779
hsa-miR-124-3p	NM_001008410	50
hsa-miR-124-3p	NM_020360	88.1291
hsa-miR-124-3p	NM_153020	92.28273
hsa-miR-124-3p	NM_001282960	50
hsa-miR-124-3p	NM_001281293	55.0441
hsa-miR-124-3p	NM_002508	90.81332
hsa-miR-124-3p	NM_001204316	62.2212
hsa-miR-124-3p	NM_001170704	73.9093832335
hsa-miR-124-3p	NM_001287589	98.6948868345375
hsa-miR-124-3p	NM_001136139	53.5342
hsa-miR-124-3p	NM_001314052	74.2837758532
hsa-miR-124-3p	NM_001077691	65.4090828735
hsa-miR-124-3p	NM_024560	66.7621
hsa-miR-124-3p	NM_001018072	55.0647
hsa-miR-124-3p	NM_001320240	87.7345
hsa-miR-124-3p	NM_005188	87.7334569936167
hsa-miR-124-3p	NM_002186	82.6782
hsa-miR-124-3p	NM_001323282	89.6121942288
hsa-miR-124-3p	NM_001322117	87.2825
hsa-miR-124-3p	NM_013262	94.02899
hsa-miR-124-3p	NM_001034850	60.9066
hsa-miR-124-3p	NM_014034	62.0018
hsa-miR-124-3p	NM_006809	70.3541
hsa-miR-124-3p	NM_001083112	79.794863146
hsa-miR-124-3p	NM_001321436	56.507
hsa-miR-124-3p	NM_001317990	55.1109717292
hsa-miR-124-3p	NM_004580	97.5679512410868
hsa-miR-124-3p	NM_001144884	78.7116374101
hsa-miR-124-3p	NM_001317019	90.2708825063
hsa-miR-124-3p	NM_033274	69.5674
hsa-miR-124-3p	NM_023012	95.31656
hsa-miR-124-3p	NM_001356	62.3631779236
hsa-miR-124-3p	NM_001195278	73.769201603
hsa-miR-124-3p	NM_002114	95.1373
hsa-miR-124-3p	NM_016116	87.1248
hsa-miR-124-3p	NM_004948	65.0853422836
hsa-miR-124-3p	NM_001286795	60.728
hsa-miR-124-3p	NM_001272042	68.8382772112
hsa-miR-124-3p	NM_014636	55.1115
hsa-miR-124-3p	NM_001204857	54.51
hsa-miR-124-3p	NM_001204264	55.8546207076
hsa-miR-124-3p	NM_001243755	57.9965
hsa-miR-124-3p	NM_001301243	58.6695
hsa-miR-124-3p	NM_002267	90.603
hsa-miR-124-3p	NM_001303627	50
hsa-miR-124-3p	NM_001291429	51.6334
hsa-miR-124-3p	NM_006504	57.1809
hsa-miR-124-3p	NM_003223	53.6986
hsa-miR-124-3p	NM_002957	50.7434204236
hsa-miR-124-3p	NM_005238	71.7208111264
hsa-miR-124-3p	NM_001166110	89.817238211914
hsa-miR-124-3p	NM_213594	90.743169132079
hsa-miR-124-3p	NM_024493	54.054021367
hsa-miR-124-3p	NM_001318246	95.0309079182
hsa-miR-124-3p	NM_001142625	94.2739
hsa-miR-124-3p	NM_198679	83.8588
hsa-miR-124-3p	NM_001083619	73.0715
hsa-miR-124-3p	NM_024776	68.346803182
hsa-miR-124-3p	NM_001258240	57.0216764806
hsa-miR-124-3p	NM_020927	75.978
hsa-miR-124-3p	NM_001322233	76.9404
hsa-miR-124-3p	NM_016308	66.5757
hsa-miR-124-3p	NM_024310	71.8133
hsa-miR-124-3p	NM_014752	84.836780266
hsa-miR-124-3p	NM_206855	98.3696717688767
hsa-miR-124-3p	NM_001195144	71.3577
hsa-miR-124-3p	NM_207372	63.8074283386
hsa-miR-124-3p	NM_002041	65.1986
hsa-miR-124-3p	NM_001321511	92.116282228
hsa-miR-124-3p	NM_001304941	79.6398
hsa-miR-124-3p	NM_022483	71.8494908168
hsa-miR-124-3p	NM_001258238	57.0216764806
hsa-miR-124-3p	NM_001287512	50
hsa-miR-124-3p	NM_001143681	54.6239
hsa-miR-124-3p	NM_000461	80.8519
hsa-miR-124-3p	NM_005598	52.6701
hsa-miR-124-3p	NM_001322879	88.8982
hsa-miR-124-3p	NM_001317012	80.5671131266
hsa-miR-124-3p	NM_005646	94.71387
hsa-miR-124-3p	NM_001270407	89.1592
hsa-miR-124-3p	NM_003215	61.0525690669
hsa-miR-124-3p	NM_017892	77.6934
hsa-miR-124-3p	NM_015554	59.3952
hsa-miR-124-3p	NM_001024935	77.5856
hsa-miR-124-3p	NM_001116	87.7908
hsa-miR-124-3p	NM_001142523	56.2065
hsa-miR-124-3p	NM_001008693	66.1393
hsa-miR-124-3p	NM_001283057	81.5575
hsa-miR-124-3p	NM_001008493	80.9765091352
hsa-miR-124-3p	NM_001943	87.9974359624
hsa-miR-124-3p	NM_001287439	71.3342669932
hsa-miR-124-3p	NM_001324400	81.942
hsa-miR-124-3p	NM_016511	68.9245190756
hsa-miR-124-3p	NM_000721	75.4757
hsa-miR-124-3p	NM_001172411	77.5209162460422
hsa-miR-124-3p	NM_001075098	85.1763
hsa-miR-124-3p	NM_000399	85.542713035
hsa-miR-124-3p	NM_001003897	83.3438
hsa-miR-124-3p	NM_032121	99.7346381002159
hsa-miR-124-3p	NM_001135179	69.8331215674597
hsa-miR-124-3p	NM_014079	58.4227322795464
hsa-miR-124-3p	NM_001143678	78.8678
hsa-miR-124-3p	NM_001270439	60.5906
hsa-miR-124-3p	NM_001288983	57.9034
hsa-miR-124-3p	NM_000540	93.53188
hsa-miR-124-3p	NM_001178141	83.7563786627599
hsa-miR-124-3p	NM_175840	70.1317
hsa-miR-124-3p	NM_001282903	53.9408517101
hsa-miR-124-3p	NM_001321741	50
hsa-miR-124-3p	NM_001122837	98.6948868345375
hsa-miR-124-3p	NM_001206887	92.3488849768
hsa-miR-124-3p	NM_003243	50.0396815519
hsa-miR-124-3p	NM_001232	92.12453
hsa-miR-124-3p	NM_032996	90.9498618454902
hsa-miR-124-3p	NM_001244898	95.0494306314
hsa-miR-124-3p	NM_178812	77.5468
hsa-miR-124-3p	NM_015123	96.1228989479566
hsa-miR-124-3p	NM_153015	71.2154050615645
hsa-miR-124-3p	NM_004041	77.2905148716
hsa-miR-124-3p	NM_001300986	94.8356485
hsa-miR-124-3p	NM_133367	83.0227
hsa-miR-124-3p	NM_152932	67.1389
hsa-miR-124-3p	NM_005357	79.4187
hsa-miR-124-3p	NM_018638	50
hsa-miR-124-3p	NM_006487	64.2602
hsa-miR-124-3p	NM_080670	88.4922
hsa-miR-124-3p	NM_002294	89.4479
hsa-miR-124-3p	NM_020702	92.3660088207324
hsa-miR-124-3p	NM_198391	56.4042
hsa-miR-124-3p	NM_001318478	69.2014
hsa-miR-124-3p	NM_000214	88.82788993
hsa-miR-124-3p	NM_001001395	73.3326
hsa-miR-124-3p	NM_001320643	55.20525598
hsa-miR-124-3p	NM_001314018	84.2104
hsa-miR-124-3p	NM_005955	51.2092
hsa-miR-124-3p	NM_206836	91.72479
hsa-miR-124-3p	NM_005233	80.9182
hsa-miR-124-3p	NM_001256739	62.5621
hsa-miR-124-3p	NM_001324265	98.6701608791623
hsa-miR-124-3p	NM_007067	76.9884
hsa-miR-124-3p	NM_000092	51.7820621802
hsa-miR-124-3p	NM_001304472	59.3068
hsa-miR-124-3p	NM_001201397	66.3607
hsa-miR-124-3p	NM_001164343	62.5248685685295
hsa-miR-124-3p	NM_173344	68.2622
hsa-miR-124-3p	NM_016955	92.06145
hsa-miR-124-3p	NM_001198868	87.911265385
hsa-miR-124-3p	NM_001001669	82.2049
hsa-miR-124-3p	NM_153619	92.09932
hsa-miR-124-3p	NM_152748	73.2049384245
hsa-miR-124-3p	NM_145869	90.80078
hsa-miR-124-3p	NM_001256547	73.7814
hsa-miR-124-3p	NM_201381	67.0186306687
hsa-miR-124-3p	NM_152536	72.6018
hsa-miR-124-3p	NM_181521	71.3668133369491
hsa-miR-124-3p	NM_181846	83.804259152
hsa-miR-124-3p	NM_001321099	73.670064264
hsa-miR-124-3p	NM_001256012	89.0134
hsa-miR-124-3p	NM_017554	85.4824177551
hsa-miR-124-3p	NM_020993	68.8329
hsa-miR-124-3p	NM_020764	60.0337
hsa-miR-124-3p	NM_001197131	65.9790054049237
hsa-miR-124-3p	NM_031934	94.10871
hsa-miR-124-3p	NM_015325	64.9782
hsa-miR-124-3p	NM_024923	60.348
hsa-miR-124-3p	NM_001283059	81.5575
hsa-miR-124-3p	NM_152857	93.05483
hsa-miR-124-3p	NM_012257	77.9526
hsa-miR-124-3p	NM_016631	59.4183
hsa-miR-124-3p	NM_001287431	58.5831
hsa-miR-124-3p	NM_172060	60.5775
hsa-miR-124-3p	NM_002826	79.4227829438
hsa-miR-124-3p	NM_001935	59.7988
hsa-miR-124-3p	NM_001198838	55.6671053968
hsa-miR-124-3p	NM_001001419	96.6123498385041
hsa-miR-124-3p	NM_024092	91.01543
hsa-miR-124-3p	NM_001040712	90.15812
hsa-miR-124-3p	NM_001375	90.34924
hsa-miR-124-3p	NM_006242	71.4913
hsa-miR-124-3p	NM_001286349	77.239544996
hsa-miR-124-3p	NM_001282224	88.67407563
hsa-miR-124-3p	NM_024033	57.9965
hsa-miR-124-3p	NM_001040648	53.2653420804421
hsa-miR-124-3p	NM_001048201	76.5555
hsa-miR-124-3p	NM_001256054	85.1566226024
hsa-miR-124-3p	NM_001286438	60.631
hsa-miR-124-3p	NM_012339	53.4069057344
hsa-miR-124-3p	NM_001012454	89.1272820832
hsa-miR-124-3p	NM_001313960	73.6242470703773
hsa-miR-124-3p	NM_005149	70.89765
hsa-miR-124-3p	NM_019074	90.10384
hsa-miR-124-3p	NM_182743	51.8778020905
hsa-miR-124-3p	NM_020246	52.6401
hsa-miR-124-3p	NM_017563	59.2465356721879
hsa-miR-124-3p	NM_017736	57.0194
hsa-miR-124-3p	NM_001034841	58.4978472307359
hsa-miR-124-3p	NM_001184898	90.5439164176
hsa-miR-124-3p	NM_001257135	91.4457811081434
hsa-miR-124-3p	NM_001205262	86.503
hsa-miR-124-3p	NM_001122827	74.9228781885653
hsa-miR-124-3p	NM_001289022	94.46514
hsa-miR-124-3p	NM_004324	51.6334
hsa-miR-124-3p	NM_171997	83.7111
hsa-miR-124-3p	NM_006832	64.8638
hsa-miR-124-3p	NM_001142466	93.7112496238
hsa-miR-124-3p	NM_001321117	82.2515086273
hsa-miR-124-3p	NM_005221	86.8324
hsa-miR-124-3p	NM_001145158	56.0384513568758
hsa-miR-124-3p	NM_001042555	55.4004377135297
hsa-miR-124-3p	NM_001161587	59.3102
hsa-miR-124-3p	NM_018325	69.8656760236
hsa-miR-124-3p	NM_003873	95.22868163275
hsa-miR-124-3p	NM_002135	86.3826
hsa-miR-124-3p	NM_001080512	92.40608
hsa-miR-124-3p	NM_001039753	97.61555
hsa-miR-124-3p	NM_001012514	72.1187
hsa-miR-124-3p	NM_001291694	65.3549
hsa-miR-124-3p	NM_033397	50.1757329644
hsa-miR-124-3p	NM_001290189	70.1798
hsa-miR-124-3p	NM_001286056	50
hsa-miR-124-3p	NM_001178061	63.4819
hsa-miR-124-3p	NM_080611	64.621
hsa-miR-124-3p	NM_001170756	81.0584475322138
hsa-miR-124-3p	NM_003848	93.19297
hsa-miR-124-3p	NM_017831	74.0672648332
hsa-miR-124-3p	NM_002687	59.3767
hsa-miR-124-3p	NM_019042	59.8038
hsa-miR-124-3p	NM_001144942	94.10871
hsa-miR-124-3p	NM_001098522	83.9178
hsa-miR-124-3p	NM_001243027	66.7402
hsa-miR-124-3p	NM_018023	83.9509
hsa-miR-124-3p	NM_001308177	82.2207169968
hsa-miR-124-3p	NM_006479	54.1
hsa-miR-124-3p	NM_001304346	74.7590782286
hsa-miR-124-3p	NM_001301627	94.89052528075
hsa-miR-124-3p	NM_001272013	50.1757329644
hsa-miR-124-3p	NM_001271945	91.52762
hsa-miR-124-3p	NM_001318046	50
hsa-miR-124-3p	NM_003901	90.28238
hsa-miR-124-3p	NM_033087	88.1337
hsa-miR-124-3p	NM_001301829	88.6786
hsa-miR-124-3p	NM_001042510	96.22207785284
hsa-miR-124-3p	NM_001314020	53.7539
hsa-miR-124-3p	NM_178148	72.7501
hsa-miR-124-3p	NM_005786	64.0255
hsa-miR-124-3p	NM_005513	52.4440693568
hsa-miR-124-3p	NM_001303461	82.6058
hsa-miR-124-3p	NM_001323087	72.8408
hsa-miR-124-3p	NM_001178139	83.7563786627599
hsa-miR-124-3p	NM_004905	52.2075
hsa-miR-124-3p	NM_199363	61.031955163
hsa-miR-124-3p	NM_003716	90.78435
hsa-miR-124-3p	NM_033238	87.7092
hsa-miR-124-3p	NM_015058	57.0711
hsa-miR-124-3p	NM_001144996	86.7907
hsa-miR-124-3p	NM_001185082	71.3616
hsa-miR-124-3p	NM_014848	63.1857158425
hsa-miR-124-3p	NM_001308210	80.5424
hsa-miR-124-3p	NM_203344	73.1637
hsa-miR-124-3p	NM_014319	87.8807
hsa-miR-124-3p	NM_004090	80.5759152507
hsa-miR-124-3p	NM_001003681	82.262766542
hsa-miR-124-3p	NM_001193483	66.5873837552
hsa-miR-124-3p	NM_001008566	91.80558
hsa-miR-124-3p	NM_001258246	57.0216764806
hsa-miR-124-3p	NM_003331	73.1433
hsa-miR-124-3p	NM_001142683	75.4469
hsa-miR-124-3p	NM_001283027	70.6784
hsa-miR-124-3p	NM_001199037	98.58974998564
hsa-miR-124-3p	NM_001078651	89.3678
hsa-miR-124-3p	NM_178439	87.7362981688
hsa-miR-124-3p	NM_003109	98.6828534051996
hsa-miR-124-3p	NM_001164730	91.13785
hsa-miR-124-3p	NM_004009	69.3164
hsa-miR-124-3p	NM_001289124	78.9728520265
hsa-miR-124-3p	NM_020747	95.4287816618
hsa-miR-124-3p	NM_002886	54.9649157822893
hsa-miR-124-3p	NM_001256426	81.5907860299426
hsa-miR-124-3p	NM_001261427	90.4361835748
hsa-miR-124-3p	NM_001282426	53.7075399476894
hsa-miR-124-3p	NM_001245002	60.1521576662
hsa-miR-124-3p	NM_001099650	97.0701804164772
hsa-miR-124-3p	NM_001287819	64.1521639925
hsa-miR-124-3p	NM_001018077	55.8546207076
hsa-miR-124-3p	NM_007182	68.8678
hsa-miR-124-3p	NM_012249	89.9104835198203
hsa-miR-124-3p	NM_001037277	90.47077
hsa-miR-124-3p	NM_178584	93.5266123688
hsa-miR-124-3p	NM_012311	69.1227
hsa-miR-124-3p	NM_001099439	75.2057431956212
hsa-miR-124-3p	NM_006751	86.3215
hsa-miR-124-3p	NM_015383	70.5393
hsa-miR-124-3p	NM_001321427	91.67136
hsa-miR-124-3p	NM_001243186	89.0903921025
hsa-miR-124-3p	NM_001261445	51.8778020905
hsa-miR-124-3p	NM_001321515	93.5266123688
hsa-miR-124-3p	NM_020858	87.9646
hsa-miR-124-3p	NM_004747	71.3726
hsa-miR-124-3p	NM_001317923	50
hsa-miR-124-3p	NM_183372	69.9828
hsa-miR-124-3p	NM_022068	93.22685
hsa-miR-124-3p	NM_001040134	77.6018
hsa-miR-124-3p	NM_172110	84.3668
hsa-miR-124-3p	NM_017514	83.3627755
hsa-miR-124-3p	NM_012463	95.83495
hsa-miR-124-3p	NM_001126336	59.8109
hsa-miR-124-3p	NM_015192	52.2786
hsa-miR-124-3p	NM_001130041	90.99415
hsa-miR-124-3p	NM_001145149	70.4138
hsa-miR-124-3p	NM_006270	75.5887
hsa-miR-124-3p	NM_001321877	59.4969
hsa-miR-124-3p	NM_001172774	76.4079
hsa-miR-124-3p	NM_001286129	50.2514251975
hsa-miR-124-3p	NM_001134665	76.7088
hsa-miR-124-3p	NM_001271775	58.3435592994
hsa-miR-124-3p	NM_170714	68.8678
hsa-miR-124-3p	NM_001010891	61.6323973461007
hsa-miR-124-3p	NM_138340	57.0763
hsa-miR-124-3p	NM_005254	65.1722
hsa-miR-124-3p	NM_175075	61.2585
hsa-miR-124-3p	NM_001291921	50.7434204236
hsa-miR-124-3p	NM_001131009	92.9405400161575
hsa-miR-124-3p	NM_001270728	62.3299
hsa-miR-124-3p	NM_145725	65.110040056
hsa-miR-124-3p	NM_001261444	51.0513
hsa-miR-124-3p	NM_017966	95.1173548417
hsa-miR-124-3p	NM_173664	58.4681
hsa-miR-124-3p	NM_001256277	94.10871
hsa-miR-124-3p	NM_005063	82.5668
hsa-miR-124-3p	NM_002023	80.8891
hsa-miR-124-3p	NM_005402	90.20754
hsa-miR-124-3p	NM_003835	61.2058
hsa-miR-124-3p	NM_000026	50
hsa-miR-124-3p	NM_001317182	51.3918
hsa-miR-124-3p	NM_017919	55.2077
hsa-miR-124-3p	NM_138410	54.7907
hsa-miR-124-3p	NM_178820	66.7492
hsa-miR-124-3p	NM_001308122	81.6759
hsa-miR-124-3p	NM_001024736	65.3510482126
hsa-miR-124-3p	NM_032824	89.4846
hsa-miR-124-3p	NM_001177665	87.0276703622
hsa-miR-124-3p	NM_001003699	66.8789
hsa-miR-124-3p	NM_002869	61.0381
hsa-miR-124-3p	NM_001318520	71.768
hsa-miR-124-3p	NM_173822	52.3523
hsa-miR-124-3p	NM_194318	60.6933
hsa-miR-124-3p	NM_022831	79.7239485394
hsa-miR-124-3p	NM_012090	63.897
hsa-miR-124-3p	NM_001249	53.7897
hsa-miR-124-3p	NM_001318519	53.2744
hsa-miR-124-3p	NM_001255987	61.0855
hsa-miR-124-3p	NM_001271684	61.5834
hsa-miR-124-3p	NM_001042368	90.0767520378
hsa-miR-124-3p	NM_012110	84.0179
hsa-miR-124-3p	NM_001172687	62.2922
hsa-miR-124-3p	NM_001270533	76.7101
hsa-miR-124-3p	NM_001174150	50.9511
hsa-miR-124-3p	NM_001287497	75.7943969762
hsa-miR-124-3p	NM_022776	85.7896
hsa-miR-124-3p	NM_145321	92.4063179164092
hsa-miR-124-3p	NM_001184787	62.5236151448
hsa-miR-124-3p	NM_001128926	89.1272820832
hsa-miR-124-3p	NM_007199	56.2065
hsa-miR-124-3p	NM_001289824	50
hsa-miR-124-3p	NM_001018074	55.8546207076
hsa-miR-124-3p	NM_001278407	90.80078
hsa-miR-124-3p	NM_000415	84.0905
hsa-miR-124-3p	NM_024496	89.4991
hsa-miR-124-3p	NM_001202409	60.9598278854084
hsa-miR-124-3p	NM_001031746	64.859680908
hsa-miR-124-3p	NM_198977	55.2648
hsa-miR-124-3p	NM_001178055	87.7412180975
hsa-miR-124-3p	NM_001322119	73.101
hsa-miR-124-3p	NM_001286712	76.444109312
hsa-miR-124-3p	NM_001268	71.490669376
hsa-miR-124-3p	NM_001321438	56.507
hsa-miR-124-3p	NM_014370	50
hsa-miR-124-3p	NM_001201576	93.72648
hsa-miR-124-3p	NM_031942	87.8775
hsa-miR-124-3p	NM_001206915	57.4236
hsa-miR-124-3p	NM_001077243	90.08032
hsa-miR-124-3p	NM_001166116	74.9207
hsa-miR-124-3p	NM_000660	57.2593
hsa-miR-124-3p	NM_001083588	86.3745
hsa-miR-124-3p	NM_001040143	58.9011
hsa-miR-124-3p	NM_130393	77.7305
hsa-miR-124-3p	NM_153262	63.7872480934
hsa-miR-124-3p	NM_001244972	81.3140896861
hsa-miR-124-3p	NM_001198681	57.2876193468
hsa-miR-124-3p	NM_001282490	57.1596
hsa-miR-124-3p	NM_003060	61.1648
hsa-miR-124-3p	NM_015254	93.3875918334996
hsa-miR-124-3p	NM_001322231	76.9404
hsa-miR-124-3p	NM_182664	84.1273958305
hsa-miR-124-3p	NM_001102454	70.9705
hsa-miR-124-3p	NM_003566	83.3533
hsa-miR-124-3p	NM_001083617	79.7309
hsa-miR-124-3p	NM_001011885	60.7615
hsa-miR-124-3p	NM_005367	50.7127
hsa-miR-124-3p	NM_006699	76.6166
hsa-miR-124-3p	NM_145268	65.45941882
hsa-miR-124-3p	NM_001321241	64.4468
hsa-miR-124-3p	NM_001282561	88.1537
hsa-miR-124-3p	NM_001085469	92.3488849768
hsa-miR-124-3p	NM_006275	93.91723869
hsa-miR-124-3p	NM_015055	55.0595
hsa-miR-124-3p	NM_001146008	89.3573
hsa-miR-124-3p	NM_001951	59.9718
hsa-miR-124-3p	NM_004673	63.2993600129
hsa-miR-124-3p	NM_001278689	53.5887
hsa-miR-124-3p	NM_001288821	63.3104
hsa-miR-124-3p	NM_194071	99.18079517392
hsa-miR-124-3p	NM_001277813	57.0369
hsa-miR-124-3p	NM_001146103	77.69
hsa-miR-124-3p	NM_001755	81.1750103345
hsa-miR-124-3p	NM_007356	50
hsa-miR-124-3p	NM_001245004	60.0769176232
hsa-miR-124-3p	NM_020189	69.140940106
hsa-miR-124-3p	NM_194429	77.77158644
hsa-miR-124-3p	NM_001304990	61.5575209723
hsa-miR-124-3p	NM_003718	85.6891
hsa-miR-124-3p	NM_001291939	84.142
hsa-miR-124-3p	NM_001303043	92.61271
hsa-miR-124-3p	NM_001256569	81.4301565985
hsa-miR-124-3p	NM_024329	53.7099
hsa-miR-124-3p	NM_000701	94.95545
hsa-miR-124-3p	NM_001136191	73.1175
hsa-miR-124-3p	NM_001271044	81.5383946772309
hsa-miR-124-3p	NM_198970	58.0484
hsa-miR-124-3p	NM_001156	90.5915
hsa-miR-124-3p	NM_003478	82.4811
hsa-miR-124-3p	NM_016221	70.1891
hsa-miR-124-3p	NM_017697	74.45357906185
hsa-miR-124-3p	NM_001243597	75.2029923835
hsa-miR-124-3p	NM_004927	55.7801
hsa-miR-124-3p	NM_001286512	72.7501
hsa-miR-124-3p	NM_001127667	73.0655
hsa-miR-124-3p	NM_198868	63.469063085
hsa-miR-124-3p	NM_001285829	93.5412117965749
hsa-miR-124-3p	NM_001042453	79.3116
hsa-miR-124-3p	NM_015088	76.6483401745927
hsa-miR-124-3p	NM_003659	73.8596436598843
hsa-miR-124-3p	NM_014734	97.10227069355
hsa-miR-124-3p	NM_001039490	92.99445
hsa-miR-124-3p	NM_001135732	59.1485
hsa-miR-124-3p	NM_001164556	63.9686889749
hsa-miR-124-3p	NM_001244949	88.1678909464
hsa-miR-124-3p	NM_001163278	50
hsa-miR-124-3p	NM_007044	91.5328
hsa-miR-124-3p	NM_000880	64.4226
hsa-miR-124-3p	NM_020340	71.0767
hsa-miR-124-3p	NM_030806	58.8992401251751
hsa-miR-124-3p	NM_180991	58.99024675
hsa-miR-124-3p	NM_172240	52.5546
hsa-miR-124-3p	NM_001324263	98.6701608791623
hsa-miR-124-3p	NM_001145521	75.3353
hsa-miR-124-3p	NM_001190738	66.9318772536
hsa-miR-124-3p	NM_173552	60.7553
hsa-miR-124-3p	NM_001282205	80.1979
hsa-miR-124-3p	NM_032449	97.21822530516
hsa-miR-124-3p	NM_030791	94.03042
hsa-miR-124-3p	NM_001286408	65.7287
hsa-miR-124-3p	NM_012401	89.7705
hsa-miR-124-3p	NM_001323529	59.607280391
hsa-miR-124-3p	NM_001164347	62.5248685685295
hsa-miR-124-3p	NM_001301007	95.14425
hsa-miR-124-3p	NM_004850	55.1846913972
hsa-miR-124-3p	NM_148923	72.2983
hsa-miR-124-3p	NM_001017415	94.65494
hsa-miR-124-3p	NM_001134369	76.3235
hsa-miR-124-3p	NM_001042724	78.5476
hsa-miR-124-3p	NM_001145365	67.615186069
hsa-miR-124-3p	NM_147157	80.1557
hsa-miR-124-3p	NM_001256737	83.9317
hsa-miR-124-3p	NM_005730	88.1889670728
hsa-miR-124-3p	NM_152342	68.6528
hsa-miR-124-3p	NM_001256549	77.0874177184
hsa-miR-124-3p	NM_001318007	62.9709
hsa-miR-124-3p	NM_001144003	78.283
hsa-miR-124-3p	NM_004520	57.50315
hsa-miR-124-3p	NM_022893	69.3286
hsa-miR-124-3p	NM_014674	92.7223559375004
hsa-miR-124-3p	NM_001286806	83.8202
hsa-miR-124-3p	NM_012102	70.513
hsa-miR-124-3p	NM_001301036	79.8417
hsa-miR-124-3p	NM_144648	52.180132878
hsa-miR-124-3p	NM_001321380	99.4624221869756
hsa-miR-124-3p	NM_001037340	77.4121
hsa-miR-124-3p	NM_006620	56.0384513568758
hsa-miR-124-3p	NM_001135213	82.452
hsa-miR-124-3p	NM_198563	66.905
hsa-miR-124-3p	NM_001276464	87.0458430976
hsa-miR-124-3p	NM_001297442	77.4121
hsa-miR-124-3p	NM_004817	66.1753
hsa-miR-124-3p	NM_001308108	74.0198
hsa-miR-124-3p	NM_001304275	69.6223
hsa-miR-124-3p	NM_016422	74.4456
hsa-miR-124-3p	NM_001300833	97.3543960127
hsa-miR-124-3p	NM_001164747	57.1937
hsa-miR-124-3p	NM_003015	60.7268
hsa-miR-124-3p	NM_001024660	57.9421593192
hsa-miR-124-3p	NM_138822	65.822041156
hsa-miR-124-3p	NM_001172897	65.3639059648
hsa-miR-124-3p	NM_001242409	62.4709
hsa-miR-124-3p	NM_001301012	98.54066898016
hsa-miR-124-3p	NM_153689	83.906688724
hsa-miR-124-3p	NM_001320340	91.11608
hsa-miR-124-3p	NM_001002814	71.1782853303934
hsa-miR-124-3p	NM_173567	63.6458
hsa-miR-124-3p	NM_001255976	66.2145
hsa-miR-124-3p	NM_021253	66.2896
hsa-miR-124-3p	NM_001242830	77.4378565379
hsa-miR-124-3p	NM_001316951	84.5906
hsa-miR-124-3p	NM_197977	52.0391
hsa-miR-124-3p	NM_001170760	50
hsa-miR-124-3p	NM_138328	51.3759
hsa-miR-124-3p	NM_203351	51.5889
hsa-miR-124-3p	NM_001185081	71.2888
hsa-miR-124-3p	NM_001320698	50
hsa-miR-124-3p	NM_014781	70.9485
hsa-miR-124-3p	NM_001320704	56.9368
hsa-miR-124-3p	NM_001204258	55.8546207076
hsa-miR-124-3p	NM_001253912	72.8185
hsa-miR-124-3p	NM_001244896	95.0494306314
hsa-miR-124-3p	NM_173654	53.5887
hsa-miR-124-3p	NM_001286517	72.7501
hsa-miR-124-3p	NM_015114	90.30109
hsa-miR-124-3p	NM_001081003	66.4097
hsa-miR-124-3p	NM_001323573	68.7011
hsa-miR-124-3p	NM_001300738	52.5568
hsa-miR-124-3p	NM_001204076	95.28357
hsa-miR-124-3p	NM_001304530	53.2842
hsa-miR-124-3p	NM_201378	67.0186306687
hsa-miR-124-3p	NM_001270616	90.1434018673
hsa-miR-124-3p	NM_030958	73.5195
hsa-miR-124-3p	NM_001322355	62.3640706456609
hsa-miR-124-3p	NM_032564	53.4153
hsa-miR-124-3p	NM_001001484	50.5093
hsa-miR-124-3p	NM_001098202	79.3348
hsa-miR-124-3p	NM_170780	63.3245
hsa-miR-124-3p	NM_001320276	72.6018
hsa-miR-124-3p	NM_001311256	84.3856
hsa-miR-124-3p	NM_005783	63.338
hsa-miR-124-3p	NM_001099455	60.352298002
hsa-miR-124-3p	NM_002834	60.8273
hsa-miR-124-3p	NM_173199	55.9822123563
hsa-miR-124-3p	NM_001292039	71.391
hsa-miR-124-3p	NM_001003943	54.4167476695
hsa-miR-124-3p	NM_005359	78.1956311878093
hsa-miR-124-3p	NM_001257191	78.8212
hsa-miR-124-3p	NM_005808	51.4886884020606
hsa-miR-124-3p	NM_001198546	60.7145
hsa-miR-124-3p	NM_001142339	85.3987
hsa-miR-124-3p	NM_004397	78.8212
hsa-miR-124-3p	NM_001287440	71.3342669932
hsa-miR-124-3p	NM_014661	85.9321114702
hsa-miR-124-3p	NM_024907	58.2075
hsa-miR-124-3p	NM_002857	62.38215
hsa-miR-124-3p	NM_001100425	75.2236
hsa-miR-124-3p	NM_001270879	71.1007
hsa-miR-124-3p	NM_015859	56.93025
hsa-miR-124-3p	NM_007054	57.6669
hsa-miR-124-3p	NM_152305	89.0924
hsa-miR-124-3p	NM_019619	62.5236151448
hsa-miR-124-3p	NM_001321504	92.116282228
hsa-miR-124-3p	NM_001278742	53.8376438018
hsa-miR-124-3p	NM_001098520	95.42019
hsa-miR-124-3p	NM_002319	75.70558024
hsa-miR-124-3p	NM_152594	53.174
hsa-miR-124-3p	NM_032557	79.3149
hsa-miR-124-3p	NM_017481	86.3455
hsa-miR-124-3p	NM_005721	54.0463
hsa-miR-124-3p	NM_017551	96.1533247573
hsa-miR-124-3p	NM_001308112	95.1043670409
hsa-miR-124-3p	NM_002526	66.038
hsa-miR-124-3p	NM_001017425	85.823
hsa-miR-124-3p	NM_001291940	70.6403
hsa-miR-124-3p	NM_000177	86.3653
hsa-miR-124-3p	NM_018388	73.9093832335
hsa-miR-124-3p	NM_003751	92.71993
hsa-miR-124-3p	NM_002569	50
hsa-miR-124-3p	NM_004339	86.3646
hsa-miR-124-3p	NM_015516	69.2014
hsa-miR-124-3p	NM_001283024	90.45331
hsa-miR-124-3p	NM_173814	99.3207974029335
hsa-miR-124-3p	NM_001122825	74.9228781885653
hsa-miR-124-3p	NM_001172285	51.6308004928
hsa-miR-124-3p	NM_003033	87.7354
hsa-miR-124-3p	NM_001031714	74.9868
hsa-miR-124-3p	NM_022152	56.507
hsa-miR-124-3p	NM_001122636	65.7676
hsa-miR-124-3p	NM_018947	61.0386
hsa-miR-124-3p	NM_152271	53.9381
hsa-miR-124-3p	NM_013365	62.2922
hsa-miR-124-3p	NM_001193485	66.5873837552
hsa-miR-124-3p	NM_021101	65.112690304437
hsa-miR-124-3p	NM_182764	57.57
hsa-miR-124-3p	NM_033050	60.7463432045354
hsa-miR-124-3p	NM_001324268	98.6701608791623
hsa-miR-124-3p	NM_015690	73.829503732
hsa-miR-124-3p	NM_017413	82.2562567120794
hsa-miR-124-3p	NM_006467	85.105216698
hsa-miR-124-3p	NM_001297750	68.9245190756
hsa-miR-124-3p	NM_032513	79.0073491165
hsa-miR-124-3p	NM_030793	67.7219
hsa-miR-124-3p	NM_001142348	75.7552
hsa-miR-124-3p	NM_001256417	57.4133
hsa-miR-124-3p	NM_000320	58.7393
hsa-miR-124-3p	NM_001318372	61.6293
hsa-miR-124-3p	NM_001322033	83.3282
hsa-miR-124-3p	NM_002590	89.3552
hsa-miR-124-3p	NM_001982	74.8865883714
hsa-miR-124-3p	NM_001039840	97.9559467251106
hsa-miR-124-3p	NM_057169	64.8829
hsa-miR-124-3p	NM_130847	95.14425
hsa-miR-124-3p	NM_134428	75.3793824988
hsa-miR-124-3p	NM_001042519	83.1996932248
hsa-miR-124-3p	NM_000033	54.9061
hsa-miR-124-3p	NM_014755	93.7931433728948
hsa-miR-124-3p	NM_001178092	93.6298292526
hsa-miR-124-3p	NM_024623	57.8371483965687
hsa-miR-124-3p	NM_001017371	67.6614
hsa-miR-124-3p	NM_001323037	63.1857158425
hsa-miR-124-3p	NM_001145197	63.1681308284
hsa-miR-124-3p	NM_001308402	51.8816
hsa-miR-124-3p	NM_001100818	59.2797
hsa-miR-124-3p	NM_001105521	83.1527
hsa-miR-124-3p	NM_001185096	94.0423885241533
hsa-miR-124-3p	NM_019895	63.0539
hsa-miR-124-3p	NM_002473	88.795
hsa-miR-124-3p	NM_001017995	53.0311746767
hsa-miR-124-3p	NM_004537	60.6358
hsa-miR-124-3p	NM_001123378	50
hsa-miR-124-3p	NM_018151	87.0276703622
hsa-miR-124-3p	NM_024503	69.341
hsa-miR-124-3p	NM_020918	61.749171966
hsa-miR-124-3p	NM_001278615	71.3345
hsa-miR-124-3p	NM_022044	80.5988
hsa-miR-124-3p	NM_145810	63.5131
hsa-miR-124-3p	NM_001306134	61.1579
hsa-miR-124-3p	NM_001017396	59.761531015
hsa-miR-124-3p	NM_032375	72.3848
hsa-miR-124-3p	NM_032128	92.87687
hsa-miR-124-3p	NM_016081	89.154177356832
hsa-miR-124-3p	NM_001319653	73.49676256
hsa-miR-124-3p	NM_018323	89.021027058427
hsa-miR-124-3p	NM_001127370	59.3837
hsa-miR-124-3p	NM_020156	97.5849444530743
hsa-miR-124-3p	NM_001144923	50
hsa-miR-124-3p	NM_004733	84.2523
hsa-miR-124-3p	NM_001243891	79.244217226
hsa-miR-124-3p	NM_001098633	72.3848
hsa-miR-124-3p	NM_001256597	60.1199518810857
hsa-miR-124-3p	NM_153712	98.296114813
hsa-miR-124-3p	NM_001040273	62.2551
hsa-miR-124-3p	NM_001620	67.7143
hsa-miR-124-3p	NM_003658	73.7884
hsa-miR-124-3p	NM_003288	61.031955163
hsa-miR-124-3p	NM_001297562	60.7832
hsa-miR-124-3p	NM_001317935	50.6974631554
hsa-miR-124-3p	NM_182551	74.6007493508
hsa-miR-124-3p	NM_178557	82.1185015872
hsa-miR-124-3p	NM_001166104	83.4241730695307
hsa-miR-124-3p	NM_002196	62.7723
hsa-miR-124-3p	NM_024429	82.6494
hsa-miR-124-3p	NM_001164675	75.0099
hsa-miR-124-3p	NM_001301013	96.2555945654
hsa-miR-124-3p	NM_001271943	91.52762
hsa-miR-124-3p	NM_001113348	77.5979
hsa-miR-124-3p	NM_020796	95.847692113
hsa-miR-124-3p	NM_017755	88.5768
hsa-miR-124-3p	NM_001255989	61.0855
hsa-miR-124-3p	NM_001166061	94.09196
hsa-miR-124-3p	NM_001202410	60.9598278854084
hsa-miR-124-3p	NM_032228	89.971524478
hsa-miR-124-3p	NM_001079526	64.2524
hsa-miR-124-3p	NM_001142401	98.99956469798
hsa-miR-124-3p	NM_001184789	62.5236151448
hsa-miR-124-3p	NM_001160154	50
hsa-miR-124-3p	NM_001145056	53.7732
hsa-miR-124-3p	NM_182729	51.8778020905
hsa-miR-124-3p	NM_001193312	63.4307
hsa-miR-124-3p	NM_001100165	89.7699307522
hsa-miR-124-3p	NM_017784	92.10689
hsa-miR-124-3p	NM_001018076	55.8546207076
hsa-miR-124-3p	NM_001304833	57.8371483965687
hsa-miR-124-3p	NM_001289968	57.4088
hsa-miR-124-3p	NM_001433	87.7979
hsa-miR-124-3p	NM_006162	97.2460315901829
hsa-miR-124-3p	NM_004975	63.6172
hsa-miR-124-3p	NM_002298	83.301
hsa-miR-124-3p	NM_004297	59.8036
hsa-miR-124-3p	NM_003200	79.0064
hsa-miR-124-3p	NM_001285460	86.3765
hsa-miR-124-3p	NM_014283	90.73189
hsa-miR-124-3p	NM_015435	59.1426
hsa-miR-124-3p	NM_014918	95.55518
hsa-miR-124-3p	NM_001286577	81.4446
hsa-miR-124-3p	NM_001177306	65.822041156
hsa-miR-124-3p	NM_001323599	50
hsa-miR-124-3p	NM_173075	60.8925
hsa-miR-124-3p	NM_012340	65.32529077
hsa-miR-124-3p	NM_001166599	92.7290233975696
hsa-miR-124-3p	NM_000112	67.4582348895
hsa-miR-124-3p	NM_003111	51.5667
hsa-miR-124-3p	NM_001304835	57.8371483965687
hsa-miR-124-3p	NM_022075	86.3792
hsa-miR-124-3p	NM_001300887	84.4325013778
hsa-miR-124-3p	NM_001288574	60.5775
hsa-miR-124-3p	NM_022769	94.5409
hsa-miR-124-3p	NM_001166496	95.52667
hsa-miR-124-3p	NM_198178	79.0484532859
hsa-miR-124-3p	NM_001017998	88.6164
hsa-miR-124-3p	NM_004869	70.5996
hsa-miR-124-3p	NM_001321513	92.116282228
hsa-miR-124-3p	NM_002204	88.2034
hsa-miR-124-3p	NM_001020818	85.5485
hsa-miR-124-3p	NM_001164269	60.3331
hsa-miR-124-3p	NM_002819	98.0378984163405
hsa-miR-124-3p	NM_001271611	76.9795
hsa-miR-124-3p	NM_003786	67.8401
hsa-miR-124-3p	NM_001321429	56.507
hsa-miR-124-3p	NM_006454	50
hsa-miR-124-3p	NM_001287442	71.3342669932
hsa-miR-124-3p	NM_001289122	78.9728520265
hsa-miR-124-3p	NM_001135643	89.786
hsa-miR-124-3p	NM_014320	86.7019
hsa-miR-124-3p	NM_001195683	59.2410868463
hsa-miR-124-3p	NM_001286691	77.4192
hsa-miR-124-3p	NM_001172819	76.4354
hsa-miR-124-3p	NM_001164783	50
hsa-miR-124-3p	NM_012288	85.3450616241812
hsa-miR-124-3p	NM_152390	61.9146
hsa-miR-124-3p	NM_001207063	79.2170409416
hsa-miR-124-3p	NM_001290193	70.1798
hsa-miR-124-3p	NM_130391	77.7305
hsa-miR-124-3p	NM_001323040	63.1857158425
hsa-miR-124-3p	NM_001270	76.4524
hsa-miR-124-3p	NM_001143839	59.9343
hsa-miR-124-3p	NM_001256546	73.7814
hsa-miR-124-3p	NM_032558	63.8895
hsa-miR-124-3p	NM_020850	87.7345
hsa-miR-124-3p	NM_133376	96.1823334655
hsa-miR-124-3p	NM_054033	56.073
hsa-miR-124-3p	NM_001204344	87.0975485987
hsa-miR-124-3p	NM_001321432	56.507
hsa-miR-124-3p	NM_001011516	89.9617
hsa-miR-124-3p	NM_001406	51.7913
hsa-miR-124-3p	NM_001160233	80.827
hsa-miR-124-3p	NM_001166387	50.7127
hsa-miR-124-3p	NM_001166051	60.8925
hsa-miR-124-3p	NM_020731	52.7835
hsa-miR-124-3p	NM_001047434	78.6103
hsa-miR-124-3p	NM_002121	78.1526
hsa-miR-124-3p	NM_001080450	64.7352
hsa-miR-124-3p	NM_001321330	52.7483
hsa-miR-124-3p	NM_004390	79.4081
hsa-miR-124-3p	NM_001278122	79.6384823331194
hsa-miR-124-3p	NM_001753	65.3639059648
hsa-miR-124-3p	NM_020699	66.1925
hsa-miR-124-3p	NM_001290191	70.1798
hsa-miR-124-3p	NM_001320702	50
hsa-miR-124-3p	NM_001020820	70.1798
hsa-miR-124-3p	NM_001286519	72.7501
hsa-miR-124-3p	NM_001199155	94.30144
hsa-miR-124-3p	NM_001145263	55.9431
hsa-miR-124-3p	NM_001321643	76.970668388
hsa-miR-124-3p	NM_032039	62.8065
hsa-miR-124-3p	NM_001042594	59.1213
hsa-miR-124-3p	NM_152391	83.9143
hsa-miR-124-3p	NM_001338	79.3545836125
hsa-miR-124-3p	NM_001243120	77.4376
hsa-miR-124-3p	NM_005697	84.2607857521962
hsa-miR-124-3p	NM_001042481	84.3272468704
hsa-miR-124-3p	NM_012262	63.4280374183
hsa-miR-124-3p	NM_017628	59.2520871750245
hsa-miR-124-3p	NM_001081004	66.4097
hsa-miR-124-3p	NM_001206889	92.3488849768
hsa-miR-124-3p	NM_001271774	58.3435592994
hsa-miR-124-3p	NM_001167671	98.1785572136032
hsa-miR-124-3p	NM_057175	89.7601
hsa-miR-124-3p	NM_001170416	66.1753
hsa-miR-124-3p	NM_015488	74.9283216878
hsa-miR-124-3p	NM_021813	74.245231948
hsa-miR-124-3p	NM_000725	57.4236
hsa-miR-124-3p	NM_006742	83.8055830512549
hsa-miR-124-3p	NM_001320287	92.5324
hsa-miR-124-3p	NM_152553	91.0753280269
hsa-miR-124-3p	NM_001321174	50
hsa-miR-124-3p	NM_001243953	57.50315
hsa-miR-124-3p	NM_001185077	81.5708
hsa-miR-124-3p	NM_001282207	80.1557
hsa-miR-124-3p	NM_012333	63.3873293087
hsa-miR-124-3p	NM_001164345	62.5248685685295
hsa-miR-124-3p	NM_001142595	95.37871201065
hsa-miR-124-3p	NM_021943	66.6495
hsa-miR-124-3p	NM_001109878	88.9399
hsa-miR-124-3p	NM_001128085	81.0926690752
hsa-miR-124-3p	NM_001135911	69.3044
hsa-miR-124-3p	NM_018657	64.2827
hsa-miR-124-3p	NM_001320707	89.319
hsa-miR-124-3p	NM_001278280	67.1389
hsa-miR-124-3p	NM_001040199	63.0539
hsa-miR-124-3p	NM_018375	58.2784309948089
hsa-miR-124-3p	NM_016227	90.73189
hsa-miR-124-3p	NM_021190	94.8356485
hsa-miR-124-3p	NM_016016	64.4468
hsa-miR-124-3p	NM_001012644	64.621
hsa-miR-124-3p	NM_001995	76.444109312
hsa-miR-124-3p	NM_001206836	54.743732476085
hsa-miR-124-3p	NM_001080475	98.8058182808959
hsa-miR-124-3p	NM_001243749	51.1941
hsa-miR-124-3p	NM_001323031	63.1857158425
hsa-miR-124-3p	NM_181427	65.1986
hsa-miR-124-3p	NM_001860	95.0643
hsa-miR-124-3p	NM_031991	95.3936638546199
hsa-miR-124-3p	NM_001040183	63.0539
hsa-miR-124-3p	NM_001323032	63.1857158425
hsa-miR-124-3p	NM_004447	94.04447
hsa-miR-124-3p	NM_001164194	64.0451
hsa-miR-124-3p	NM_005845	94.05233
hsa-miR-124-3p	NM_001037501	70.6304
hsa-miR-124-3p	NM_004021	69.4444
hsa-miR-124-3p	NM_001143780	85.1963
hsa-miR-124-3p	NM_001304939	79.6398
hsa-miR-124-3p	NM_001146068	85.308
hsa-miR-124-3p	NM_080652	93.97686
hsa-miR-124-3p	NM_032145	67.0222
hsa-miR-124-3p	NM_001287435	54.8196994055073
hsa-miR-124-3p	NM_006856	92.27433
hsa-miR-124-3p	NM_006633	58.8146
hsa-miR-124-3p	NM_000161	83.2163434192
hsa-miR-124-3p	NM_001204263	55.8546207076
hsa-miR-124-3p	NM_001154	89.3035
hsa-miR-124-3p	NM_001163790	95.0494306314
hsa-miR-124-3p	NM_002953	55.8873
hsa-miR-124-3p	NM_001130927	87.6884
hsa-miR-124-3p	NM_001078172	52.4668
hsa-miR-124-3p	NM_153605	76.0553
hsa-miR-124-3p	NM_005475	84.4441
hsa-miR-124-3p	NM_020770	84.0655
hsa-miR-124-3p	NM_001286513	72.7501
hsa-miR-124-3p	NM_001145635	98.4745376262137
hsa-miR-124-3p	NM_017728	82.7397700128
hsa-miR-124-3p	NM_001282129	73.9479
hsa-miR-124-3p	NM_016279	92.34385
hsa-miR-124-3p	NM_001278267	70.6213
hsa-miR-124-3p	NM_004011	69.3164
hsa-miR-124-3p	NM_003821	71.4565
hsa-miR-124-3p	NM_018683	65.4148
hsa-miR-124-3p	NM_001170670	66.0682
hsa-miR-124-3p	NM_001270730	63.1932
hsa-miR-124-3p	NM_013368	90.26437
hsa-miR-124-3p	NM_001331	92.3488849768
hsa-miR-124-3p	NM_006218	68.058
hsa-miR-124-3p	NM_001278160	72.3848
hsa-miR-124-3p	NM_001287586	98.6948868345375
hsa-miR-124-3p	NM_001135730	59.1485
hsa-miR-124-3p	NM_174908	78.4089336385521
hsa-miR-124-3p	NM_001003700	66.8789
hsa-miR-124-3p	NM_013976	79.1416
hsa-miR-124-3p	NM_004505	50
hsa-miR-124-3p	NM_001270526	92.25988
hsa-miR-124-3p	NM_001765	70.8904285116
hsa-miR-124-3p	NM_000912	50
hsa-miR-124-3p	NM_001281725	61.6703
hsa-miR-124-3p	NM_003342	81.983
hsa-miR-124-3p	NM_001039792	64.3644
hsa-miR-124-3p	NM_017994	87.4472
hsa-miR-124-3p	NM_001305102	93.68596
hsa-miR-124-3p	NM_001193493	84.2987
hsa-miR-124-3p	NM_000966	94.922637948
hsa-miR-124-3p	NM_001160166	56.9335
hsa-miR-124-3p	NM_015450	59.1213
hsa-miR-124-3p	NM_018480	73.7814
hsa-miR-124-3p	NM_001665	98.6207338937465
hsa-miR-124-3p	NM_001318253	78.1101
hsa-miR-124-3p	NM_001323534	59.607280391
hsa-miR-124-3p	NM_153442	51.987392779
hsa-miR-124-3p	NM_000696	91.37917
hsa-miR-124-3p	NM_001290255	89.1272820832
hsa-miR-124-3p	NM_033285	60.497871337
hsa-miR-124-3p	NM_001282534	54.9177
hsa-miR-124-3p	NM_001137675	73.3955
hsa-miR-124-3p	NM_001286211	57.4196
hsa-miR-124-3p	NM_001109977	51.3209
hsa-miR-124-3p	NM_022171	61.889
hsa-miR-124-3p	NM_000462	85.9568887375
hsa-miR-124-3p	NM_022787	69.2097399863
hsa-miR-124-3p	NM_183235	82.3817457204233
hsa-miR-124-3p	NM_001258295	65.4921340438
hsa-miR-124-3p	NM_001198549	60.7145
hsa-miR-124-3p	NM_144624	59.1141
hsa-miR-124-3p	NM_001319303	64.2037
hsa-miR-124-3p	NM_152451	93.94629
hsa-miR-124-3p	NM_001202543	86.1717628980501
hsa-miR-124-3p	NM_001184705	86.3766
hsa-miR-124-3p	NM_001013649	93.7322788883912
hsa-miR-124-3p	NM_015174	77.384
hsa-miR-124-3p	NM_001267036	58.8045
hsa-miR-124-3p	NM_001085462	92.3488849768
hsa-miR-124-3p	NM_015033	83.8194
hsa-miR-124-3p	NM_176786	90.20765
hsa-miR-124-3p	NM_177972	91.938030276
hsa-miR-124-3p	NM_172105	96.2555945654
hsa-miR-124-3p	NM_001291920	82.9611827248
hsa-miR-124-3p	NM_001195072	72.5504
hsa-miR-124-3p	NM_001144990	55.3424
hsa-miR-124-3p	NM_001145468	61.5827
hsa-miR-124-3p	NM_001042705	50.5078
hsa-miR-124-3p	NM_002742	72.7268674843
hsa-miR-124-3p	NM_020179	88.697
hsa-miR-124-3p	NM_005488	59.1485
hsa-miR-124-3p	NM_001190807	72.2983
hsa-miR-124-3p	NM_004475	98.8676525091753
hsa-miR-124-3p	NM_001085468	92.3488849768
hsa-miR-124-3p	NM_001278741	53.6604287999
hsa-miR-124-3p	NM_000445	86.9849576188
hsa-miR-124-3p	NM_001256568	95.8453907602
hsa-miR-124-3p	NM_001122659	66.3607
hsa-miR-124-3p	NM_001322230	76.9404
hsa-miR-124-3p	NM_001164479	60.3761061442
hsa-miR-124-3p	NM_033200	75.8019
hsa-miR-124-3p	NM_001135644	70.1891
hsa-miR-124-3p	NM_032116	52.2344121438313
hsa-miR-124-3p	NM_000018	80.9184
hsa-miR-124-3p	NM_006626	79.749227548
hsa-miR-124-3p	NM_001193313	63.4307
hsa-miR-124-3p	NM_001204318	62.2212
hsa-miR-124-3p	NM_001286812	76.3270155444101
hsa-miR-124-3p	NM_001170703	73.9093832335
hsa-miR-124-3p	NM_001321499	92.116282228
hsa-miR-124-3p	NM_001145138	94.85577
hsa-miR-124-3p	NM_178549	72.5384301268598
hsa-miR-124-3p	NM_001143941	94.29067
hsa-miR-124-3p	NM_001160364	98.6701608791623
hsa-miR-124-3p	NM_001304837	57.8371483965687
hsa-miR-124-3p	NM_024528	70.1174
hsa-miR-124-3p	NM_199072	54.4191506056152
hsa-miR-124-3p	NM_014757	61.9288
hsa-miR-124-3p	NM_001261829	80.4108876814
hsa-miR-124-3p	NM_181425	52.7304755824
hsa-miR-124-3p	NM_001002266	66.0885188104
hsa-miR-124-3p	NM_018441	86.6157321472
hsa-miR-124-3p	NM_024847	98.6701608791623
hsa-miR-124-3p	NM_014585	64.5574
hsa-miR-124-3p	NM_001204176	90.73239
hsa-miR-124-3p	NM_001267046	84.3272468704
hsa-miR-124-3p	NM_052964	50
hsa-miR-124-3p	NM_001321267	74.3458679896
hsa-miR-124-3p	NM_194356	76.8109
hsa-miR-124-3p	NM_001278310	51.1256
hsa-miR-124-3p	NM_001199140	72.8733
hsa-miR-124-3p	NM_001321510	93.5266123688
hsa-miR-124-3p	NM_002895	89.6121942288
hsa-miR-124-3p	NM_001319655	73.49676256
hsa-miR-124-3p	NM_015459	78.2190070765952
hsa-miR-124-3p	NM_024657	89.9816
hsa-miR-124-3p	NM_014112	53.9408517101
hsa-miR-124-3p	NM_001319115	62.6954
hsa-miR-124-3p	NM_001146261	81.027182608
hsa-miR-124-3p	NM_001007527	71.0161
hsa-miR-124-3p	NM_001142292	88.4053201797239
hsa-miR-124-3p	NM_138714	57.2303443488999
hsa-miR-124-3p	NM_138723	76.0633
hsa-miR-124-3p	NM_001304527	82.6494
hsa-miR-124-3p	NM_001134408	54.8061
hsa-miR-124-3p	NM_001042574	98.51241550473
hsa-miR-124-3p	NM_001040181	63.0539
hsa-miR-124-3p	NM_001136232	61.9988
hsa-miR-124-3p	NM_001024948	65.7607738432
hsa-miR-124-3p	NM_001042576	71.6291
hsa-miR-124-3p	NM_021116	75.9527473810862
hsa-miR-124-3p	NM_002649	53.7075399476894
hsa-miR-124-3p	NM_005596	66.9318772536
hsa-miR-124-3p	NM_001297551	79.5403
hsa-miR-124-3p	NM_181352	96.01260064889
hsa-miR-124-3p	NM_021007	58.9011
hsa-miR-124-3p	NM_001282787	67.3955207108
hsa-miR-124-3p	NM_001256740	62.5621
hsa-miR-124-3p	NM_175884	68.212
hsa-miR-124-3p	NM_006289	86.3666
hsa-miR-124-3p	NM_001207065	92.97432631822
hsa-miR-124-3p	NM_017686	93.0507024798621
hsa-miR-124-3p	NM_007359	59.158795264
hsa-miR-124-3p	NM_001243752	51.1941
hsa-miR-124-3p	NM_002524	78.5049
hsa-miR-124-3p	NM_001287437	92.430441416
hsa-miR-124-3p	NM_001243759	92.90258
hsa-miR-124-3p	NM_173566	77.6170363288
hsa-miR-124-3p	NM_024944	90.73239
hsa-miR-124-3p	NM_001845	94.88617642577
hsa-miR-124-3p	NM_018179	96.01260064889
hsa-miR-124-3p	NM_170712	68.8678
hsa-miR-124-3p	NM_052885	84.2436
hsa-miR-124-3p	NM_001315	84.341
hsa-miR-124-3p	NM_002206	74.1457
hsa-miR-124-3p	NM_016052	70.6527124871
hsa-miR-124-3p	NM_001113347	88.1072
hsa-miR-124-3p	NM_001009959	74.7590782286
hsa-miR-124-3p	NM_004023	69.4444
hsa-miR-124-3p	NM_178123	90.8324317345
hsa-miR-124-3p	NM_001256428	81.5907860299426
hsa-miR-124-3p	NM_001005360	66.6407
hsa-miR-124-3p	NM_183001	90.99415
hsa-miR-124-3p	NM_001300845	78.7742
hsa-miR-124-3p	NM_198353	88.4763
hsa-miR-124-3p	NM_001201480	63.7189
hsa-miR-124-3p	NM_001042533	80.4108876814
hsa-miR-124-3p	NM_001199039	95.2982947038
hsa-miR-124-3p	NM_001320342	57.8979
hsa-miR-124-3p	NM_001282666	97.6984148801422
hsa-miR-124-3p	NM_001099666	65.0569229329801
hsa-miR-124-3p	NM_001145335	73.5914
hsa-miR-124-3p	NM_024632	59.349155690233
hsa-miR-124-3p	NM_001042521	54.2337400123
hsa-miR-124-3p	NM_004706	55.2648
hsa-miR-124-3p	NM_006933	72.9419585178
hsa-miR-124-3p	NM_001204180	66.1669
hsa-miR-124-3p	NM_001122826	75.0657797629681
hsa-miR-124-3p	NM_178865	95.2982947038
hsa-miR-124-3p	NM_001255983	61.0855
hsa-miR-124-3p	NM_012325	69.2088
hsa-miR-124-3p	NM_020728	84.2616
hsa-miR-124-3p	NM_001167738	76.425648562
hsa-miR-124-3p	NM_001316676	57.1809
hsa-miR-124-3p	NM_001317814	80.160510319918
hsa-miR-124-3p	NM_001287587	98.6948868345375
hsa-miR-124-3p	NM_001164746	85.7473
hsa-miR-124-3p	NM_001320831	63.8076
hsa-miR-124-3p	NM_004124	91.08135
hsa-miR-124-3p	NM_080645	60.2177922704692
hsa-miR-124-3p	NM_001184960	60.2092
hsa-miR-124-3p	NM_001100166	89.7699307522
hsa-miR-124-3p	NM_001288955	91.9760375756447
hsa-miR-124-3p	NM_001166693	73.6242470703773
hsa-miR-124-3p	NM_001271703	50.8308
hsa-miR-124-3p	NM_181787	58.22
hsa-miR-124-3p	NM_145803	66.7766908595475
hsa-miR-124-3p	NM_001252148	83.9375284358332
hsa-miR-124-3p	NM_020673	86.4518
hsa-miR-124-3p	NM_001002909	93.81833
hsa-miR-124-3p	NM_001320687	50
hsa-miR-124-3p	NM_005151	90.3146253025
hsa-miR-124-3p	NM_007271	71.4646
hsa-miR-124-3p	NM_001113491	82.1991
hsa-miR-124-3p	NM_021012	63.1586
hsa-miR-124-3p	NM_000254	70.6403
hsa-miR-124-3p	NM_197941	56.9512894934352
hsa-miR-124-3p	NM_001291860	58.0714
hsa-miR-124-3p	NM_031432	53.2744
hsa-miR-124-3p	NM_003909	89.8627594229
hsa-miR-124-3p	NM_020376	87.5173
hsa-miR-124-3p	NM_001278613	71.3345
hsa-miR-124-3p	NM_014991	80.0387
hsa-miR-124-3p	NM_001278163	90.63733
hsa-miR-124-3p	NM_013309	78.3181976309492
hsa-miR-124-3p	NM_001114120	67.1125457602
hsa-miR-124-3p	NM_001113498	79.378
hsa-miR-124-3p	NM_005943	65.3975
hsa-miR-124-3p	NM_005312	69.6223
hsa-miR-124-3p	NM_001304506	86.2660227249522
hsa-miR-124-3p	NM_014721	89.7699307522
hsa-miR-124-3p	NM_001304345	74.7590782286
hsa-miR-124-3p	NM_005803	53.7495
hsa-miR-124-3p	NM_017902	80.0833179025
hsa-miR-124-3p	NM_004093	52.2407599273
hsa-miR-124-3p	NM_000641	75.7392
hsa-miR-124-3p	NM_001204300	50
hsa-miR-124-3p	NM_133344	91.31426
hsa-miR-124-3p	NM_001286433	60.631
hsa-miR-124-3p	NM_006256	60.9241
hsa-miR-124-3p	NM_001164548	63.9686889749
hsa-miR-124-3p	NM_001243892	61.031955163
hsa-miR-124-3p	NM_130392	77.7305
hsa-miR-124-3p	NM_001206651	70.006368088
hsa-miR-124-3p	NM_003316	57.2495
hsa-miR-124-3p	NM_001136050	76.0307248109
hsa-miR-124-3p	NM_001284423	89.5175225538
hsa-miR-124-3p	NM_139167	62.5251
hsa-miR-124-3p	NM_001136177	54.0505904702
hsa-miR-124-3p	NM_001321509	93.5266123688
hsa-miR-124-3p	NM_173582	77.9716
hsa-miR-124-3p	NM_001142403	97.51720991649
hsa-miR-124-3p	NM_001876	95.6162150027128
hsa-miR-124-3p	NM_001184935	71.7804
hsa-miR-124-3p	NM_032491	90.743169132079
hsa-miR-124-3p	NM_001319109	62.6954
hsa-miR-124-3p	NM_001321502	92.0297782702
hsa-miR-124-3p	NM_001079533	66.1977
hsa-miR-124-3p	NM_001017424	92.22257
hsa-miR-124-3p	NM_138385	75.9973553587
hsa-miR-124-3p	NM_001193331	52.9664
hsa-miR-124-3p	NM_001130963	81.8588664065
hsa-miR-124-3p	NM_002875	60.3331
hsa-miR-124-3p	NM_001098790	53.4107
hsa-miR-124-3p	NM_001964	80.7735
hsa-miR-124-3p	NM_005398	62.628
hsa-miR-124-3p	NM_018290	86.3811
hsa-miR-124-3p	NM_001282209	79.6066
hsa-miR-124-3p	NM_001243774	62.0941
hsa-miR-124-3p	NM_001029998	90.85222
hsa-miR-124-3p	NM_001267557	93.8684
hsa-miR-124-3p	NM_014844	59.1236
hsa-miR-124-3p	NM_001166167	68.3779496082
hsa-miR-124-3p	NM_001243076	60.7629
hsa-miR-124-3p	NM_001300990	94.8356485
hsa-miR-124-3p	NM_001017416	68.1636
hsa-miR-124-3p	NM_153260	92.42856
hsa-miR-124-3p	NM_001195215	98.0334626343459
hsa-miR-124-3p	NM_153355	52.5568
hsa-miR-124-3p	NM_001162501	76.6483401745927
hsa-miR-124-3p	NM_018706	54.9497
hsa-miR-124-3p	NM_006722	79.0484532859
hsa-miR-124-3p	NM_003468	75.7127
hsa-miR-124-3p	NM_006373	97.12609152916
hsa-miR-124-3p	NM_001003675	50
hsa-miR-124-3p	NM_001146627	90.664888294
hsa-miR-124-3p	NM_199351	80.7463
hsa-miR-124-3p	NM_018565	95.2982947038
hsa-miR-124-3p	NM_001252338	84.9129275305
hsa-miR-124-3p	NM_144582	84.9188019212
hsa-miR-124-3p	NM_003029	96.13863
hsa-miR-124-3p	NM_001161630	71.0365
hsa-miR-124-3p	NM_001286561	52.8397
hsa-miR-124-3p	NM_001322351	62.3640706456609
hsa-miR-124-3p	NM_001287433	58.5831
hsa-miR-124-3p	NM_201383	67.0186306687
hsa-miR-124-3p	NM_001105077	73.9443
hsa-miR-124-3p	NM_001288962	66.3372
hsa-miR-124-3p	NM_001317089	68.7464
hsa-miR-124-3p	NM_001278743	53.6604287999
hsa-miR-124-3p	NM_032423	51.0725478334
hsa-miR-124-3p	NM_004010	69.3164
hsa-miR-124-3p	NM_001207055	60.396
hsa-miR-124-3p	NM_001281723	61.6703
hsa-miR-124-3p	NM_001145261	55.9431
hsa-miR-124-3p	NM_001308106	60.0773
hsa-miR-124-3p	NM_001146032	91.10164
hsa-miR-124-3p	NM_016612	80.160510319918
hsa-miR-124-3p	NM_006016	96.8478265651
hsa-miR-124-3p	NM_006763	78.175
hsa-miR-124-3p	NM_003098	87.7512
hsa-miR-124-3p	NM_014913	88.6411
hsa-miR-124-3p	NM_005587	87.6884
hsa-miR-124-3p	NM_001297577	65.4508820833
hsa-miR-124-3p	NM_024896	87.5159026176
hsa-miR-124-3p	NM_198580	77.1092
hsa-miR-124-3p	NM_001136473	82.5611763934
hsa-miR-124-3p	NM_016019	58.3893
hsa-miR-124-3p	NM_032949	84.6734
hsa-miR-124-3p	NM_053064	62.0941
hsa-miR-124-3p	NM_001261450	53.2744
hsa-miR-124-3p	NM_001270448	61.7866
hsa-miR-124-3p	NM_203349	69.4441
hsa-miR-124-3p	NM_152998	50
hsa-miR-124-3p	NM_016952	91.672141258
hsa-miR-124-3p	NM_004034	68.438
hsa-miR-124-3p	NM_001317183	51.3918
hsa-miR-124-3p	NM_001206838	84.9374
hsa-miR-124-3p	NM_001283012	64.704
hsa-miR-124-3p	NM_004987	66.5873837552
hsa-miR-124-3p	NM_001206627	89.3203
hsa-miR-124-3p	NM_199235	61.0855
hsa-miR-124-3p	NM_017940	57.3922
hsa-miR-124-3p	NM_001324092	59.3952
hsa-miR-124-3p	NM_001297742	70.1274
hsa-miR-124-3p	NM_005840	61.5575209723
hsa-miR-124-3p	NM_001205319	66.9653
hsa-miR-124-3p	NM_005118	87.0975485987
hsa-miR-124-3p	NM_001040114	85.3517
hsa-miR-124-3p	NM_004937	74.5877
hsa-miR-124-3p	NM_001320700	50
hsa-miR-124-3p	NM_003931	77.5856
hsa-miR-124-3p	NM_001194998	54.9042
hsa-miR-124-3p	NM_001193484	66.5873837552
hsa-miR-124-3p	NM_018361	73.2066037528
hsa-miR-124-3p	NM_004789	75.8548
hsa-miR-124-3p	NM_024551	50
hsa-miR-124-3p	NM_019114	74.4039849696
hsa-miR-124-3p	NM_133339	91.31426
hsa-miR-124-3p	NM_001286781	97.89290425624
hsa-miR-124-3p	NM_001142299	59.6484
hsa-miR-124-3p	NM_012434	95.5669154128
hsa-miR-124-3p	NM_001319141	78.5009
hsa-miR-124-3p	NM_018447	71.4913
hsa-miR-124-3p	NM_201629	66.1753
hsa-miR-124-3p	NM_001085459	92.3488849768
hsa-miR-124-3p	NM_001184992	91.30669
hsa-miR-124-3p	NM_014824	92.3705
hsa-miR-124-3p	NM_012264	72.5504
hsa-miR-124-3p	NM_001199260	80.0719
hsa-miR-124-3p	NM_174934	51.48
hsa-miR-124-3p	NM_153226	85.191
hsa-miR-124-3p	NM_001321176	50
hsa-miR-124-3p	NM_001104631	75.9958
hsa-miR-124-3p	NM_001256416	57.4133
hsa-miR-124-3p	NM_002048	76.1495027104
hsa-miR-124-3p	NM_001143676	94.26682
hsa-miR-124-3p	NM_018214	98.95648855388
hsa-miR-124-3p	NM_018053	51.7236
hsa-miR-124-3p	NM_001308248	94.116660526
hsa-miR-124-3p	NM_001031738	82.3155
hsa-miR-124-3p	NM_005186	73.55590066
hsa-miR-124-3p	NM_021110	79.8194
hsa-miR-124-3p	NM_022166	93.49906389015
hsa-miR-124-3p	NM_178815	85.0334
hsa-miR-124-3p	NM_004017	69.3164
hsa-miR-124-3p	NM_001201329	94.7343244505883
hsa-miR-124-3p	NM_001024666	84.3625
hsa-miR-124-3p	NM_003330	51.8778020905
hsa-miR-124-3p	NM_001070	73.8424
hsa-miR-124-3p	NM_001135954	52.7995
hsa-miR-124-3p	NM_001206916	57.4236
hsa-miR-124-3p	NM_001242618	63.0988
hsa-miR-124-3p	NM_001008393	68.0389
hsa-miR-124-3p	NM_001185078	58.6695
hsa-miR-124-3p	NM_001303037	67.9474
hsa-miR-124-3p	NM_001171894	87.6884
hsa-miR-124-3p	NM_023010	77.5448
hsa-miR-124-3p	NM_001258297	65.4921340438
hsa-miR-124-3p	NM_006858	91.98119
hsa-miR-124-3p	NM_001282494	72.7587
hsa-miR-124-3p	NM_001166271	60.728
hsa-miR-124-3p	NM_001160130	77.8836
hsa-miR-124-3p	NM_182715	62.278508335
hsa-miR-124-3p	NM_198514	75.4375
hsa-miR-124-3p	NM_001258245	57.0216764806
hsa-miR-124-3p	NM_172058	60.5775
hsa-miR-124-3p	NM_001267708	75.7169947717
hsa-miR-124-3p	NM_001039960	53.9903
hsa-miR-124-3p	NM_001322237	76.9404
hsa-miR-124-3p	NM_001160125	85.9604
hsa-miR-124-3p	NM_001199157	76.9884
hsa-miR-124-3p	NM_014838	81.2157
hsa-miR-124-3p	NM_001322235	76.9404
hsa-miR-124-3p	NM_015493	73.1175
hsa-miR-124-3p	NM_001168344	66.8789
hsa-miR-124-3p	NM_001135670	74.4414
hsa-miR-124-3p	NM_001171110	55.212262786
hsa-miR-124-3p	NM_001243732	85.51650405
hsa-miR-124-3p	NM_001322818	88.0612636864
hsa-miR-124-3p	NM_001278503	95.67650751683
hsa-miR-124-3p	NM_133341	91.31426
hsa-miR-124-3p	NM_032104	65.8239719296455
hsa-miR-124-3p	NM_173808	69.5200326404
hsa-miR-124-3p	NM_001085466	92.3488849768
hsa-miR-124-3p	NM_001037814	53.0259
hsa-miR-124-3p	NM_205860	66.0492870272
hsa-miR-124-3p	NM_173601	87.2020640587635
hsa-miR-124-3p	NM_001136265	92.90756832576
hsa-miR-124-3p	NM_001278275	63.2287
hsa-miR-124-3p	NM_001015053	52.167069478
hsa-miR-124-3p	NM_194463	87.366
hsa-miR-124-3p	NM_006497	63.8164
hsa-miR-124-3p	NM_152858	75.6552
hsa-miR-124-3p	NM_003038	55.9959
hsa-miR-124-3p	NM_001100122	95.16271147414
hsa-miR-124-3p	NM_198194	83.1819
hsa-miR-124-3p	NM_004072	62.7447
hsa-miR-124-3p	NM_001323625	50
hsa-miR-124-3p	NM_001303511	94.8182404713
hsa-miR-124-3p	NM_001043318	61.2629
hsa-miR-124-3p	NM_001252151	58.2784309948089
hsa-miR-124-3p	NM_177974	52.5377565967
hsa-miR-124-3p	NM_022845	66.0016100153
hsa-miR-124-3p	NM_001271776	58.3435592994
hsa-miR-124-3p	NM_133486	89.612412292
hsa-miR-124-3p	NM_001167740	54.1921
hsa-miR-124-3p	NM_033656	76.2786584713
hsa-miR-124-3p	NM_031892	60.2092
hsa-miR-124-3p	NM_001286435	86.3742
hsa-miR-124-3p	NM_014810	58.0345
hsa-miR-124-3p	NM_001322227	76.9404
hsa-miR-124-3p	NM_001160168	59.9333812408
hsa-miR-124-3p	NM_006703	63.3184
hsa-miR-124-3p	NM_175902	88.5914
hsa-miR-124-3p	NM_001197100	50.5078
hsa-miR-124-3p	NM_017423	56.7793
hsa-miR-124-3p	NM_000503	81.8653
hsa-miR-124-3p	NM_004862	52.7273730705
hsa-miR-124-3p	NM_003247	82.1617
hsa-miR-124-3p	NM_152558	64.343232944
hsa-miR-124-3p	NM_138318	91.9541656604
hsa-miR-124-3p	NM_032772	87.0911
hsa-miR-124-3p	NM_001131063	59.349155690233
hsa-miR-124-3p	NM_006410	83.9178
hsa-miR-124-3p	NM_001122670	86.8776
hsa-miR-124-3p	NM_152293	84.7228
hsa-miR-124-3p	NM_175842	70.1317
hsa-miR-124-3p	NM_000060	61.6703
hsa-miR-124-3p	NM_001980	53.9818
hsa-miR-124-3p	NM_001318333	50
hsa-miR-124-3p	NM_001305629	57.9965
hsa-miR-124-3p	NM_001287513	50
hsa-miR-124-3p	NM_017429	68.2812
hsa-miR-124-3p	NM_006117	91.72479
hsa-miR-124-3p	NM_013276	52.7248858072
hsa-miR-124-3p	NM_030576	70.2269
hsa-miR-124-3p	NM_001306075	69.6647
hsa-miR-124-3p	NM_001314007	78.0930206633
hsa-miR-124-3p	NM_001098845	50.8308
hsa-miR-124-3p	NM_002645	94.6873272618607
hsa-miR-124-3p	NM_001316944	97.19085
hsa-miR-124-3p	NM_001040285	51.6254715136
hsa-miR-124-3p	NM_022833	78.6869737424
hsa-miR-124-3p	NM_198158	79.0484532859
hsa-miR-124-3p	NM_024700	85.3246
hsa-miR-124-3p	NM_000252	96.61478
hsa-miR-124-3p	NM_004670	87.6468
hsa-miR-124-3p	NM_001042476	68.4197
hsa-miR-124-3p	NM_002747	71.391
hsa-miR-124-3p	NM_173824	69.507
hsa-miR-124-3p	NM_024642	65.7906
hsa-miR-124-3p	NM_006838	51.3918
hsa-miR-124-3p	NM_001872	70.1187
hsa-miR-124-3p	NM_004431	65.1628
hsa-miR-124-3p	NM_001143820	87.4821543088
hsa-miR-124-3p	NM_001145206	85.8976145439059
hsa-miR-124-3p	NM_017526	57.2876193468
hsa-miR-124-3p	NM_003765	76.9795
hsa-miR-124-3p	NM_001040214	76.4071
hsa-miR-124-3p	NM_001278141	75.327
hsa-miR-124-3p	NM_004719	84.4176
hsa-miR-124-3p	NM_020791	67.8806
hsa-miR-124-3p	NM_139012	84.341
hsa-miR-124-3p	NM_004006	69.3164
hsa-miR-124-3p	NM_004370	60.2177922704692
hsa-miR-124-3p	NM_001172436	58.7008
hsa-miR-124-3p	NM_021961	95.0738384986698
hsa-miR-124-3p	NM_001146106	63.3087695520482
hsa-miR-124-3p	NM_003432	72.2384
hsa-miR-124-3p	NM_001270726	63.1932
hsa-miR-124-3p	NM_001243894	61.031955163
hsa-miR-124-3p	NM_004274	74.6178
hsa-miR-124-3p	NM_175839	70.1317
hsa-miR-124-3p	NM_019605	87.1123
hsa-miR-124-3p	NM_000168	93.67882
hsa-miR-124-3p	NM_001286822	71.664
hsa-miR-124-3p	NM_003051	95.7053
hsa-miR-124-3p	NM_004992	64.7546
hsa-miR-124-3p	NM_001321922	73.6216102715
hsa-miR-124-3p	NM_001282750	90.73189
hsa-miR-124-3p	NM_001321333	53.1208
hsa-miR-124-3p	NM_001718	97.1969135194
hsa-miR-124-3p	NM_001304943	79.6398
hsa-miR-124-3p	NM_015278	74.1354662678275
hsa-miR-124-3p	NM_016297	74.5272
hsa-miR-124-3p	NM_032458	78.7487515625
hsa-miR-124-3p	NM_001303538	54.1172
hsa-miR-124-3p	NM_001166060	86.3146
hsa-miR-124-3p	NM_004620	66.7766908595475
hsa-miR-124-3p	NM_148178	65.4116
hsa-miR-124-3p	NM_172387	97.3033180775981
hsa-miR-124-3p	NM_001166010	95.64556
hsa-miR-124-3p	NM_001286842	88.94047334236
hsa-miR-124-3p	NM_001300989	94.8356485
hsa-miR-124-3p	NM_001206884	92.3488849768
hsa-miR-124-3p	NM_001286509	91.30179
hsa-miR-124-3p	NM_007325	90.11358
hsa-miR-124-3p	NM_173638	70.5885
hsa-miR-124-3p	NM_207325	53.7834
hsa-miR-124-3p	NM_001286793	60.728
hsa-miR-124-3p	NM_001170701	73.9093832335
hsa-miR-124-3p	NM_006862	62.7148
hsa-miR-124-3p	NM_001015880	91.95924
hsa-miR-124-3p	NM_001320263	75.5259
hsa-miR-124-3p	NM_001190411	58.1032
hsa-miR-124-3p	NM_001085460	92.3488849768
hsa-miR-124-3p	NM_145214	50.8146
hsa-miR-124-3p	NM_014587	92.58336
hsa-miR-124-3p	NM_001177664	87.0276703622
hsa-miR-124-3p	NM_001322347	62.3640706456609
hsa-miR-124-3p	NM_013281	86.2821
hsa-miR-124-3p	NM_181359	92.45579961134
hsa-miR-124-3p	NM_001204175	90.73239
hsa-miR-124-3p	NM_001081955	82.267
hsa-miR-124-3p	NM_001323354	57.1809
hsa-miR-124-3p	NM_001195234	84.9627
hsa-miR-124-3p	NM_001323357	57.1809
hsa-miR-124-3p	NM_022060	70.1718
hsa-miR-124-3p	NM_005009	60.631
hsa-miR-124-3p	NM_001105243	72.6154
hsa-miR-124-3p	NM_138316	68.7729
hsa-miR-124-3p	NM_001193482	85.575824416
hsa-miR-124-3p	NM_001258243	57.0216764806
hsa-miR-124-3p	NM_000949	89.6822475484491
hsa-miR-124-3p	NM_001843	70.56
hsa-miR-124-3p	NM_002976	73.5431057278
hsa-miR-124-3p	NM_182760	75.0099
hsa-miR-124-3p	NM_001105522	88.3706
hsa-miR-124-3p	NM_001304942	79.6398
hsa-miR-124-3p	NM_001080467	77.4061602238
hsa-miR-124-3p	NM_020358	84.9627
hsa-miR-124-3p	NM_001284424	60.8493021715
hsa-miR-124-3p	NM_013232	93.8684
hsa-miR-124-3p	NM_001206971	73.9820649009233
hsa-miR-124-3p	NM_032321	54.2337400123
hsa-miR-124-3p	NM_016542	79.3116
hsa-miR-124-3p	NM_015156	86.0965678885
hsa-miR-124-3p	NM_001286711	76.444109312
hsa-miR-124-3p	NM_001185118	64.2827
hsa-miR-124-3p	NM_033104	87.2005930664
hsa-miR-124-3p	NM_001199865	51.2767
hsa-miR-124-3p	NM_130839	53.9242150642
hsa-miR-124-3p	NM_183393	73.9704
hsa-miR-124-3p	NM_003300	65.110040056
hsa-miR-124-3p	NM_000824	86.3146
hsa-miR-124-3p	NM_001006946	65.3343
hsa-miR-124-3p	NM_152330	84.3272468704
hsa-miR-124-3p	NM_025163	53.654
hsa-miR-124-3p	NM_001144943	94.10871
hsa-miR-124-3p	NM_001001664	98.9678091217924
hsa-miR-124-3p	NM_001040200	63.0539
hsa-miR-124-3p	NM_001206890	92.3488849768
hsa-miR-124-3p	NM_006924	66.5836045406
hsa-miR-124-3p	NM_001304445	74.6007493508
hsa-miR-124-3p	NM_001142641	78.6386
hsa-miR-124-3p	NM_173683	83.0203
hsa-miR-124-3p	NM_001099280	72.8104
hsa-miR-124-3p	NM_001018100	96.41437
hsa-miR-124-3p	NM_006901	74.8652
hsa-miR-124-3p	NM_001203249	50
hsa-miR-124-3p	NM_014263	83.6843
hsa-miR-124-3p	NM_001002919	77.7206
hsa-miR-124-3p	NM_001282862	83.1095
hsa-miR-124-3p	NM_001177591	68.699
hsa-miR-124-3p	NM_001318477	69.2014
hsa-miR-124-3p	NM_001163147	56.3639
hsa-miR-124-3p	NM_144563	80.5597926706
hsa-miR-124-3p	NM_145021	66.0885188104
hsa-miR-124-3p	NM_213662	78.3517
hsa-miR-124-3p	NM_001243985	93.38113
hsa-miR-124-3p	NM_018237	50
hsa-miR-124-3p	NM_152663	82.3296780538017
hsa-miR-124-3p	NM_199361	61.031955163
hsa-miR-124-3p	NM_016565	68.5419
hsa-miR-124-3p	NM_017925	57.8283
hsa-miR-124-3p	NM_001145278	82.8201
hsa-miR-124-3p	NM_001001330	60.8228
hsa-miR-124-3p	NM_001282917	50
hsa-miR-124-3p	NM_001271507	97.06219898736
hsa-miR-124-3p	NM_001318875	81.0784
hsa-miR-124-3p	NM_001324094	59.3952
hsa-miR-124-3p	NM_000049	96.7007951808
hsa-miR-124-3p	NM_001323090	72.8408
hsa-miR-124-3p	NM_001255985	61.0855
hsa-miR-124-3p	NM_012388	70.3852
hsa-miR-124-3p	NM_033387	83.0718
hsa-miR-124-3p	NM_001202233	86.3826
hsa-miR-124-3p	NM_001013439	53.0751123974
hsa-miR-124-3p	NM_001113178	83.6397536373215
hsa-miR-124-3p	NM_080617	59.6124
hsa-miR-124-3p	NM_001083620	73.0715
hsa-miR-124-3p	NM_006420	89.9174
hsa-miR-124-3p	NM_001178140	83.7563786627599
hsa-miR-124-3p	NM_002668	92.89404
hsa-miR-124-3p	NM_001004722	67.194
hsa-miR-124-3p	NM_001278232	52.0391
hsa-miR-124-3p	NM_001134658	95.73759
hsa-miR-124-3p	NM_006283	58.5874
hsa-miR-124-3p	NM_024098	82.145
hsa-miR-124-3p	NM_001076786	98.7952851637372
hsa-miR-124-3p	NM_001184966	87.0494
hsa-miR-124-3p	NM_198252	73.0655
hsa-miR-124-3p	NM_001323281	89.6121942288
hsa-miR-124-3p	NM_001323033	63.1857158425
hsa-miR-124-3p	NM_001320238	92.68993
hsa-miR-124-3p	NM_001001420	90.5819242958544
hsa-miR-124-3p	NM_004831	81.8008
hsa-miR-124-3p	NM_001127662	73.0655
hsa-miR-124-3p	NM_001145425	50.9217
hsa-miR-124-3p	NM_005734	90.63733
hsa-miR-124-3p	NM_001308256	76.3792
hsa-miR-124-3p	NM_006258	75.1758
hsa-miR-124-3p	NM_001270732	84.6507
hsa-miR-124-3p	NM_001321507	92.116282228
hsa-miR-124-3p	NM_012214	81.1145
hsa-miR-124-3p	NM_001321740	50
hsa-miR-124-3p	NM_000075	61.9049
hsa-miR-124-3p	NM_017762	86.7095
hsa-miR-124-3p	NM_001282712	90.67676
hsa-miR-124-3p	NM_001128427	90.14584
hsa-miR-124-3p	NM_001243773	83.2536
hsa-miR-124-3p	NM_002633	76.4354
hsa-miR-124-3p	NM_004898	55.6405318484
hsa-miR-124-3p	NM_002336	51.4312
hsa-miR-124-3p	NM_000270	54.8889039172
hsa-miR-124-3p	NM_005465	87.62333515
hsa-miR-124-3p	NM_001083	59.2271
hsa-miR-124-3p	NM_001278408	90.80078
hsa-miR-124-3p	NM_005766	85.9734
hsa-miR-124-3p	NM_014988	78.9728520265
hsa-miR-124-3p	NM_001297749	68.9245190756
hsa-miR-124-3p	NM_020774	90.2910173446
hsa-miR-124-3p	NM_001312656	51.8816
hsa-miR-124-3p	NM_003387	75.8311
hsa-miR-124-3p	NM_001839	50
hsa-miR-124-3p	NM_001037283	97.16612
hsa-miR-124-3p	NM_001278669	97.3033180775981
hsa-miR-124-3p	NM_133264	91.2400718685
hsa-miR-124-3p	NM_020711	74.7590782286
hsa-miR-124-3p	NM_170707	66.465
hsa-miR-124-3p	NM_001278924	50.8308
hsa-miR-124-3p	NM_000826	88.5979
hsa-miR-124-3p	NM_001321163	74.2500227059694
hsa-miR-124-3p	NM_003900	59.6484
hsa-miR-124-3p	NM_001323355	57.1809
hsa-miR-124-3p	NM_001199777	81.276
hsa-miR-124-3p	NM_001304531	82.6494
hsa-miR-124-3p	NM_018100	51.3781
hsa-miR-124-3p	NM_001278672	97.3033180775981
hsa-miR-124-3p	NM_001282669	73.357
hsa-miR-124-3p	NM_001142349	51.48
hsa-miR-124-3p	NM_001143828	58.2632
hsa-miR-124-3p	NM_001040446	56.3464
hsa-miR-124-3p	NM_006252	79.4722336015
hsa-miR-124-3p	NM_001033518	54.9981
hsa-miR-124-3p	NM_024067	59.366
hsa-miR-124-3p	NM_001166169	68.3779496082
hsa-miR-124-3p	NM_182742	51.8778020905
hsa-miR-124-3p	NM_001323916	63.8378
hsa-miR-124-3p	NM_012233	88.1608
hsa-miR-124-3p	NM_001286520	72.7501
hsa-miR-124-3p	NM_001145373	72.3133
hsa-miR-124-3p	NM_001278231	52.0391
hsa-miR-124-3p	NM_001042475	92.05041
hsa-miR-124-3p	NM_000176	55.8546207076
hsa-miR-124-3p	NM_004998	84.7396
hsa-miR-124-3p	NM_198269	75.6363811999
hsa-miR-124-3p	NM_080627	80.217415252
hsa-miR-124-3p	NM_001048200	90.63733
hsa-miR-124-3p	NM_001134470	78.5419
hsa-miR-124-3p	NM_001184749	91.8892509019717
hsa-miR-124-3p	NM_024667	61.866
hsa-miR-124-3p	NM_199362	61.031955163
hsa-miR-124-3p	NM_022912	68.4676
hsa-miR-124-3p	NM_018196	65.2609
hsa-miR-124-3p	NM_005460	60.0773
hsa-miR-124-3p	NM_001267709	75.7169947717
hsa-miR-124-3p	NM_003502	71.308
hsa-miR-124-3p	NM_007236	93.78347
hsa-miR-124-3p	NM_001144920	68.7797
hsa-miR-124-3p	NM_178140	50
hsa-miR-124-3p	NM_025185	56.6873815564
hsa-miR-124-3p	NM_020854	77.4984
hsa-miR-124-3p	NM_001300780	98.90273126758
hsa-miR-124-3p	NM_001122964	64.1266
hsa-miR-124-3p	NM_031866	73.7702
hsa-miR-124-3p	NM_001078650	93.99399
hsa-miR-124-3p	NM_030766	74.166
hsa-miR-124-3p	NM_001144997	74.1457
hsa-miR-124-3p	NM_001018078	95.7480240918631
hsa-miR-124-3p	NM_022066	79.638157384
hsa-miR-124-3p	NM_001130105	73.5014
hsa-miR-124-3p	NM_017658	65.5938371876
hsa-miR-124-3p	NM_003150	59.7893
hsa-miR-124-3p	NM_001258247	57.0216764806
hsa-miR-124-3p	NM_001031713	83.2328932184
hsa-miR-124-3p	NM_001164544	72.7638004754
hsa-miR-124-3p	NM_001033503	59.6287
hsa-miR-124-3p	NM_001321498	93.7413022072
hsa-miR-124-3p	NM_015412	62.6954
hsa-miR-124-3p	NM_001198869	73.55590066
hsa-miR-124-3p	NM_001324255	70.3718496716
hsa-miR-124-3p	NM_001199038	95.2982947038
hsa-miR-124-3p	NM_017921	55.1251
hsa-miR-124-3p	NM_001037132	68.1555
hsa-miR-124-3p	NM_014938	83.099470662
hsa-miR-124-3p	NM_001321505	93.5266123688
hsa-miR-124-3p	NM_001305456	64.4978
hsa-miR-124-3p	NM_001304763	74.4801
hsa-miR-124-3p	NM_021219	77.0537
hsa-miR-124-3p	NM_001206917	57.4236
hsa-miR-124-3p	NM_001143944	69.8149
hsa-miR-124-3p	NM_020458	91.9760375756447
hsa-miR-124-3p	NM_001271893	93.60497
hsa-miR-124-3p	NM_000891	57.0226
hsa-miR-124-3p	NM_001257363	55.2982
hsa-miR-124-3p	NM_001301856	77.334297392
hsa-miR-124-3p	NM_001282857	52.3284
hsa-miR-124-3p	NM_001278618	75.7058
hsa-miR-124-3p	NM_001297714	55.0595
hsa-miR-124-3p	NM_001261428	68.5372311916
hsa-miR-124-3p	NM_001308178	82.2207169968
hsa-miR-124-3p	NM_001323088	72.8408
hsa-miR-124-3p	NM_001322816	50.1344137945
hsa-miR-124-3p	NM_001286440	60.631
hsa-miR-124-3p	NM_005024	57.4674
hsa-miR-124-3p	NM_001284497	62.8065
hsa-miR-124-3p	NM_001098521	83.9178
hsa-miR-124-3p	NM_001323089	72.8408
hsa-miR-124-3p	NM_172016	66.2896
hsa-miR-124-3p	NM_016433	65.9739
hsa-miR-124-3p	NM_024514	80.363
hsa-miR-124-3p	NM_001025595	58.5831
hsa-miR-124-3p	NM_001287591	98.6948868345375
hsa-miR-124-3p	NM_001242412	52.7835
hsa-miR-124-3p	NM_024613	89.648
hsa-miR-124-3p	NM_153697	84.7886
hsa-miR-124-3p	NM_004235	74.2181335825
hsa-miR-124-3p	NM_001012993	69.27078814
hsa-miR-124-3p	NM_001011513	81.5907860299426
hsa-miR-124-3p	NM_001286794	60.728
hsa-miR-124-3p	NM_002069	63.1608
hsa-miR-124-3p	NM_001040284	65.3423945344
hsa-miR-124-3p	NM_001174151	50.9511
hsa-miR-124-3p	NM_001170794	94.75617260381
hsa-miR-124-3p	NM_024027	61.0855
hsa-miR-124-3p	NM_001166050	86.0493
hsa-miR-124-3p	NM_001136140	66.5757
hsa-miR-124-3p	NM_182540	76.602969226
hsa-miR-124-3p	NM_199320	71.3342669932
hsa-miR-124-3p	NM_001282805	55.2159
hsa-miR-124-3p	NM_005257	87.224609098
hsa-miR-124-3p	NM_001172688	62.2922
hsa-miR-124-3p	NM_001282751	90.73189
hsa-miR-124-3p	NM_004394	50
hsa-miR-124-3p	NM_016131	89.5275
hsa-miR-124-3p	NM_001973	85.6609
hsa-miR-124-3p	NM_015577	75.3353
hsa-miR-124-3p	NM_020639	64.1776910554
hsa-miR-124-3p	NM_005729	88.5454093769
hsa-miR-124-3p	NM_001304834	57.8371483965687
hsa-miR-124-3p	NM_001261446	51.8778020905
hsa-miR-124-3p	NM_206854	85.2306308785137
hsa-miR-124-3p	NM_001184786	62.5236151448
hsa-miR-124-3p	NM_005911	74.2925
hsa-miR-124-3p	NM_002745	60.7316
hsa-miR-124-3p	NM_000387	74.716
hsa-miR-124-3p	NM_018072	87.8596293443
hsa-miR-124-3p	NM_001171025	77.7305
hsa-miR-124-3p	NM_133452	86.8465566739
hsa-miR-124-3p	NM_001258030	73.0655
hsa-miR-124-3p	NM_144578	54.7565
hsa-miR-124-3p	NM_001300884	88.1291109154894
hsa-miR-124-3p	NM_001271610	87.9915
hsa-miR-124-3p	NM_001281303	70.4471
hsa-miR-124-3p	NM_173642	59.8916
hsa-miR-124-3p	NM_001282738	50
hsa-miR-124-3p	NM_001278284	50
hsa-miR-124-3p	NM_001256761	75.8775
hsa-miR-124-3p	NM_173214	57.2303443488999
hsa-miR-124-3p	NM_173560	70.6267
hsa-miR-124-3p	NM_022740	51.333339243
hsa-miR-124-3p	NM_178456	75.0191
hsa-miR-124-3p	NM_024940	52.3177
hsa-miR-124-3p	NM_001270532	76.7101
hsa-miR-124-3p	NM_001193311	63.4307
hsa-miR-124-3p	NM_012464	85.95725823623
hsa-miR-124-3p	NM_032229	97.9390565955
hsa-miR-124-3p	NM_001161576	54.532
hsa-miR-124-3p	NM_012098	64.7332338214
hsa-miR-124-3p	NM_001204317	61.258
hsa-miR-124-3p	NM_001113349	77.5979
hsa-miR-124-3p	NM_015917	54.6239
hsa-miR-124-3p	NM_006482	59.0873
hsa-miR-124-3p	NM_152723	97.17583685625
hsa-miR-124-3p	NM_017987	50.9234
hsa-miR-124-3p	NM_001172712	51.5667
hsa-miR-124-3p	NM_001012279	51.2035629262
hsa-miR-124-3p	NM_024529	56.5684049314
hsa-miR-124-3p	NM_001286055	76.6542
hsa-miR-124-3p	NM_001256425	81.5907860299426
hsa-miR-124-3p	NM_004663	54.9352453976782
hsa-miR-124-3p	NM_001270729	63.1932
hsa-miR-124-3p	NM_001759	79.6477716477
hsa-miR-124-3p	NM_001320478	64.621
hsa-miR-124-3p	NM_002600	77.4121
hsa-miR-124-3p	NM_001323356	57.1809
hsa-miR-124-3p	NM_024539	92.60966
hsa-miR-124-3p	NM_020939	53.7539
hsa-miR-124-3p	NM_145726	65.110040056
hsa-miR-124-3p	NM_001193537	73.7814
hsa-miR-124-3p	NM_014481	71.6429
hsa-miR-124-3p	NM_001083589	59.9718
hsa-miR-124-3p	NM_018992	53.9111
hsa-miR-124-3p	NM_003380	90.54101
hsa-miR-124-3p	NM_001255988	61.0855
hsa-miR-124-3p	NM_001164732	69.7871
hsa-miR-124-3p	NM_001321378	94.6873272618607
hsa-miR-124-3p	NM_005401	96.8694392457472
hsa-miR-124-3p	NM_080838	57.2779
hsa-miR-124-3p	NM_001184967	79.0484532859
hsa-miR-124-3p	NM_031267	71.5546
hsa-miR-124-3p	NM_001112720	78.9728520265
hsa-miR-124-3p	NM_001193557	88.2367997215
hsa-miR-124-3p	NM_206853	89.9911336863808
hsa-miR-124-3p	NM_001990	76.2037
hsa-miR-124-3p	NM_019018	54.6074
hsa-miR-124-3p	NM_175854	71.1306
hsa-miR-124-3p	NM_001166109	89.817238211914
hsa-miR-124-3p	NM_000919	89.463690417
hsa-miR-124-3p	NM_133443	74.4608499608
hsa-miR-124-3p	NM_003270	53.6604287999
hsa-miR-124-3p	NM_001321430	56.507
hsa-miR-124-3p	NM_001007176	50.2133464314
hsa-miR-124-3p	NM_001010935	59.7434
hsa-miR-124-3p	NM_001167741	61.9866939923792
hsa-miR-124-3p	NM_000755	72.5425
hsa-miR-124-3p	NM_001157	94.29503
hsa-miR-124-3p	NM_001042452	92.80711
hsa-miR-124-3p	NM_001287237	66.4097
hsa-miR-124-3p	NM_000917	96.81332923628
hsa-miR-124-3p	NM_018719	59.3837
hsa-miR-124-3p	NM_005627	78.8678
hsa-miR-124-3p	NM_001171166	62.8591
hsa-miR-124-3p	NM_001010983	86.6935
hsa-miR-124-3p	NM_001287347	72.379
hsa-miR-124-3p	NM_001322881	62.5251
hsa-miR-124-3p	NM_001198547	60.7145
hsa-miR-124-3p	NM_152682	73.9827719128
hsa-miR-124-3p	NM_002833	97.0739
hsa-miR-124-3p	NM_001102575	90.314164624
hsa-miR-124-3p	NM_005754	94.5296190645
hsa-miR-124-3p	NM_001136017	58.7579
hsa-miR-124-3p	NM_153616	87.9646
hsa-miR-124-3p	NM_013375	81.47
hsa-miR-124-3p	NM_153261	93.7999200832
hsa-miR-124-3p	NM_001077692	65.4090828735
hsa-miR-124-3p	NM_001146102	77.69
hsa-miR-124-3p	NM_001322229	76.9404
hsa-miR-124-3p	NM_001287503	86.0769
hsa-miR-124-3p	NM_002086	86.1228
hsa-miR-124-3p	NM_004926	81.3071
hsa-miR-124-3p	NM_002474	85.3517
hsa-miR-124-3p	NM_004099	83.1819
hsa-miR-124-3p	NM_001284426	60.8493021715
hsa-miR-124-3p	NM_000052	93.89516990745
hsa-miR-124-3p	NM_001322177	74.7529
hsa-miR-124-3p	NM_001270734	62.4385
hsa-miR-124-3p	NM_014424	63.667
hsa-miR-124-3p	NM_001278119	90.3436505670116
hsa-miR-124-3p	NM_001199775	93.4035170338
hsa-miR-124-3p	NM_152230	71.1574
hsa-miR-124-3p	NM_022842	90.58064
hsa-miR-124-3p	NM_001184965	93.86053
hsa-miR-124-3p	NM_001280792	55.8746736344
hsa-miR-124-3p	NM_001284274	90.67833
hsa-miR-124-3p	NM_001286439	60.631
hsa-miR-124-3p	NM_002401	51.5889
hsa-miR-124-3p	NM_001203247	73.4921
hsa-miR-124-3p	NM_001322234	76.9404
hsa-miR-124-3p	NM_001323036	63.1857158425
hsa-miR-124-3p	NM_001142649	62.314644754
hsa-miR-124-3p	NM_001258239	57.0216764806
hsa-miR-124-3p	NM_031426	76.035613612502
hsa-miR-124-3p	NM_002958	73.729
hsa-miR-124-3p	NM_138799	74.3458679896
hsa-miR-124-3p	NM_001286780	92.8948550356
hsa-miR-124-3p	NM_006902	99.0188644936
hsa-miR-124-3p	NM_152836	93.7744354735
hsa-miR-124-3p	NM_001258241	57.0216764806
hsa-miR-124-3p	NM_001303542	70.187
hsa-miR-124-3p	NM_001297578	65.4508820833
hsa-miR-124-3p	NM_001286807	83.8202
hsa-miR-124-3p	NM_133338	91.31426
hsa-miR-124-3p	NM_001304940	79.6398
hsa-miR-124-3p	NM_005597	60.1521576662
hsa-miR-124-3p	NM_001184790	62.5236151448
hsa-miR-124-3p	NM_004018	69.4444
hsa-miR-124-3p	NM_002224	96.8377041232
hsa-miR-124-3p	NM_001255986	61.0855
hsa-miR-124-3p	NM_001286247	59.9901740887296
hsa-miR-124-3p	NM_015642	62.5248685685295
hsa-miR-124-3p	NM_001172896	65.3639059648
hsa-miR-124-3p	NM_001146009	73.5195
hsa-miR-124-3p	NM_001297778	89.1671511292
hsa-miR-124-3p	NM_004357	78.2144
hsa-miR-124-3p	NM_005189	96.98340676652
hsa-miR-124-3p	NM_003966	75.5377140622
hsa-miR-124-3p	NM_001243754	57.9965
hsa-miR-124-3p	NM_001199673	78.1924
hsa-miR-124-3p	NM_000182	90.45475
hsa-miR-124-3p	NM_001085465	92.3488849768
hsa-miR-124-3p	NM_001244584	84.7126
hsa-miR-124-3p	NM_138373	70.1798
hsa-miR-124-3p	NM_007057	91.08148
hsa-miR-124-3p	NM_007085	52.35360768
hsa-miR-124-3p	NM_001145520	92.60236
hsa-miR-124-3p	NM_138317	91.9541656604
hsa-miR-124-3p	NM_021620	80.4086
hsa-miR-124-3p	NM_001259	85.7171497555965
hsa-miR-124-3p	NM_001267047	84.3272468704
hsa-miR-124-3p	NM_006609	98.1183147910464
hsa-miR-124-3p	NM_001184788	62.5236151448
hsa-miR-124-3p	NM_001017962	95.37871201065
hsa-miR-124-3p	NM_001318336	73.8754
hsa-miR-124-3p	NM_000097	76.8458
hsa-miR-124-3p	NM_001142651	90.3999125776
hsa-miR-124-3p	NM_177991	64.621
hsa-miR-124-3p	NM_022459	89.100166932
hsa-miR-124-3p	NM_002918	68.8557
hsa-miR-124-3p	NM_001202408	60.9598278854084
hsa-miR-124-3p	NM_001113239	79.4231403836
hsa-miR-124-3p	NM_001244897	57.8541
hsa-miR-124-3p	NM_001193417	62.3631779236
hsa-miR-124-3p	NM_004863	72.3543
hsa-miR-124-3p	NM_016006	86.382
hsa-miR-124-3p	NM_024727	51.099
hsa-miR-124-3p	NM_024759	52.7743
hsa-miR-124-3p	NM_001288953	91.9760375756447
hsa-miR-124-3p	NM_014761	55.3901
hsa-miR-124-3p	NM_005935	73.6242470703773
hsa-miR-124-3p	NM_001098511	81.9417285358
hsa-miR-124-3p	NM_016655	65.1986
hsa-miR-124-3p	NM_001316973	53.5482
hsa-miR-124-3p	NM_016474	57.7788920376
hsa-miR-124-3p	NM_024902	70.5507
hsa-miR-124-3p	NM_001160169	50.3768823844
hsa-miR-124-3p	NM_001145026	81.0869
hsa-miR-124-3p	NM_030673	61.9988
hsa-miR-124-3p	NM_005502	50
hsa-miR-124-3p	NM_001164189	76.8363
hsa-miR-124-3p	NM_001300987	94.8356485
hsa-miR-124-3p	NM_153182	80.4108876814
hsa-miR-124-3p	NM_001308007	59.5066
hsa-miR-124-3p	NM_182978	51.0513
hsa-miR-124-3p	NM_139075	50.8282
hsa-miR-124-3p	NM_001024934	86.2656
hsa-miR-124-3p	NM_001128933	74.6668593415728
hsa-miR-124-3p	NM_021149	75.1693
hsa-miR-124-3p	NM_005230	67.195237024
hsa-miR-124-3p	NM_001322356	62.3640706456609
hsa-miR-124-3p	NM_001142345	62.7447
hsa-miR-124-3p	NM_001206886	92.3488849768
hsa-miR-124-3p	NM_018698	63.0988
hsa-miR-124-3p	NM_002309	68.3779836158269
hsa-miR-124-3p	NM_001282237	86.1461
hsa-miR-124-3p	NM_001318008	63.1015
hsa-miR-124-3p	NM_001131062	83.7378163461742
hsa-miR-124-3p	NM_001320703	56.9368
hsa-miR-124-3p	NM_001290194	70.1798
hsa-miR-124-3p	NM_022894	89.0091275914
hsa-miR-124-3p	NM_153023	60.728
hsa-miR-124-3p	NM_001037341	77.4121
hsa-miR-124-3p	NM_032778	80.4108876814
hsa-miR-124-3p	NM_144664	72.3830131174
hsa-miR-124-3p	NM_020151	69.6215
hsa-miR-124-3p	NM_001297441	77.4121
hsa-miR-124-3p	NM_001164344	62.5248685685295
hsa-miR-124-3p	NM_018340	60.352298002
hsa-miR-124-3p	NM_000722	65.6296
hsa-miR-124-3p	NM_001112718	78.9728520265
hsa-miR-124-3p	NM_001001894	57.2495
hsa-miR-124-3p	NM_001270691	92.42936
hsa-miR-124-3p	NM_024792	64.0026
hsa-miR-124-3p	NM_004755	76.9404
hsa-miR-124-3p	NM_001130	77.5444
hsa-miR-124-3p	NM_001164674	95.93014
hsa-miR-124-3p	NM_001167580	63.1857158425
hsa-miR-124-3p	NM_001127371	59.3837
hsa-miR-124-3p	NM_207116	53.7635163178
hsa-miR-124-3p	NM_001321329	52.7483
hsa-miR-124-3p	NM_001320778	91.0505302157021
hsa-miR-124-3p	NM_201380	67.0186306687
hsa-miR-124-3p	NM_199344	95.75552
hsa-miR-124-3p	NM_001024808	90.5218
hsa-miR-124-3p	NM_001306074	69.6647
hsa-miR-124-3p	NM_001278740	53.6604287999
hsa-miR-124-3p	NM_001242644	57.0017
hsa-miR-124-3p	NM_006788	79.889
hsa-miR-124-3p	NM_001278670	97.3033180775981
hsa-miR-124-3p	NM_139029	78.2144
hsa-miR-124-3p	NM_001005413	91.08148
hsa-miR-124-3p	NM_001283058	81.5575
hsa-miR-124-3p	NM_002226	79.7805
hsa-miR-124-3p	NM_020870	77.7064
hsa-miR-124-3p	NM_000178	77.7242
hsa-miR-124-3p	NM_004685	75.9490660242
hsa-miR-124-3p	NM_001040647	53.2653420804421
hsa-miR-124-3p	NM_032279	50.7857
hsa-miR-124-3p	NM_001320285	78.7952
hsa-miR-124-3p	NM_000109	88.8717
hsa-miR-124-3p	NM_001033859	61.7866
hsa-miR-124-3p	NM_001314019	53.7539
hsa-miR-124-3p	NM_001318479	69.2014
hsa-miR-124-3p	NM_001270679	69.2997
hsa-miR-124-3p	NM_014762	74.0953
hsa-miR-124-3p	NM_016954	88.9399
hsa-miR-124-3p	NM_001004439	74.9778
hsa-miR-124-3p	NM_001243996	90.66671
hsa-miR-124-3p	NM_016203	82.6494
hsa-miR-124-3p	NM_001300737	52.5568
hsa-miR-124-3p	NM_183075	55.0791817682436
hsa-miR-124-3p	NM_001193455	95.76931
hsa-miR-124-3p	NM_001195214	75.8161915282
hsa-miR-124-3p	NM_006713	55.4211
hsa-miR-124-3p	NM_001256738	62.5621
hsa-miR-124-3p	NM_001195156	86.2567
hsa-miR-124-3p	NM_024713	82.4599
hsa-miR-124-3p	NM_016946	75.4144940736
hsa-miR-124-3p	NM_001020819	70.1798
hsa-miR-124-3p	NM_001256598	53.4336245830111
hsa-miR-124-3p	NM_006827	54.442
hsa-miR-124-3p	NM_016598	89.888352545112
hsa-miR-124-3p	NM_178470	64.6316
hsa-miR-124-3p	NM_018090	82.8201
hsa-miR-124-3p	NM_001143680	54.6239
hsa-miR-124-3p	NM_182915	50
hsa-miR-124-3p	NM_033260	92.27143
hsa-miR-124-3p	NM_001024094	55.8546207076
hsa-miR-124-3p	NM_005156	95.0494306314
hsa-miR-124-3p	NM_018024	70.6784
hsa-miR-124-3p	NM_024648	79.7994
hsa-miR-124-3p	NM_001143912	60.4582
hsa-miR-124-3p	NM_001256877	82.6872
hsa-miR-124-3p	NM_015206	95.7371154412
hsa-miR-124-3p	NM_006415	91.32069
hsa-miR-124-3p	NM_020116	52.0563
hsa-miR-124-3p	NM_001008392	90.2189933886642
hsa-miR-124-3p	NM_001099270	54.5277
hsa-miR-124-3p	NM_001142568	68.3809
hsa-miR-124-3p	NM_145320	92.4063179164092
hsa-miR-124-3p	NM_001320943	83.4692421605452
hsa-miR-124-3p	NM_001304	68.1461890471
hsa-miR-124-3p	NM_024790	67.2571
hsa-miR-124-3p	NM_001271946	51.3448716900752
hsa-miR-124-3p	NM_001272012	50.1757329644
hsa-miR-124-3p	NM_001258210	86.3713
hsa-miR-124-3p	NM_153367	92.096349563
hsa-miR-124-3p	NM_015853	56.2199
hsa-miR-124-3p	NM_001128429	94.63316
hsa-miR-124-3p	NM_014603	79.46
hsa-miR-124-3p	NM_015541	86.7262
hsa-miR-124-3p	NM_001300791	85.1101
hsa-miR-124-3p	NM_001308176	89.1491
hsa-miR-124-3p	NM_205843	60.1521576662
hsa-miR-124-3p	NM_005720	55.5259
hsa-miR-124-3p	NM_001077199	59.607280391
hsa-miR-124-3p	NM_001319652	73.49676256
hsa-miR-124-3p	NM_145693	68.5372311916
hsa-miR-124-3p	NM_002873	91.31426
hsa-miR-124-3p	NM_198491	79.6474
hsa-miR-124-3p	NM_000217	53.7572
hsa-miR-124-3p	NM_001282667	86.6904504110154
hsa-miR-124-3p	NM_002587	71.3345
hsa-miR-124-3p	NM_207346	73.9535
hsa-miR-124-3p	NM_001282902	53.9408517101
hsa-miR-124-3p	NM_014289	87.0974253865
hsa-miR-124-3p	NM_000140	52.2548308020959
hsa-miR-124-3p	NM_001621	93.9779
hsa-miR-124-3p	NM_018226	98.3794077326
hsa-miR-124-3p	NM_001199427	85.8327885343
hsa-miR-124-3p	NM_001242895	54.054021367
hsa-miR-124-3p	NM_001257273	51.6438
hsa-miR-124-3p	NM_032664	64.0698226176
hsa-miR-124-3p	NM_001243532	61.4524
hsa-miR-124-3p	NM_000828	92.49933
hsa-miR-124-3p	NM_001142275	76.9983
hsa-miR-124-3p	NM_001164270	59.7981
hsa-miR-124-3p	NM_001185095	76.035613612502
hsa-miR-124-3p	NM_020962	77.036
hsa-miR-124-3p	NM_001005353	55.685
hsa-miR-124-3p	NM_001207064	79.2170409416
hsa-miR-124-3p	NM_001287191	78.1303015144
hsa-miR-124-3p	NM_001323600	50
hsa-miR-124-3p	NM_001170702	73.9093832335
hsa-miR-124-3p	NM_001253866	95.93419
hsa-miR-124-3p	NM_001025593	86.3796
hsa-miR-124-3p	NM_001278199	61.9510963456
hsa-miR-124-3p	NM_001300752	69.15535
hsa-miR-124-3p	NM_007162	91.52762
hsa-miR-124-3p	NM_012231	76.1007
hsa-miR-124-3p	NM_001962	59.9822
hsa-miR-124-3p	NM_001270384	93.628391392
hsa-miR-124-3p	NM_001127357	61.4225
hsa-miR-124-3p	NM_001323038	63.1857158425
hsa-miR-124-3p	NM_004364	54.8196994055073
hsa-miR-124-3p	NM_152695	56.1264158944
hsa-miR-124-3p	NM_032385	65.7011
hsa-miR-124-3p	NM_001101676	72.3285436703
hsa-miR-124-3p	NM_014963	95.16271147414
hsa-miR-124-3p	NM_024740	65.4090828735
hsa-miR-124-3p	NM_024926	50
hsa-miR-124-3p	NM_005109	61.6375
hsa-miR-124-3p	NM_053043	83.1698
hsa-miR-124-3p	NM_004309	58.6695
hsa-miR-124-3p	NM_001321503	92.0297782702
hsa-miR-124-3p	NM_016848	85.734
hsa-miR-124-3p	NM_001319137	79.4081
hsa-miR-124-3p	NM_080836	81.6245
hsa-miR-124-3p	NM_006887	83.546175609
hsa-miR-124-3p	NM_001185075	71.2888
hsa-miR-124-3p	NM_001035534	95.7121976848
hsa-miR-124-3p	NM_001014380	52.2344121438313
hsa-miR-124-3p	NM_001277444	70.6304
hsa-miR-124-3p	NM_001290049	66.85104208
hsa-miR-124-3p	NM_001018075	55.8546207076
hsa-miR-124-3p	NM_018234	50
hsa-miR-124-3p	NM_138959	61.7890570250011
hsa-miR-124-3p	NM_001289969	57.4088
hsa-miR-124-3p	NM_005903	90.5819242958544
hsa-miR-124-3p	NM_001258029	73.0655
hsa-miR-124-3p	NM_001017915	51.3442
hsa-miR-124-3p	NM_002999	63.4089
hsa-miR-124-3p	NM_001256399	66.0041
hsa-miR-124-3p	NM_001305455	64.4978
hsa-miR-124-3p	NM_001285461	58.8146
hsa-miR-124-3p	NM_022450	92.34005
hsa-miR-124-3p	NM_198321	93.363126644
hsa-miR-124-3p	NM_014634	93.12729025112
hsa-miR-124-3p	NM_001245005	89.7348363475
hsa-miR-124-3p	NM_015158	82.6872
hsa-miR-124-3p	NM_001320879	68.438
hsa-miR-124-3p	NM_022347	70.7182
hsa-miR-124-3p	NM_031484	73.7830490725
hsa-miR-124-3p	NM_001004434	79.0073491165
hsa-miR-124-3p	NM_001127392	97.7249125027151
hsa-miR-124-3p	NM_001282562	76.2037
hsa-miR-124-3p	NM_139014	93.92548
hsa-miR-124-3p	NM_024841	59.9333812408
hsa-miR-124-3p	NM_001018089	67.793
hsa-miR-124-3p	NM_004022	69.4444
hsa-miR-124-3p	NM_015144	72.1375
hsa-miR-124-3p	NM_000901	96.9395414612734
hsa-miR-124-3p	NM_001130040	90.99415
hsa-miR-124-3p	NM_014746	69.3724411227
hsa-miR-124-3p	NM_001100164	93.1778656655
hsa-miR-124-3p	NM_001261443	51.0513
hsa-miR-124-3p	NM_001280539	85.2345
hsa-miR-124-3p	NM_004013	69.3164
hsa-miR-124-3p	NM_001142749	94.3550397011
hsa-miR-124-3p	NM_145808	53.947
hsa-miR-124-3p	NM_015567	75.7288
hsa-miR-124-3p	NM_001321496	93.5266123688
hsa-miR-124-3p	NM_001292008	52.9317009760768
hsa-miR-124-3p	NM_017785	72.9673
hsa-miR-124-3p	NM_001001928	92.8940528521925
hsa-miR-124-3p	NM_172059	60.5775
hsa-miR-124-3p	NM_001085464	92.3488849768
hsa-miR-124-3p	NM_001003792	80.1668
hsa-miR-124-3p	NM_022160	93.72701
hsa-miR-124-3p	NM_001706	74.9259
hsa-miR-124-3p	NM_001130058	78.7931
hsa-miR-124-3p	NM_173698	55.212262786
hsa-miR-124-3p	NM_001080481	84.6019
hsa-miR-124-3p	NM_002024	71.3616
hsa-miR-124-3p	NM_024615	77.19418877
hsa-miR-124-3p	NM_001291339	91.15494
hsa-miR-124-3p	NM_139265	53.3279
hsa-miR-124-3p	NM_021915	74.2500227059694
hsa-miR-124-3p	NM_001177998	63.941
hsa-miR-124-3p	NM_001204178	90.91313
hsa-miR-124-3p	NM_001261835	65.9178
hsa-miR-124-3p	NM_001099678	98.77152786912
hsa-miR-124-3p	NM_139168	59.607280391
hsa-miR-124-3p	NM_001172818	76.4354
hsa-miR-124-3p	NM_002897	91.4060202225
hsa-miR-124-3p	NM_001318810	72.5846
hsa-miR-124-3p	NM_003385	53.3989
hsa-miR-124-3p	NM_014744	56.7984965292832
hsa-miR-124-3p	NM_001606	50
hsa-miR-124-3p	NM_001207048	59.7458
hsa-miR-124-3p	NM_138346	87.3009
hsa-miR-124-3p	NM_001080529	84.1697
hsa-miR-124-3p	NM_003870	91.2960852158
hsa-miR-124-3p	NM_004957	87.320604460197
hsa-miR-124-3p	NM_006286	83.7563786627599
hsa-miR-124-3p	NM_005253	50
hsa-miR-124-3p	NM_001289823	80.3642
hsa-miR-124-3p	NM_019027	87.2373162590964
hsa-miR-124-3p	NM_001282427	53.7075399476894
hsa-miR-124-3p	NM_001282587	76.42465162685
hsa-miR-124-3p	NM_001320709	60.9241
hsa-miR-124-3p	NM_001304836	57.8371483965687
hsa-miR-124-3p	NM_021244	92.732
hsa-miR-124-3p	NM_024114	84.7511
hsa-miR-124-3p	NM_003326	60.7832
hsa-miR-124-3p	NM_004560	83.4524
hsa-miR-124-3p	NM_001193488	66.5873837552
hsa-miR-124-3p	NM_001229	90.9498618454902
hsa-miR-124-3p	NM_001256758	53.9744960755
hsa-miR-124-3p	NM_001321514	93.5266123688
hsa-miR-124-3p	NM_172389	99.6836669936954
hsa-miR-124-3p	NM_001288575	60.5775
hsa-miR-124-3p	NM_001321428	56.507
hsa-miR-124-3p	NM_001287443	71.3342669932
hsa-miR-124-3p	NM_006754	62.278508335
hsa-miR-124-3p	NM_001178094	93.6298292526
hsa-miR-124-3p	NM_197939	97.72561
hsa-miR-124-3p	NM_001204261	55.8546207076
hsa-miR-124-3p	NM_003110	52.3966
hsa-miR-124-3p	NM_015367	63.1932
hsa-miR-124-3p	NM_001170414	89.9013
hsa-miR-124-3p	NM_001318918	76.0712
hsa-miR-124-3p	NM_001202411	60.9598278854084
hsa-miR-124-3p	NM_001243730	85.51650405
hsa-miR-124-3p	NM_001146686	95.683595836
hsa-miR-124-3p	NM_001322232	76.9404
hsa-miR-124-3p	NM_001307922	92.250257944
hsa-miR-124-3p	NM_007144	57.768
hsa-miR-124-3p	NM_001144758	73.5813
hsa-miR-124-3p	NM_001142343	62.7447
hsa-miR-124-3p	NM_003061	68.3264
hsa-miR-124-3p	NM_012297	56.2005
hsa-miR-124-3p	NM_001300832	97.3543960127
hsa-miR-124-3p	NM_001130912	86.9979
hsa-miR-124-3p	NM_025218	68.7464
hsa-miR-124-3p	NM_001244973	81.3140896861
hsa-miR-124-3p	NM_004782	93.203276044
hsa-miR-124-3p	NM_001135733	88.1121378436
hsa-miR-124-3p	NM_001142624	94.10871
hsa-miR-124-3p	NM_006854	59.66
hsa-miR-124-3p	NM_001321240	64.4468
hsa-miR-124-3p	NM_183236	82.3817457204233
hsa-miR-124-3p	NM_001185127	59.0588
hsa-miR-124-3p	NM_018211	77.5558
hsa-miR-124-3p	NM_005921	89.5242
hsa-miR-124-3p	NM_001290225	55.7495
hsa-miR-124-3p	NM_031990	95.3936638546199
hsa-miR-124-3p	NM_001102653	77.968201362
hsa-miR-124-3p	NM_003062	51.3448716900752
hsa-miR-124-3p	NM_001256071	61.9861500325
hsa-miR-124-3p	NM_001288951	91.9760375756447
hsa-miR-124-3p	NM_015044	97.708830464
hsa-miR-124-3p	NM_001301132	53.115
hsa-miR-124-3p	NM_001322118	73.101
hsa-miR-124-3p	NM_001304344	74.7590782286
hsa-miR-124-3p	NM_025081	88.1312
hsa-miR-124-3p	NM_001300842	93.76715
hsa-miR-124-3p	NM_001258292	65.4921340438
hsa-miR-124-3p	NM_173834	59.3357290486
hsa-miR-124-3p	NM_001145522	75.3353
hsa-miR-124-3p	NM_015365	64.1709230396
hsa-miR-124-3p	NM_001130060	92.27433
hsa-miR-124-3p	NM_015627	82.895
hsa-miR-124-3p	NM_001256141	86.7649
hsa-miR-124-3p	NM_153618	87.9646
hsa-miR-124-3p	NM_024769	80.2091
hsa-miR-124-3p	NM_139276	59.7893
hsa-miR-124-3p	NM_001270643	58.3893
hsa-miR-124-3p	NM_001040142	58.9011
hsa-miR-124-3p	NM_005486	50
hsa-miR-124-3p	NM_032264	57.4133
hsa-miR-124-3p	NM_173653	87.9431
hsa-miR-124-3p	NM_020898	91.12787
hsa-miR-124-3p	NM_001271043	72.9331167373995
hsa-miR-124-3p	NM_001127666	73.0655
hsa-miR-124-3p	NM_001207012	76.4037
hsa-miR-124-3p	NM_001166171	68.3779496082
hsa-miR-124-3p	NM_002835	92.9405400161575
hsa-miR-124-3p	NM_005327	57.6512
hsa-miR-124-3p	NM_001317934	50.6974631554
hsa-miR-124-3p	NM_001278541	70.1187
hsa-miR-124-3p	NM_001018111	57.6858
hsa-miR-124-3p	NM_005541	51.3442
hsa-miR-124-3p	NM_001292040	80.6452
hsa-miR-124-3p	NM_001321512	92.116282228
hsa-miR-124-3p	NM_001322206	61.951
hsa-miR-124-3p	NM_001034915	74.45357906185
hsa-miR-124-3p	NM_002500	63.3223
hsa-miR-124-3p	NM_030935	92.61271
hsa-miR-124-3p	NM_001287588	99.5090195767079
hsa-miR-124-3p	NM_031435	81.3407
hsa-miR-124-3p	NM_183419	59.1426
hsa-miR-124-3p	NM_001172	60.1831
hsa-miR-124-3p	NM_198504	94.12996
hsa-miR-124-3p	NM_001143682	72.116
hsa-miR-124-3p	NM_024306	86.7421
hsa-miR-124-3p	NM_001190995	81.0757
hsa-miR-124-3p	NM_001001560	62.2922
hsa-miR-124-3p	NM_138423	80.3281455115
hsa-miR-124-3p	NM_001178056	77.19418877
hsa-miR-124-3p	NM_152792	77.7615
hsa-miR-124-3p	NM_001040451	76.2079
hsa-miR-124-3p	NM_022716	97.74810907153
hsa-miR-124-3p	NM_001146104	77.69
hsa-miR-124-3p	NM_016334	50
hsa-miR-124-3p	NM_001318164	59.8038
hsa-miR-124-3p	NM_001166600	89.8605104815656
hsa-miR-124-3p	NM_052917	84.7572677876
hsa-miR-124-3p	NM_182642	95.7304431321591
hsa-miR-124-3p	NM_138471	85.5339
hsa-miR-124-3p	NM_001034173	96.02768195236
hsa-miR-124-3p	NM_003797	59.5066
hsa-miR-124-3p	NM_006527	69.6647
hsa-miR-124-3p	NM_001243313	73.829503732
hsa-miR-124-3p	NM_001286124	61.5282
hsa-miR-124-3p	NM_006520	63.207
hsa-miR-124-3p	NM_001042682	70.513
hsa-miR-124-3p	NM_004529	56.6411
hsa-miR-124-3p	NM_001242659	55.3416
hsa-miR-124-3p	NM_012101	52.4748
hsa-miR-124-3p	NM_022371	94.57577
hsa-miR-124-3p	NM_001748	59.9044
hsa-miR-124-3p	NM_001308109	60.0773
hsa-miR-124-3p	NM_006663	61.324401457
hsa-miR-124-3p	NM_014217	85.823
hsa-miR-124-3p	NM_016423	70.9705
hsa-miR-124-3p	NM_001297746	77.361
hsa-miR-124-3p	NM_017875	86.5374
hsa-miR-124-3p	NM_001178035	60.5594
hsa-miR-124-3p	NM_001164731	68.4676
hsa-miR-124-3p	NM_001010875	83.8202
hsa-miR-124-3p	NM_004307	60.8925
hsa-miR-124-3p	NM_012474	51.9351
hsa-miR-124-3p	NM_001206972	73.9820649009233
hsa-miR-124-3p	NM_001286839	69.1919
hsa-miR-124-3p	NM_001010852	75.12174112
hsa-miR-124-3p	NM_022482	80.5671131266
hsa-miR-124-3p	NM_147156	84.837
hsa-miR-124-3p	NM_053002	69.7807
hsa-miR-124-3p	NM_152713	94.23927359912
hsa-miR-124-3p	NM_194285	78.8065
hsa-miR-124-3p	NM_020715	96.36472878084
hsa-miR-124-3p	NM_001078166	66.1278287836
hsa-miR-124-3p	NM_003822	66.0492870272
hsa-miR-124-3p	NM_001001396	52.1318353783
hsa-miR-124-3p	NM_001204107	76.1655488016
hsa-miR-124-3p	NM_001164342	94.1694040002037
hsa-miR-124-3p	NM_001282206	80.1557
hsa-miR-124-3p	NM_001128631	59.5371
hsa-miR-124-3p	NM_006390	55.0316
hsa-miR-124-3p	NM_001283056	81.5575
hsa-miR-124-3p	NM_001321500	92.116282228
hsa-miR-124-3p	NM_001166345	54.4191506056152
hsa-miR-124-3p	NM_001135214	64.8829
hsa-miR-124-3p	NM_002764	65.4965
hsa-miR-124-3p	NM_001427	52.0483
hsa-miR-124-3p	NM_006769	72.359
hsa-miR-124-3p	NM_002293	99.8860666449806
hsa-miR-124-3p	NM_001033117	60.0894696592
hsa-miR-124-3p	NM_201379	67.0186306687
hsa-miR-124-3p	NM_005437	55.9431
hsa-miR-124-3p	NM_001122838	81.4240212832
hsa-miR-124-3p	NM_001318006	64.0026
hsa-miR-124-3p	NM_005504	93.6298292526
hsa-miR-124-3p	NM_004205	83.7111
hsa-miR-124-3p	NM_001320302	88.2659906093036
hsa-miR-124-3p	NM_001317816	90.85222
hsa-miR-124-3p	NM_022077	70.4911
hsa-miR-124-3p	NM_032997	90.67083
hsa-miR-124-3p	NM_144628	68.5488
hsa-miR-124-3p	NM_001322354	62.3640706456609
hsa-miR-124-3p	NM_031301	59.2580943274446
hsa-miR-124-3p	NM_001311255	70.3852
hsa-miR-124-3p	NM_139030	78.2144
hsa-miR-124-3p	NM_001130926	92.11819
hsa-miR-124-3p	NM_182765	74.728
hsa-miR-124-3p	NM_024086	51.368871736
hsa-miR-124-3p	NM_001242338	78.4283
hsa-miR-124-3p	NM_001143677	78.8678
hsa-miR-124-3p	NM_001011515	89.9617
hsa-miR-124-3p	NM_001397	77.5979
hsa-miR-124-3p	NM_001166053	60.8925
hsa-miR-124-3p	NM_001241	59.1563312059
hsa-miR-124-3p	NM_002556	92.567141281023
hsa-miR-124-3p	NM_001267559	95.33925
hsa-miR-124-3p	NM_001170761	50
hsa-miR-124-3p	NM_001308100	62.5566
hsa-miR-124-3p	NM_004016	69.4444
hsa-miR-124-3p	NM_001243280	55.1931
hsa-miR-124-3p	NM_001008539	56.4912039052
hsa-miR-124-3p	NM_020862	75.5839
hsa-miR-124-3p	NM_001319111	62.6954
hsa-miR-124-3p	NM_001036	92.70056
hsa-miR-124-3p	NM_001321266	74.3458679896
hsa-miR-124-3p	NM_181358	75.6363811999
hsa-miR-124-3p	NM_170708	66.465
hsa-miR-124-3p	NM_012081	94.4760586597757
hsa-miR-124-3p	NM_003452	52.0391
hsa-miR-124-3p	NM_001143679	76.7547
hsa-miR-124-3p	NM_001178093	93.6298292526
hsa-miR-124-3p	NM_001012994	80.473951444
hsa-miR-124-3p	NM_001166054	60.8925
hsa-miR-124-3p	NM_000115	84.3232
hsa-miR-124-3p	NM_032802	91.25373
hsa-miR-124-3p	NM_015347	64.2109760584
hsa-miR-124-3p	NM_014631	95.8448776198106
hsa-miR-124-3p	NM_001037339	90.57692
hsa-miR-124-3p	NM_001282143	60.4274059495
hsa-miR-124-3p	NM_000565	84.3033864965
hsa-miR-124-3p	NM_004456	50
hsa-miR-124-3p	NM_003945	89.7804728373
hsa-miR-124-3p	NM_001251964	51.8919
hsa-miR-124-3p	NM_001112719	78.9728520265
hsa-miR-124-3p	NM_001145306	89.5949587629057
hsa-miR-124-3p	NM_001243895	61.3770958728
hsa-miR-124-3p	NM_001278622	91.31426
hsa-miR-124-3p	NM_021033	50
hsa-miR-124-3p	NM_003174	84.0176
hsa-miR-124-3p	NM_001099733	77.4787
hsa-miR-124-3p	NM_001255982	61.0855
hsa-miR-124-3p	NM_001278409	90.80078
hsa-miR-124-3p	NM_207446	74.2728746324671
hsa-miR-124-3p	NM_001321332	52.7483
hsa-miR-124-3p	NM_005436	72.4842
hsa-miR-124-3p	NM_001290254	89.1272820832
hsa-miR-124-3p	NM_182734	78.5559
hsa-miR-124-3p	NM_057170	64.8829
hsa-miR-124-3p	NM_001282425	72.7284358815
hsa-miR-124-3p	NM_001322123	80.1963
hsa-miR-124-3p	NM_001304838	57.8371483965687
hsa-miR-124-3p	NM_015656	86.272
hsa-miR-124-3p	NM_015460	60.8493021715
hsa-miR-124-3p	NM_001304944	70.5507
hsa-miR-124-3p	NM_001128430	94.63316
hsa-miR-124-3p	NM_001080779	83.6051
hsa-miR-124-3p	NM_001077498	71.9333
hsa-miR-124-3p	NM_001204077	94.49972834068
hsa-miR-124-3p	NM_001085461	92.3488849768
hsa-miR-124-3p	NM_001282866	88.07938164
hsa-miR-124-3p	NM_005406	93.07913
hsa-miR-124-3p	NM_004100	96.2555945654
hsa-miR-124-3p	NM_022365	94.19782
hsa-miR-124-3p	NM_014999	69.9364374547386
hsa-miR-124-3p	NM_173078	77.6239386480424
hsa-miR-124-3p	NM_001099281	72.8104
hsa-miR-124-3p	NM_001190766	50.5961
hsa-miR-124-3p	NM_001286554	60.6851
hsa-miR-124-3p	NM_001185056	58.3816
hsa-miR-124-3p	NM_001243753	51.1941
hsa-miR-124-3p	NM_000408	79.794863146
hsa-miR-124-3p	NM_003274	78.340776687
hsa-miR-124-3p	NM_130838	53.9242150642
hsa-miR-124-3p	NM_003654	91.5325421671
hsa-miR-124-3p	NM_004405	60.3369
hsa-miR-124-3p	NM_001008224	64.8602034874
hsa-miR-124-3p	NM_001291309	81.1079
hsa-miR-124-3p	NM_138722	76.0633
hsa-miR-124-3p	NM_001277128	51.099
hsa-miR-124-3p	NM_001172435	88.1608
hsa-miR-124-3p	NM_001323535	59.607280391
hsa-miR-124-3p	NM_001290048	99.1600186228734
hsa-miR-124-3p	NM_000544	67.9400364814
hsa-miR-124-3p	NM_005665	94.116660526
hsa-miR-124-3p	NM_007146	56.1373
hsa-miR-124-3p	NM_001030007	62.2229
hsa-miR-124-3p	NM_001313959	73.6242470703773
hsa-miR-124-3p	NM_001167827	91.52762
hsa-miR-124-3p	NM_133342	91.31426
hsa-miR-124-3p	NM_001146	75.999193417
hsa-miR-124-3p	NM_001042520	54.2337400123
hsa-miR-124-3p	NM_138637	80.7858
hsa-miR-124-3p	NM_001031681	50
hsa-miR-124-3p	NM_001142344	62.7447
hsa-miR-124-3p	NM_001178142	83.7563786627599
hsa-miR-124-3p	NM_148893	57.8575
hsa-miR-124-3p	NM_001271944	91.52762
hsa-miR-124-3p	NM_153252	67.5479558372585
hsa-miR-124-3p	NM_001079519	95.04856
hsa-miR-124-3p	NM_001206878	99.4601073924544
hsa-miR-124-3p	NM_020698	56.483
hsa-miR-124-3p	NM_031279	90.664888294
hsa-miR-124-3p	NM_001146262	63.7872480934
hsa-miR-124-3p	NM_001204813	66.038
hsa-miR-124-3p	NM_001256095	79.4806
hsa-miR-124-3p	NM_001282710	83.9143
hsa-miR-124-3p	NM_001145523	75.3353
hsa-miR-124-3p	NM_004012	69.3164
hsa-miR-124-3p	NM_145313	60.9379
hsa-miR-124-3p	NM_000248	92.1484590661
hsa-miR-124-3p	NM_003048	89.6384
hsa-miR-124-3p	NM_001300788	95.70635
hsa-miR-124-3p	NM_005087	53.0751123974
hsa-miR-124-3p	NM_014683	88.0301
hsa-miR-124-3p	NM_001202859	90.99415
hsa-miR-124-3p	NM_002648	69.6516178165
hsa-miR-124-3p	NM_001321175	50
hsa-miR-124-3p	NM_001289410	68.9073
hsa-miR-124-3p	NM_014729	68.3842
hsa-miR-124-3p	NM_001145427	99.2401588324
hsa-miR-124-3p	NM_016133	52.7483
hsa-miR-124-3p	NM_001271702	50.8308
hsa-miR-124-3p	NM_198549	73.4998044012
hsa-miR-124-3p	NM_032322	92.09621
hsa-miR-124-3p	NM_014776	64.8829
hsa-miR-124-3p	NM_001142414	53.2653420804421
hsa-miR-124-3p	NM_018206	95.0543069277537
hsa-miR-124-3p	NM_001040159	63.0464
hsa-miR-124-3p	NM_173157	86.3826
hsa-miR-124-3p	NM_012287	54.8508
hsa-miR-124-3p	NM_001128428	52.0563
hsa-miR-124-3p	NM_001278162	90.63733
hsa-miR-124-3p	NM_001282626	66.465
hsa-miR-124-3p	NM_001006665	83.0159
hsa-miR-124-3p	NM_001243984	93.38113
hsa-miR-124-3p	NM_020964	52.1416567036
hsa-miR-124-3p	NM_001319110	62.6954
hsa-miR-124-3p	NM_006224	54.027258392
hsa-miR-124-3p	NM_139312	83.6843
hsa-miR-124-3p	NM_001792	89.1491
hsa-miR-124-3p	NM_001002860	60.5134
hsa-miR-124-3p	NM_000829	83.1744
hsa-miR-124-3p	NM_001145001	83.2721273132
hsa-miR-124-3p	NM_020721	57.281300658
hsa-miR-124-3p	NM_001316349	80.0891
hsa-miR-124-3p	NM_021242	53.4107
hsa-miR-124-3p	NM_001098632	84.5717
hsa-miR-124-3p	NM_001448	71.6377
hsa-miR-124-3p	NM_173515	86.5728
hsa-miR-124-3p	NM_001286710	76.444109312
hsa-miR-124-3p	NM_138473	88.9263063040864
hsa-miR-124-3p	NM_001079520	79.0183
hsa-miR-124-3p	NM_001288729	75.3321
hsa-miR-124-3p	NM_207645	74.806332016667
hsa-miR-124-3p	NM_001142298	59.6484
hsa-miR-124-3p	NM_001142402	96.8478265651
hsa-miR-124-3p	NM_014985	73.2147
hsa-miR-124-3p	NM_001300740	52.5568
hsa-miR-124-3p	NM_001013438	52.0626093672
hsa-miR-124-3p	NM_001278504	94.23927359912
hsa-miR-124-3p	NM_021738	50
hsa-miR-124-3p	NM_001289975	51.023
hsa-miR-124-3p	NM_014397	68.3779496082
hsa-miR-124-3p	NM_001171109	77.1082448857
hsa-miR-124-3p	NM_001321501	92.116282228
hsa-miR-124-3p	NM_001167959	83.7778
hsa-miR-124-3p	NM_017851	97.19085
hsa-miR-124-3p	NM_020949	91.00054
hsa-miR-124-3p	NM_198159	79.0484532859
hsa-miR-124-3p	NM_003045	82.1752476869
hsa-miR-124-3p	NM_213589	94.9241170692128
hsa-miR-124-3p	NM_005578	95.5792471839306
hsa-miR-124-3p	NM_001317813	80.160510319918
hsa-miR-124-3p	NM_025181	54.3704620942
hsa-miR-124-3p	NM_005498	57.782677194
hsa-miR-124-3p	NM_024518	68.8092
hsa-miR-124-3p	NM_001323527	59.607280391
hsa-miR-124-3p	NM_207318	92.778631299
hsa-miR-124-3p	NM_019086	51.342190624
hsa-miR-124-3p	NM_014306	62.3886
hsa-miR-124-3p	NM_001267556	93.8684
hsa-miR-124-3p	NM_001320880	68.438
hsa-miR-124-3p	NM_002240	92.11747
hsa-miR-124-3p	NM_004094	58.5407
hsa-miR-124-3p	NM_144996	50.9511
hsa-miR-124-3p	NM_032663	65.0236708123
hsa-miR-124-3p	NM_001288803	87.320604460197
hsa-miR-124-3p	NM_014702	52.985840348
hsa-miR-124-3p	NM_001271609	76.3229
hsa-miR-124-3p	NM_001037675	70.6304
hsa-miR-124-3p	NM_005964	79.4806
hsa-miR-124-3p	NM_001002257	86.520028738
hsa-miR-124-3p	NM_001185119	64.2827
hsa-miR-124-3p	NM_001201404	87.3869
hsa-miR-124-3p	NM_002372	93.8452
hsa-miR-124-3p	NM_006037	80.5302744467
hsa-miR-124-3p	NM_016602	58.3175
hsa-miR-124-3p	NM_001301025	59.1651
hsa-miR-124-3p	NM_012309	86.39905
hsa-miR-124-3p	NM_001134673	79.273968658
hsa-miR-124-3p	NM_145322	92.4063179164092
hsa-miR-124-3p	NM_001247997	72.7777
hsa-miR-124-3p	NM_005817	64.0451
hsa-miR-124-3p	NM_001320239	87.7345
hsa-miR-124-3p	NM_014445	87.1147693162
hsa-miR-124-3p	NM_001164545	64.4040024204
hsa-miR-124-3p	NM_001206888	92.3488849768
hsa-miR-124-3p	NM_144653	62.433
hsa-miR-124-3p	NM_006320	93.93256
hsa-miR-124-3p	NM_003368	68.1636
hsa-miR-124-3p	NM_001282711	83.6295
hsa-miR-124-3p	NM_001321508	92.0297782702
hsa-miR-124-3p	NM_015550	99.609252210717
hsa-miR-124-3p	NM_001278281	67.1389
hsa-miR-124-3p	NM_001320708	60.9241
hsa-miR-124-3p	NM_003621	81.4301565985
hsa-miR-124-3p	NM_001170415	66.1753
hsa-miR-124-3p	NM_201595	56.93025
hsa-miR-124-3p	NM_198969	58.0484
hsa-miR-124-3p	NM_138452	76.0307248109
hsa-miR-124-3p	NM_001161363	64.7436
hsa-miR-124-3p	NM_014246	91.91906
hsa-miR-124-3p	NM_001170755	70.5885
hsa-miR-124-3p	NM_001267558	93.8684
hsa-miR-124-3p	NM_001285462	58.8146
hsa-miR-124-3p	NM_017593	61.254
hsa-miR-124-3p	NM_001035	89.53
hsa-miR-124-3p	NM_001003698	83.3275
hsa-miR-124-3p	NM_001201427	52.1644
hsa-miR-124-3p	NM_001040182	88.2878
hsa-miR-124-3p	NM_001290192	70.1798
hsa-miR-124-3p	NM_153186	82.6872
hsa-miR-124-3p	NM_001135	68.067
hsa-miR-124-3p	NM_001130928	87.6884
hsa-miR-124-3p	NM_000726	54.405942184
hsa-miR-124-3p	NM_001261451	53.2744
hsa-miR-124-3p	NM_001024843	97.0477474553688
hsa-miR-124-3p	NM_001407	68.7656
hsa-miR-124-3p	NM_001204402	65.4965
hsa-miR-124-3p	NM_005857	89.9862
hsa-miR-124-3p	NM_004285	76.42465162685
hsa-miR-124-3p	NM_133496	95.74660912717
hsa-miR-124-3p	NM_001136026	86.8818
hsa-miR-124-3p	NM_001318739	66.6453109208
hsa-miR-124-3p	NM_001142502	93.116117577
hsa-miR-124-3p	NM_001297548	91.19402
hsa-miR-124-3p	NM_001321433	56.507
hsa-miR-124-3p	NM_001166052	60.8925
hsa-miR-124-3p	NM_003068	99.879732376435
hsa-miR-124-3p	NM_001946	63.8055
hsa-miR-124-3p	NM_016453	63.4484
hsa-miR-124-3p	NM_004781	98.8155709123733
hsa-miR-124-3p	NM_002211	96.1823334655
hsa-miR-124-3p	NM_006190	87.6982
hsa-miR-124-3p	NM_003787	60.7145
hsa-miR-124-3p	NM_017813	88.5530195200171
hsa-miR-124-3p	NM_004788	82.7680870324
hsa-miR-124-3p	NM_001317812	91.6431158413873
hsa-miR-124-3p	NM_001160234	80.827
hsa-miR-124-3p	NM_199002	55.2648
hsa-miR-124-3p	NM_001136178	54.0505904702
hsa-miR-124-3p	NM_018168	81.5575
hsa-miR-124-3p	NM_001199156	76.9884
hsa-miR-124-3p	NM_001914	88.5262
hsa-miR-124-3p	NM_001204259	66.0464189896
hsa-miR-124-3p	NM_001859	92.2183722435
hsa-miR-124-3p	NM_032204	83.8698
hsa-miR-124-3p	NM_014553	54.6878
hsa-miR-124-3p	NM_003583	88.7688
hsa-miR-124-3p	NM_025074	54.57274745
hsa-miR-124-3p	NM_001256278	94.10871
hsa-miR-124-3p	NM_001322352	62.3640706456609
hsa-miR-124-3p	NM_001195684	50.0396815519
hsa-miR-124-3p	NM_001146259	80.607
hsa-miR-124-3p	NM_001282527	60.7145
hsa-miR-124-3p	NM_024584	75.4469
hsa-miR-124-3p	NM_018012	86.1829
hsa-miR-124-3p	NM_001040113	95.05707
hsa-miR-124-3p	NM_173091	65.4921340438
hsa-miR-124-3p	NM_001286511	72.7501
hsa-miR-124-3p	NM_001242314	64.153545577
hsa-miR-124-3p	NM_001085458	96.8291102648
hsa-miR-124-3p	NM_032236	59.3611
hsa-miR-124-3p	NM_001308105	60.0773
hsa-miR-124-3p	NM_020750	66.6275
hsa-miR-124-3p	NM_001145277	83.1261
hsa-miR-124-3p	NM_001300792	57.6669
hsa-miR-124-3p	NM_001077269	88.1882
hsa-miR-124-3p	NM_015470	92.21054
hsa-miR-124-3p	NM_005110	81.6997
hsa-miR-124-3p	NM_080491	51.4063477966
hsa-miR-124-3p	NM_001173484	65.8936111912
hsa-miR-124-3p	NM_001286708	93.52460305
hsa-miR-124-3p	NM_001098791	53.4107
hsa-miR-124-3p	NM_001206883	92.3488849768
hsa-miR-124-3p	NM_018368	93.98858
hsa-miR-124-3p	NM_001278923	50.8308
hsa-miR-124-3p	NM_002637	58.7008
hsa-miR-124-3p	NM_001300	72.1675
hsa-miR-124-3p	NM_021951	89.4983
hsa-miR-124-3p	NM_001282208	92.88778
hsa-miR-124-3p	NM_001281789	97.6124603686
hsa-miR-124-3p	NM_001267718	75.7392
hsa-miR-124-3p	NM_000709	71.6266
hsa-miR-124-3p	NM_001206957	68.8678
hsa-miR-124-3p	NM_001286398	72.7556472
hsa-miR-124-3p	NM_001172895	89.4580753582
hsa-miR-124-3p	NM_024607	83.2998538695548
hsa-miR-124-3p	NM_001252339	58.545661168
hsa-miR-124-3p	NM_001164748	57.1937
hsa-miR-124-3p	NM_001164346	62.5248685685295
hsa-miR-124-3p	NM_001243952	57.50315
hsa-miR-124-3p	NM_001319112	62.6954
hsa-miR-124-3p	NM_003074	82.5441664534
hsa-miR-124-3p	NM_133171	57.57
hsa-miR-124-3p	NM_001317009	79.3380310528
hsa-miR-124-3p	NM_145648	87.0325
hsa-miR-124-3p	NM_001145262	55.9431
hsa-miR-124-3p	NM_001303475	88.9399
hsa-miR-124-3p	NM_152678	95.8828135152
hsa-miR-124-3p	NM_138806	63.3245
hsa-miR-124-3p	NM_001109879	88.9399
hsa-miR-124-3p	NM_014911	69.0614
hsa-miR-124-3p	NM_001301035	79.2995
hsa-miR-124-3p	NM_001242935	62.5566
hsa-miR-124-3p	NM_004860	52.899
hsa-miR-124-3p	NM_001126049	84.8848
hsa-miR-124-3p	NM_201566	92.3522
hsa-miR-124-3p	NM_014066	66.4097
hsa-miR-124-3p	NM_001300985	96.91767089182
hsa-miR-124-3p	NM_001319206	87.6884
hsa-miR-124-3p	NM_001198999	87.9646
hsa-miR-124-3p	NM_130435	57.1809
hsa-miR-124-3p	NM_004014	69.3164
hsa-miR-124-3p	NM_016332	76.3674
hsa-miR-124-3p	NM_002837	73.9820649009233
hsa-miR-124-3p	NM_001297748	68.9245190756
hsa-miR-124-3p	NM_145284	81.0584475322138
hsa-miR-124-3p	NM_001323039	63.1857158425
hsa-miR-124-3p	NM_001134363	83.457
hsa-miR-124-3p	NM_001291995	78.8678
hsa-miR-124-3p	NM_033118	55.1952
hsa-miR-124-3p	NM_022484	60.3226174757
hsa-miR-124-3p	NM_017905	84.2736
hsa-miR-124-3p	NM_012296	75.8470753021
hsa-miR-124-3p	NM_173630	71.768
hsa-miR-124-3p	NM_001185076	71.3616
hsa-miR-124-3p	NM_001079812	54.493428342
hsa-miR-124-3p	NM_001078171	63.3265
hsa-miR-124-3p	NM_138713	57.2303443488999
hsa-miR-124-3p	NM_152722	56.0538774603
hsa-miR-124-3p	NM_004599	63.196
hsa-miR-124-3p	NM_001193416	82.7554028296
hsa-miR-124-3p	NM_001286514	96.98418397391
hsa-miR-124-3p	NM_001291990	73.2049384245
hsa-miR-124-3p	NM_001153	50
hsa-miR-124-3p	NM_020648	93.6187164055
hsa-miR-124-3p	NM_001190737	92.09335
hsa-miR-124-3p	NM_005455	71.7652
hsa-miR-124-3p	NM_001145719	63.8074283386
hsa-miR-124-3p	NM_006111	97.16428284211
hsa-miR-124-3p	NM_020864	72.0609
hsa-miR-124-3p	NM_003595	91.80558
hsa-miR-124-3p	NM_006599	57.2303443488999
hsa-miR-124-3p	NM_005866	80.1557
hsa-miR-124-3p	NM_001163788	98.81781158566
hsa-miR-124-3p	NM_001271803	56.192
hsa-miR-124-3p	NM_001198664	71.4794
hsa-miR-124-3p	NM_181746	56.3463
hsa-miR-124-3p	NM_017759	65.6705249789
hsa-miR-124-3p	NM_207111	78.3869305843
hsa-miR-124-3p	NM_033668	99.7814066562
hsa-miR-124-3p	NM_001198608	73.6872
hsa-miR-124-3p	NM_001258294	65.32529077
hsa-miR-124-3p	NM_001287590	98.6948868345375
hsa-miR-124-3p	NM_015043	88.0141899484
hsa-miR-124-3p	NM_001085463	92.3488849768
hsa-miR-124-3p	NM_001291430	51.6334
hsa-miR-124-3p	NM_021814	77.334297392
hsa-miR-124-3p	NM_006764	59.675
hsa-miR-124-3p	NM_001020821	70.1798
hsa-miR-124-3p	NM_001109754	73.9820649009233
hsa-miR-124-3p	NM_015258	88.8305
hsa-miR-124-3p	NM_001204260	55.8546207076
hsa-miR-124-3p	NM_001287501	64.343232944
hsa-miR-124-3p	NM_001282959	50
hsa-miR-124-3p	NM_001166386	50.7127
hsa-miR-124-3p	NM_001202412	60.9598278854084
hsa-miR-124-3p	NM_001166170	68.3779496082
hsa-miR-124-3p	NM_183352	61.9988
hsa-miR-124-3p	NM_020159	94.63316
hsa-miR-124-3p	NM_022444	50.8485
hsa-miR-124-3p	NM_138766	65.822041156
hsa-miR-124-3p	NM_001243751	51.1941
hsa-miR-124-3p	NM_001323533	91.7277
hsa-miR-124-3p	NM_001010846	76.4754
hsa-miR-124-3p	NM_001204869	57.0563
hsa-miR-124-3p	NM_001174060	96.54594
hsa-miR-124-3p	NM_079834	88.4193
hsa-miR-124-3p	NM_183234	82.3817457204233
hsa-miR-124-3p	NM_145913	76.4609
hsa-miR-124-3p	NM_138821	65.822041156
hsa-miR-124-3p	NM_006266	58.3435592994
hsa-miR-124-3p	NM_001243731	85.51650405
hsa-miR-124-3p	NM_001282468	73.5679
hsa-miR-124-3p	NM_001146590	90.664888294
hsa-miR-124-3p	NM_206831	50
hsa-miR-124-3p	NM_002501	72.8753804786968
hsa-miR-124-3p	NM_001301175	91.8674527818
hsa-miR-124-3p	NM_173065	63.1724
hsa-miR-124-3p	NM_014447	58.5831
hsa-miR-124-3p	NM_006734	90.96583
hsa-miR-124-3p	NM_019110	57.927227983427
hsa-miR-124-3p	NM_001162422	71.7208111264
hsa-miR-124-3p	NM_003768	65.4508820833
hsa-miR-124-3p	NM_001198548	60.7145
hsa-miR-124-3p	NM_001171689	64.1709230396
hsa-miR-124-3p	NM_021624	58.2632
hsa-miR-124-3p	NM_001184750	77.6239386480424
hsa-miR-124-3p	NM_207416	63.6837666274
hsa-miR-124-3p	NM_001244950	62.4323
hsa-miR-124-3p	NM_013279	96.1917353888866
hsa-miR-124-3p	NM_152450	66.599
hsa-miR-124-3p	NM_153371	67.2046
hsa-miR-124-3p	NM_001122824	58.5874
hsa-miR-124-3p	NM_001202470	63.3184
hsa-miR-124-3p	NM_006750	98.43502291585
hsa-miR-124-3p	NM_170713	68.8678
hsa-miR-124-3p	NM_133340	91.31426
hsa-miR-124-3p	NM_003104	83.9263327874
hsa-miR-124-3p	NM_001321116	83.804259152
hsa-miR-124-3p	NM_024734	79.558854187
hsa-miR-124-3p	NM_001193538	73.7814
hsa-miR-124-3p	NM_002410	77.4223590272
hsa-miR-124-3p	NM_133343	91.31426
hsa-miR-124-3p	NM_003882	57.2779
hsa-miR-124-3p	NM_001318864	73.8862740038436
hsa-miR-124-3p	NM_001098634	92.6808066585336
hsa-miR-124-3p	NM_001004128	72.9595404702
hsa-miR-124-3p	NM_001184785	95.1073349188
hsa-miR-124-3p	NM_001170757	89.8605104815656
hsa-miR-124-3p	NM_001010000	86.9354339600285
hsa-miR-124-3p	NM_017644	94.0702053139831
hsa-miR-124-3p	NM_001042681	70.513
hsa-miR-124-3p	NM_001146264	63.7872480934
hsa-miR-124-3p	NM_020841	73.49676256
hsa-miR-124-3p	NM_001204177	90.91313
hsa-miR-124-3p	NM_001242702	85.8544
hsa-miR-124-3p	NM_001256596	60.1199518810857
hsa-miR-124-3p	NM_006457	81.5907860299426
hsa-miR-124-3p	NM_001101663	69.9828
hsa-miR-124-3p	NM_198177	79.0484532859
hsa-miR-124-3p	NM_001146105	77.69
hsa-miR-124-3p	NM_001256006	63.7872480934
hsa-miR-124-3p	NM_001320497	71.008572555
hsa-miR-124-3p	NM_001497	99.6330980287932
hsa-miR-124-3p	NM_001143942	92.28273
hsa-miR-124-3p	NM_015439	88.4021
hsa-miR-124-3p	NM_005397	57.6858
hsa-miR-124-3p	NM_001278940	80.325393642
hsa-miR-124-3p	NM_001136021	87.137837146
hsa-miR-124-3p	NM_001308257	57.0763
hsa-miR-124-3p	NM_003046	56.4912039052
hsa-miR-124-3p	NM_001040424	63.1816473977
hsa-miR-124-3p	NM_175038	90.56114
hsa-miR-124-3p	NM_001178091	96.60978375495
hsa-miR-124-3p	NM_014774	90.24624
hsa-miR-124-3p	NM_001003712	96.849068209
hsa-miR-124-3p	NM_001204174	90.73239
hsa-miR-124-3p	NM_001286792	60.728
hsa-miR-124-3p	NM_182896	51.3058
hsa-miR-124-3p	NM_022460	57.5056
hsa-miR-124-3p	NM_018120	93.42528
hsa-miR-124-3p	NM_001277140	54.0463
hsa-miR-124-3p	NM_003162	78.4303707658385
hsa-miR-124-3p	NM_001300822	60.8548
hsa-miR-124-3p	NM_005036	59.7550721478185
hsa-miR-124-3p	NM_006939	92.01421
hsa-miR-124-3p	NM_001005861	84.1182
hsa-miR-124-3p	NM_001040057	72.0824
hsa-miR-124-3p	NM_001255984	61.0855
hsa-miR-124-3p	NM_152485	63.2902
hsa-miR-124-3p	NM_024034	62.5621
hsa-miR-124-3p	NM_012193	81.3296611495251
hsa-miR-124-3p	NM_002843	94.04709
hsa-miR-124-3p	NM_001079514	72.0518
hsa-miR-124-3p	NM_001203248	50
hsa-miR-124-3p	NM_001271594	69.8533
hsa-miR-124-3p	NM_001084	90.14166
hsa-miR-124-3p	NM_001322346	62.3640706456609
hsa-miR-124-3p	NM_001098844	58.8394
hsa-miR-124-3p	NM_001010924	92.51653
hsa-miR-124-3p	NM_001870	88.3021
hsa-miR-124-3p	NM_001282145	69.5975
hsa-miR-124-3p	NM_178450	61.017813848
hsa-miR-124-3p	NM_001206885	92.3488849768
hsa-miR-124-3p	NM_014893	74.8552
hsa-miR-124-3p	NM_003794	78.1806
hsa-miR-124-3p	NM_001297751	68.9245190756
hsa-miR-124-3p	NM_001300988	94.8356485
hsa-miR-124-3p	NM_021249	69.8375
hsa-miR-124-3p	NM_025151	89.0440637765396
hsa-miR-124-3p	NM_001322880	62.5251
hsa-miR-124-3p	NM_001287038	74.2310700496
hsa-miR-124-3p	NM_153617	87.9646
hsa-miR-124-3p	NM_183394	73.9704
hsa-miR-124-3p	NM_001244766	71.3260357646
hsa-miR-124-3p	NM_004275	64.4978
hsa-miR-124-3p	NM_001300728	96.0785224908454
hsa-miR-124-3p	NM_145034	80.0719
hsa-miR-124-3p	NM_001244585	84.7126
hsa-miR-124-3p	NM_001037293	66.9648872625
hsa-miR-124-3p	NM_001775	67.0677803604
hsa-miR-124-3p	NM_016120	54.5467899472
hsa-miR-124-3p	NM_001305630	58.8298032961
hsa-miR-124-3p	NM_003320	97.8674540536
hsa-miR-124-3p	NM_002481	65.9790054049237
hsa-miR-124-3p	NM_001282116	95.2315104672
hsa-miR-124-3p	NM_001130445	86.0769
hsa-miR-124-3p	NM_001142596	95.37871201065
hsa-miR-124-3p	NM_001206891	92.3488849768
hsa-miR-124-3p	NM_001166168	68.3779496082
hsa-miR-124-3p	NM_001008701	51.7278
hsa-miR-124-3p	NM_020762	95.5457457177998
hsa-miR-124-3p	NM_032740	65.6580829848
hsa-miR-124-3p	NM_018845	98.6948868345375
hsa-miR-124-3p	NM_001305008	76.0871
hsa-miR-124-3p	NM_018439	87.8647
hsa-miR-124-3p	NM_017546	66.2534
hsa-miR-124-3p	NM_001145646	59.2580943274446
hsa-miR-124-3p	NM_014936	90.892820083
hsa-miR-124-3p	NM_001112717	92.98355
hsa-miR-124-3p	NM_001085354	95.41333
hsa-miR-124-3p	NM_001254949	94.63316
hsa-miR-124-3p	NM_181472	50
hsa-miR-124-3p	NM_001271748	71.6429
hsa-miR-124-3p	NM_001319943	65.822041156
hsa-miR-124-3p	NM_002546	89.0742
hsa-miR-124-3p	NM_018028	54.6661
hsa-miR-124-3p	NM_001321037	54.0505904702
hsa-miR-124-3p	NM_001093771	51.8778020905
hsa-miR-124-3p	NM_001251825	88.9263063040864
hsa-miR-124-3p	NM_019045	87.0494
hsa-miR-124-3p	NM_014478	53.2653420804421
hsa-miR-124-3p	NM_178507	83.6466394992
hsa-miR-124-3p	NM_001284425	60.8493021715
hsa-miR-124-3p	NM_001256876	82.6872
hsa-miR-124-3p	NM_001304446	74.6007493508
hsa-miR-124-3p	NM_032320	70.1274
hsa-miR-124-3p	NM_021161	95.30216651542
hsa-miR-124-3p	NM_173354	55.3144858888
hsa-miR-124-3p	NM_001321506	93.5266123688
hsa-miR-124-3p	NM_001323086	73.3127
hsa-miR-124-3p	NM_001178138	92.4835188832946
hsa-miR-124-3p	NM_001098512	86.6767
hsa-miR-124-3p	NM_001203	71.9131687713
hsa-miR-124-3p	NM_005244	75.6684
hsa-miR-124-3p	NM_058172	92.8948550356
hsa-miR-124-3p	NM_005220	89.1005
hsa-miR-124-3p	NM_001297576	88.3696353008
hsa-miR-124-3p	NM_001316943	97.68097
hsa-miR-124-3p	NM_001135729	74.6033
hsa-miR-124-3p	NM_020772	53.0839
hsa-miR-124-3p	NM_003872	74.1079
hsa-miR-124-3p	NM_001270733	63.1932
hsa-miR-124-3p	NM_153607	98.7873664821
hsa-miR-124-3p	NM_020846	61.1181
hsa-miR-124-3p	NM_032582	51.856
hsa-miR-124-3p	NM_001276320	65.0839
hsa-miR-124-3p	NM_001258242	57.0216764806
hsa-miR-124-3p	NM_001253891	77.279
hsa-miR-124-3p	NM_001131008	99.0911856057927
hsa-miR-124-3p	NM_198268	88.4100990938
hsa-miR-124-3p	NM_001202234	86.3826
hsa-miR-124-3p	NM_001080533	92.6359839310104
hsa-miR-124-3p	NM_001242828	93.8442781244
hsa-miR-124-3p	NM_001101672	83.5591
hsa-miR-124-3p	NM_001166108	98.5124087327204
hsa-miR-124-3p	NM_153757	84.5378
hsa-miR-124-3p	NM_001256276	94.10871
hsa-miR-124-3p	NM_001901	73.6707
hsa-miR-124-3p	NM_001308107	60.0773
hsa-miR-124-3p	NM_001142404	97.51720991649
hsa-miR-124-3p	NM_025240	65.3510482126
hsa-miR-124-3p	NM_144710	93.5266123688
hsa-miR-124-3p	NM_153810	80.003
hsa-miR-124-3p	NM_001319114	62.6954
hsa-miR-124-3p	NM_006282	53.7708
hsa-miR-124-3p	NM_000144	53.6873975892
hsa-miR-124-3p	NM_198395	74.7996158062
hsa-miR-124-3p	NM_001323034	63.1857158425
hsa-miR-124-3p	NM_005633	75.20017700724
hsa-miR-124-3p	NM_001005505	51.6649
hsa-miR-124-3p	NM_001127663	73.0655
hsa-miR-124-3p	NM_001003800	75.9118
hsa-miR-124-3p	NM_001042728	85.51650405
hsa-miR-124-3p	NM_004588	55.8311
hsa-miR-124-3p	NM_139283	64.8805
hsa-miR-124-3p	NM_014823	81.1439
hsa-miR-124-3p	NM_001031679	54.455
hsa-miR-124-3p	NM_001206691	98.3316863479025
hsa-miR-124-3p	NM_001301188	81.9295
hsa-miR-124-3p	NM_001317817	92.76974
hsa-miR-124-3p	NM_016096	75.7169947717
hsa-miR-124-3p	NM_001037334	98.13855962984
hsa-miR-124-3p	NM_001136472	52.7273730705
hsa-miR-124-3p	NM_001278240	62.7013
hsa-miR-124-3p	NM_001297741	87.2338
hsa-miR-124-3p	NM_001287592	98.6948868345375
hsa-miR-124-3p	NM_025188	96.4951518740603
hsa-miR-124-3p	NM_001024936	77.5856
hsa-miR-124-3p	NM_004709	58.1088
hsa-miR-124-3p	NM_013382	59.999925298
hsa-miR-124-3p	NM_001122839	98.6948868345375
hsa-miR-124-3p	NM_001242397	66.9773
hsa-miR-124-3p	NM_148169	58.2075
hsa-miR-124-3p	NM_001324093	80.6962
hsa-miR-124-3p	NM_020872	69.6255
hsa-miR-124-3p	NM_001042723	87.5708
hsa-miR-124-3p	NM_001322350	62.3640706456609
hsa-miR-124-3p	NM_001202513	60.3353
hsa-miR-124-3p	NM_030805	62.3640706456609
hsa-miR-124-3p	NM_201382	67.0186306687
hsa-miR-124-3p	NM_152744	76.3495
hsa-miR-124-3p	NM_001106	69.7317876852
hsa-miR-124-3p	NM_001195071	84.6791
hsa-miR-124-3p	NM_001114734	81.9132
hsa-miR-124-3p	NM_001256414	84.2419
hsa-miR-124-3p	NM_012334	95.4550935026471
hsa-miR-124-3p	NM_003249	68.259
hsa-miR-124-3p	NM_001281724	61.6703
hsa-miR-124-3p	NM_001145260	84.0152
hsa-miR-124-3p	NM_001146216	58.5874
hsa-miR-124-3p	NM_001040084	50.8308
hsa-miR-124-3p	NM_001282852	53.7735839944
hsa-miR-124-3p	NM_001204870	57.2779
hsa-miR-124-3p	NM_001017368	90.31349252
hsa-miR-124-3p	NM_001287432	58.5831
hsa-miR-124-3p	NM_172037	86.366
hsa-miR-124-3p	NM_001098517	71.991
hsa-miR-124-3p	NM_001326	57.6741
hsa-miR-124-3p	NM_001127665	73.0655
hsa-miR-124-3p	NM_001271723	90.07749
hsa-miR-124-3p	NM_001127266	56.390880388
hsa-miR-124-3p	NM_030952	54.6289
hsa-miR-124-3p	NM_001025580	93.2085965694
hsa-miR-124-3p	NM_001113490	82.353
hsa-miR-124-3p	NM_001305457	62.9895
hsa-miR-124-3p	NM_001005388	73.2691
hsa-miR-124-3p	NM_001199158	76.9884
hsa-miR-124-3p	NM_020133	55.6762450083249
hsa-miR-124-3p	NM_000159	86.9108
hsa-miR-124-3p	NM_130468	95.36633
hsa-miR-124-3p	NM_002235	53.528910585
hsa-miR-124-3p	NM_001160167	59.9333812408
hsa-miR-124-3p	NM_001270447	61.7866
hsa-miR-124-3p	NM_014415	80.0689
hsa-miR-124-3p	NM_021198	95.7304431321591
hsa-miR-124-3p	NM_004020	69.3164
hsa-miR-124-3p	NM_001130862	54.1
hsa-miR-124-3p	NM_004283	96.1799073374215
hsa-miR-124-3p	NM_001291424	66.7587
hsa-miR-124-3p	NM_199360	61.031955163
hsa-miR-124-3p	NM_001204262	55.8546207076
hsa-miR-124-3p	NM_022337	85.9035
hsa-miR-124-3p	NM_001321331	52.7483
hsa-miR-124-3p	NM_022489	74.6566
hsa-miR-124-3p	NM_018446	67.1389
hsa-miR-124-3p	NM_024728	63.4307
hsa-miR-124-3p	NM_031904	97.3543960127
hsa-miR-124-3p	NM_005105	52.9485
hsa-miR-124-3p	NM_001794	58.545661168
hsa-miR-124-3p	NM_004125	88.6211
hsa-miR-124-3p	NM_001127714	87.6882
hsa-miR-124-3p	NM_001290190	70.1798
hsa-miR-124-3p	NM_001242894	70.625632783
hsa-miR-124-3p	NM_001278673	97.3033180775981
hsa-miR-124-3p	NM_199359	61.031955163
hsa-miR-124-3p	NM_001160124	72.1675
hsa-miR-124-3p	NM_001252152	58.2784309948089
hsa-miR-124-3p	NM_002839	77.7305
hsa-miR-124-3p	NM_001267843	88.492783843
hsa-miR-124-3p	NM_001290043	67.8050431806
hsa-miR-124-3p	NM_001080546	57.0216764806
hsa-miR-124-3p	NM_005511	62.8331407333339
hsa-miR-124-3p	NM_000614	63.0280370978
hsa-miR-124-3p	NM_031458	77.69
hsa-miR-124-3p	NM_032103	65.9790054049237
hsa-miR-124-3p	NM_133445	50
hsa-miR-124-3p	NM_001171111	55.212262786
hsa-miR-124-3p	NM_001177663	87.0276703622
hsa-miR-124-3p	NM_001281435	59.0278839379
hsa-miR-124-3p	NM_015251	86.1402167173
hsa-miR-124-3p	NM_173517	64.9976
hsa-miR-124-3p	NM_001278159	72.3848
hsa-miR-124-3p	NM_030802	62.5575
hsa-miR-124-3p	NM_001167614	92.98228
hsa-miR-124-3p	NM_001322238	76.9404
hsa-miR-124-3p	NM_001290321	63.9355
hsa-miR-124-3p	NM_001199859	52.8062786818
hsa-miR-124-3p	NM_173607	94.46514
hsa-miR-124-3p	NM_201384	67.0186306687
hsa-miR-124-3p	NM_001322236	76.9404
hsa-miR-124-3p	NM_001164771	56.4912039052
hsa-miR-124-3p	NM_022470	81.6081488671
hsa-miR-124-3p	NM_021205	89.95
hsa-miR-124-3p	NM_015040	64.2416
hsa-miR-124-3p	NM_001126054	72.2705085078229
hsa-miR-124-3p	NM_001172420	51.3781
hsa-miR-124-3p	NM_206833	67.7663
hsa-miR-124-3p	NM_018994	56.3452
hsa-miR-124-3p	NM_004019	59.8185
hsa-miR-124-3p	NM_001303402	79.4696
hsa-miR-124-3p	NM_001321435	56.507
hsa-miR-124-3p	NM_001242617	79.5465
hsa-miR-124-3p	NM_000093	63.4631
hsa-miR-124-3p	NM_145868	90.80078
hsa-miR-124-3p	NM_203506	56.2363
hsa-miR-124-3p	NM_018984	88.2593
hsa-miR-124-3p	NM_001258244	57.0216764806
hsa-miR-124-3p	NM_001204504	65.3932590502
hsa-miR-124-3p	NM_001165946	51.0428
hsa-miR-124-3p	NM_001258296	65.32529077
hsa-miR-124-3p	NM_006704	63.8076
hsa-miR-124-3p	NM_020894	50.6974631554
hsa-miR-124-3p	NM_001290188	70.1798
hsa-miR-124-3p	NM_025124	89.3678
hsa-miR-124-3p	NM_005768	81.2122
hsa-miR-124-3p	NM_001202438	70.9849
hsa-miR-124-3p	NM_001322228	76.9404
hsa-miR-124-3p	NM_001286772	59.5863
hsa-miR-124-3p	NM_006494	51.8816
hsa-miR-124-3p	NM_017990	73.101
hsa-miR-124-3p	NM_001040633	92.17408
hsa-miR-124-3p	NM_001270492	59.607280391
hsa-miR-124-3p	NM_001145080	58.6196
hsa-miR-124-3p	NM_001286436	60.631
hsa-miR-124-3p	NM_001270727	63.1932
hsa-miR-124-3p	NM_005219	54.493428342
hsa-miR-124-3p	NM_024884	83.7572
hsa-miR-124-3p	NM_172388	97.2460315901829
hsa-miR-124-3p	NM_001145525	75.3353
hsa-miR-124-3p	NM_175841	70.1317
hsa-miR-124-3p	NM_016238	84.060476965
hsa-miR-124-3p	NM_001077690	65.4090828735
hsa-miR-124-3p	NM_001167672	95.5792471839306
hsa-miR-124-3p	NM_133487	60.3331
hsa-miR-124-3p	NM_001085467	92.3488849768
hsa-miR-124-3p	NM_002221	68.8402
hsa-miR-124-3p	NM_001102664	67.8356
hsa-miR-124-3p	NM_032139	93.92481
hsa-miR-124-3p	NM_033116	78.0254
hsa-miR-124-3p	NM_018373	54.673
hsa-miR-124-3p	NM_030625	87.4207
hsa-miR-124-3p	NM_001172412	61.7890570250011
hsa-miR-124-3p	NM_015315	61.449
hsa-miR-124-3p	NM_001314051	52.8062786818
hsa-miR-124-3p	NM_001270731	63.1932
hsa-miR-124-3p	NM_005859	51.8597217751
hsa-miR-124-3p	NM_022844	85.0392
hsa-miR-124-3p	NM_004924	60.6752
hsa-miR-124-3p	NM_015036	90.93791
hsa-miR-124-3p	NM_005302	94.71355
hsa-miR-124-3p	NM_001015877	79.093457063
hsa-miR-124-3p	NM_178169	81.474
