"list","n_genes","Cell_ID","share_top10","share_top50"
"TarBase",3047,"101_CAAGGACATCAGCCTTAGCG",0.233291298865069,0.534219878482174
"TarBase",3047,"101_CAAGGACATCAGCTTAGAGG",0.132560915666035,0.361659995786813
"TarBase",3047,"101_CAAGGACATCATGTCCACCG",0.213090682566521,0.514817122007653
"TarBase",3047,"101_CAAGGACATCCCAAGCTCAG",0.206506734320785,0.541543857030929
"TarBase",3047,"101_CAAGGACATCCCGGATTAAT",0.145306157699283,0.405993609119959
"TarBase",3047,"101_CAAGGACATCCTCAATGCTC",0.214336033814723,0.50135024069508
"TarBase",3047,"101_CAAGGACATCGAAGTGACTC",0.171509014337766,0.462783324658118
"TarBase",3047,"101_CAAGGACATCTAATCACCAC",0.186971926955574,0.532691317646346
"TarBase",3047,"101_CAAGGACATCTGGCGCATCT",0.195086754853118,0.468579281910325
"TarBase",3047,"101_CAAGGACATCTTACGGAGTC",0.192600290999792,0.478320515485346
"TarBase",3047,"101_CAAGGACATCTTATCGCTGG",0.177434908389585,0.431515411264688
"TarBase",3047,"101_CAAGGACATCTTCTCCATTC",0.195791750994487,0.499651057296392
"TarBase",3047,"101_CAAGGACATCTTCTTGAGTG",0.20368845710522,0.510895219276579
"TarBase",3047,"101_CAAGGACATCTTGACAGCCT",0.204087591240876,0.486131386861314
"TarBase",3047,"101_CAAGGACATCTTGTCGATAG",0.155055755946908,0.436593818516161
"TarBase",3047,"101_CCGACGCATTAGCCTTAGCG",0.188804180536168,0.479795268263002
"TarBase",3047,"101_CCGACGCATTATGTCCACCG",0.128286898791059,0.347722726350274
"TarBase",3047,"101_CCGACGCATTCAAGAGCTGG",0.205632165689227,0.491889892745813
"TarBase",3047,"101_CCGACGCATTCCAAGCTCAG",0.201495570186133,0.459075022352272
"TarBase",3047,"101_CCGACGCATTCCGGATTAAT",0.209950298709775,0.486319594357146
"TarBase",3047,"101_CCGACGCATTCTCAATGCTC",0.195517385839966,0.503812316715542
"TarBase",3047,"101_CCGACGCATTGAAGTGACTC",0.164240975521196,0.420890193349269
"TarBase",3047,"101_CCGACGCATTTAATCACCAC",0.191577833219929,0.44719135102442
"TarBase",3047,"101_CCGACGCATTTGGCGCATCT",0.203070427940894,0.509537516791403
"TarBase",3047,"101_CCGACGCATTTTACGGAGTC",0.192691439129542,0.483021966741942
"TarBase",3047,"101_CCGACGCATTTTATCGCTGG",0.21541532798902,0.527652141364359
"TarBase",3047,"101_CCGACGCATTTTCTCCATTC",0.205780104712042,0.503748691099477
"TarBase",3047,"101_CCGACGCATTTTCTTGAGTG",0.212511332728921,0.503898458748867
"TarBase",3047,"101_CCGACGCATTTTGACAGCCT",0.230827067669173,0.52062298603652
"TarBase",3047,"101_CCGACGCATTTTGTCGATAG",0.1439805906467,0.400513120834379
"TarBase",3047,"101_CGGAGAGTCAAGCCTTAGCG",0.18483606557377,0.470040983606557
"TarBase",3047,"101_CGGAGAGTCAAGCTTAGAGG",0.140675990675991,0.376835664335664
"TarBase",3047,"101_CGGAGAGTCAATGTCCACCG",0.150557244174265,0.427862208713273
"TarBase",3047,"101_CGGAGAGTCACAAGAGCTGG",0.198642281777192,0.50260904807741
"TarBase",3047,"101_CGGAGAGTCACCAAGCTCAG",0.190645180057013,0.451626039909244
"TarBase",3047,"101_CGGAGAGTCACCGGATTAAT",0.168962380612046,0.428594633227211
"TarBase",3047,"101_CGGAGAGTCACTCAATGCTC",0.134652245345016,0.387082420591457
"TarBase",3047,"101_CGGAGAGTCAGAAGTGACTC",0.168511313413667,0.461942356363087
"TarBase",3047,"101_CGGAGAGTCATAATCACCAC",0.223277654312137,0.544089182020216
"TarBase",3047,"101_CGGAGAGTCATGGCGCATCT",0.211232769281815,0.538081018309052
"TarBase",3047,"101_CGGAGAGTCATTACGGAGTC",0.167841527616668,0.4380892894322
"TarBase",3047,"101_CGGAGAGTCATTATCGCTGG",0.20477885800356,0.469806928659455
"TarBase",3047,"101_CGGAGAGTCATTCTCCATTC",0.202412145499383,0.478807028360049
"TarBase",3047,"101_CGGAGAGTCATTCTTGAGTG",0.132235440340909,0.3642578125
"TarBase",3047,"101_CGGAGAGTCATTGACAGCCT",0.215844202680772,0.498467271743704
"TarBase",3047,"101_CGGAGAGTCATTGTCGATAG",0.181189434198187,0.470225070334479
"TarBase",3047,"101_CGGCAAGCTAAGCCTTAGCG",0.222260883012449,0.53262970695121
"TarBase",3047,"101_CGGCAAGCTAAGCTTAGAGG",0.154385636805685,0.435914219811732
"TarBase",3047,"101_CGGCAAGCTAATGTCCACCG",0.133111228893768,0.39759218596199
"TarBase",3047,"101_CGGCAAGCTACAAGAGCTGG",0.178007908115233,0.478177367727358
"TarBase",3047,"101_CGGCAAGCTACCAAGCTCAG",0.180843119951123,0.439311655692078
"TarBase",3047,"101_CGGCAAGCTACCGGATTAAT",0.154758180566852,0.438778702371269
"TarBase",3047,"101_CGGCAAGCTACTCAATGCTC",0.16683900320546,0.392875607486299
"TarBase",3047,"101_CGGCAAGCTAGAAGTGACTC",0.150267798038154,0.401155443220798
"TarBase",3047,"101_CGGCAAGCTATGGCGCATCT",0.144422310756972,0.404252554997402
"TarBase",3047,"101_CGGCAAGCTATTACGGAGTC",0.17968855788761,0.447020988490183
"TarBase",3047,"101_CGGCAAGCTATTCTCCATTC",0.206805359661495,0.489739069111425
"TarBase",3047,"101_CGGCAAGCTATTCTTGAGTG",0.184614139452066,0.480878960786694
"TarBase",3047,"101_CGGCAAGCTATTGACAGCCT",0.17083654353027,0.4566724788127
"TarBase",3047,"101_CGGCAAGCTATTGTCGATAG",0.193387175940386,0.495203248404801
"TarBase",3047,"101_CTGCAAGTGCAGCCTTAGCG",0.174638893112361,0.468268207389387
"TarBase",3047,"101_CTGCAAGTGCATGTCCACCG",0.168492955742137,0.434941416441345
"TarBase",3047,"101_CTGCAAGTGCCAAGAGCTGG",0.242940727550242,0.585516832018994
"TarBase",3047,"101_CTGCAAGTGCCCAAGCTCAG",0.207116375802514,0.507912107785514
"TarBase",3047,"101_CTGCAAGTGCCCGGATTAAT",0.144714633993874,0.396793148715384
"TarBase",3047,"101_CTGCAAGTGCCTCAATGCTC",0.249459027189764,0.593658857841754
"TarBase",3047,"101_CTGCAAGTGCGAAGTGACTC",0.127874314716879,0.364425330776234
"TarBase",3047,"101_CTGCAAGTGCTAATCACCAC",0.195958732678103,0.516940357731518
"TarBase",3047,"101_CTGCAAGTGCTGGCGCATCT",0.264207980652963,0.62014949983511
"TarBase",3047,"101_CTGCAAGTGCTTACGGAGTC",0.208761203775153,0.482459785124948
"TarBase",3047,"101_CTGCAAGTGCTTATCGCTGG",0.183954115126805,0.446617372676387
"TarBase",3047,"101_CTGCAAGTGCTTCTCCATTC",0.222950635961226,0.540314898862554
"TarBase",3047,"101_CTGCAAGTGCTTCTTGAGTG",0.186248289588257,0.481185470829705
"TarBase",3047,"101_CTGCAAGTGCTTGACAGCCT",0.218793828892006,0.508630920271874
"TarBase",3047,"101_CTGCAAGTGCTTGTCGATAG",0.216615428107,0.549630729001025
"TarBase",3047,"101_GATGGACGCTAGCCTTAGCG",0.185866920554321,0.435628900878028
"TarBase",3047,"101_GATGGACGCTATGTCCACCG",0.132626931567329,0.361346578366446
"TarBase",3047,"101_GATGGACGCTCAAGAGCTGG",0.161215909513711,0.4288797112773
"TarBase",3047,"101_GATGGACGCTCCAAGCTCAG",0.222079154242342,0.564787205204663
"TarBase",3047,"101_GATGGACGCTCCGGATTAAT",0.168275049887141,0.456704504563447
"TarBase",3047,"101_GATGGACGCTCTCAATGCTC",0.142784626540972,0.401160261058738
"TarBase",3047,"101_GATGGACGCTGAAGTGACTC",0.155806296728171,0.439021880787434
"TarBase",3047,"101_GATGGACGCTTAATCACCAC",0.163039488174524,0.432272274372017
"TarBase",3047,"101_GATGGACGCTTGGCGCATCT",0.166305870368012,0.429008022411817
"TarBase",3047,"101_GATGGACGCTTTACGGAGTC",0.161103938024532,0.429857972885733
"TarBase",3047,"101_GATGGACGCTTTATCGCTGG",0.185581645181093,0.449201964395334
"TarBase",3047,"101_GATGGACGCTTTCTCCATTC",0.15646521433591,0.396943078004216
"TarBase",3047,"101_GATGGACGCTTTGACAGCCT",0.181469225678359,0.496161482461946
"TarBase",3047,"101_GATGGACGCTTTGTCGATAG",0.177727910238429,0.480645161290323
"TarBase",3047,"101_GGAAGGTACGAGCCTTAGCG",0.175120325805257,0.43598667160311
"TarBase",3047,"101_GGAAGGTACGAGCTTAGAGG",0.15672937475744,0.43111301754601
"TarBase",3047,"101_GGAAGGTACGATGTCCACCG",0.169994306319985,0.457278420952743
"TarBase",3047,"101_GGAAGGTACGCAAGAGCTGG",0.209187858900738,0.505195515449822
"TarBase",3047,"101_GGAAGGTACGCCAAGCTCAG",0.164568934157876,0.430447435431066
"TarBase",3047,"101_GGAAGGTACGCCGGATTAAT",0.207400455825178,0.49747508602583
"TarBase",3047,"101_GGAAGGTACGCTCAATGCTC",0.164371968883247,0.426846336620773
"TarBase",3047,"101_GGAAGGTACGGAAGTGACTC",0.167669609310566,0.462901304334545
"TarBase",3047,"101_GGAAGGTACGTAATCACCAC",0.16386524569058,0.417709748944997
"TarBase",3047,"101_GGAAGGTACGTGGCGCATCT",0.180466671065074,0.502891953112973
"TarBase",3047,"101_GGAAGGTACGTTATCGCTGG",0.198321648608455,0.542666949932724
"TarBase",3047,"101_GGAAGGTACGTTCTCCATTC",0.175145899963731,0.477002209106795
"TarBase",3047,"101_GGAAGGTACGTTCTTGAGTG",0.167934481653114,0.46410772055609
"TarBase",3047,"101_GGAAGGTACGTTGACAGCCT",0.174046506573943,0.470227099858742
"TarBase",3047,"101_GGAAGGTACGTTGTCGATAG",0.173066522444565,0.455094963891452
"TarBase",3047,"101_GGCAATCCTCAGCCTTAGCG",0.18933834321611,0.476251981447778
"TarBase",3047,"101_GGCAATCCTCAGCTTAGAGG",0.186048387096774,0.421317204301075
"TarBase",3047,"101_GGCAATCCTCCAAGAGCTGG",0.243037326333312,0.606120750368141
"TarBase",3047,"101_GGCAATCCTCCCAAGCTCAG",0.174392211556868,0.471435994202423
"TarBase",3047,"101_GGCAATCCTCGAAGTGACTC",0.168687959886672,0.4655225127902
"TarBase",3047,"101_GGCAATCCTCTAATCACCAC",0.159964765470161,0.425148645672759
"TarBase",3047,"101_GGCAATCCTCTGGCGCATCT",0.176269671529352,0.467200817186453
"TarBase",3047,"101_GGCAATCCTCTTACGGAGTC",0.11697097548556,0.313159234742126
"TarBase",3047,"101_GGCAATCCTCTTCTCCATTC",0.189727509605618,0.436867906196175
"TarBase",3047,"101_GGCAATCCTCTTCTTGAGTG",0.179654839747025,0.447689998928074
"TarBase",3047,"101_GGCAATCCTCTTGACAGCCT",0.187803383759838,0.51760214901739
"TarBase",3047,"101_GGCAATCCTCTTGTCGATAG",0.166661995122908,0.448271995963786
"TarBase",3047,"101_TACGCTACTAAGCTTAGAGG",0.147478363565906,0.407410824675684
"TarBase",3047,"101_TACGCTACTAATGTCCACCG",0.15114782556643,0.427942893059172
"TarBase",3047,"101_TACGCTACTACAAGAGCTGG",0.288589892997139,0.686990147261362
"TarBase",3047,"101_TACGCTACTACCAAGCTCAG",0.236102605974008,0.410423896033204
"TarBase",3047,"101_TACGCTACTACCGGATTAAT",0.148329873561049,0.379033779958483
"TarBase",3047,"101_TACGCTACTACTCAATGCTC",0.225163865392361,0.583250942912593
"TarBase",3047,"101_TACGCTACTAGAAGTGACTC",0.161333669270177,0.453703703703704
"TarBase",3047,"101_TACGCTACTATGGCGCATCT",0.270277233845203,0.60481294445017
"TarBase",3047,"101_TACGCTACTATTCTCCATTC",0.230112800392349,0.514615007356547
"TarBase",3047,"101_TACGCTACTATTCTTGAGTG",0.201989100817439,0.491525885558583
"TarBase",3047,"101_TACGCTACTATTGACAGCCT",0.175046872336799,0.409976705868985
"TarBase",3047,"101_TACGCTACTATTGTCGATAG",0.148024233655846,0.409191608644543
"TarBase",3047,"101_TAGAGAGATGAGCCTTAGCG",0.142995890922675,0.375768895529822
"TarBase",3047,"101_TAGAGAGATGATGTCCACCG",0.127400083979082,0.376665267015307
"TarBase",3047,"101_TAGAGAGATGCAAGAGCTGG",0.164257619265944,0.458265968485316
"TarBase",3047,"101_TAGAGAGATGCCAAGCTCAG",0.140242323078251,0.388695426943333
"TarBase",3047,"101_TAGAGAGATGCCGGATTAAT",0.149124991107633,0.426015508287686
"TarBase",3047,"101_TAGAGAGATGCTCAATGCTC",0.160604770017036,0.427853492333901
"TarBase",3047,"101_TAGAGAGATGGAAGTGACTC",0.151663791864309,0.420080494466005
"TarBase",3047,"101_TAGAGAGATGTTACGGAGTC",0.146239677982656,0.405658981264984
"TarBase",3047,"101_TAGAGAGATGTTATCGCTGG",0.172410304828702,0.458086053412463
"TarBase",3047,"101_TAGAGAGATGTTCTCCATTC",0.153098203348305,0.423489179256839
"TarBase",3047,"101_TAGAGAGATGTTCTTGAGTG",0.149783139737774,0.397676853282816
"TarBase",3047,"101_TAGAGAGATGTTGACAGCCT",0.18455497382199,0.432428010471204
"TarBase",3047,"101_TAGAGAGATGTTGTCGATAG",0.174357707509881,0.441156126482213
"TarBase",3047,"101_TAGATCTCTCAGCCTTAGCG",0.238453656998739,0.594144073139975
"TarBase",3047,"101_TAGATCTCTCAGCTTAGAGG",0.128167382595685,0.354819248033206
"TarBase",3047,"101_TAGATCTCTCCAAGAGCTGG",0.20677256203572,0.520428323059902
"TarBase",3047,"101_TAGATCTCTCCCAAGCTCAG",0.269970878775767,0.632958373779478
"TarBase",3047,"101_TAGATCTCTCCCGGATTAAT",0.206237764126105,0.465131978667387
"TarBase",3047,"101_TAGATCTCTCCTCAATGCTC",0.264587087553595,0.59491704467781
"TarBase",3047,"101_TAGATCTCTCGAAGTGACTC",0.183653810529436,0.452817605868623
"TarBase",3047,"101_TAGATCTCTCTAATCACCAC",0.183537436056425,0.471167260889785
"TarBase",3047,"101_TAGATCTCTCTGGCGCATCT",0.182170116962276,0.481110317939707
"TarBase",3047,"101_TAGATCTCTCTTACGGAGTC",0.22631043727466,0.50869002496071
"TarBase",3047,"101_TAGATCTCTCTTATCGCTGG",0.168720995536638,0.429635541367385
"TarBase",3047,"101_TAGATCTCTCTTCTCCATTC",0.167730496453901,0.436666666666667
"TarBase",3047,"101_TAGATCTCTCTTGACAGCCT",0.196656638474201,0.506953510813419
"TarBase",3047,"101_TAGATCTCTCTTGTCGATAG",0.182059075676097,0.453043410490219
"TarBase",3047,"101_TAGCTCCAGAATGTCCACCG",0.162806711501825,0.426653200817132
"TarBase",3047,"101_TAGCTCCAGACAAGAGCTGG",0.207697467717592,0.481385208787523
"TarBase",3047,"101_TAGCTCCAGACCGGATTAAT",0.174524148208359,0.47161823477613
"TarBase",3047,"101_TAGCTCCAGACTCAATGCTC",0.173213073416739,0.456017845019882
"TarBase",3047,"101_TAGCTCCAGAGAAGTGACTC",0.159001716948737,0.430126318371352
"TarBase",3047,"101_TAGCTCCAGATAATCACCAC",0.14011082211919,0.365449131139508
"TarBase",3047,"101_TAGCTCCAGATGGCGCATCT",0.160906193640833,0.44010178619957
"TarBase",3047,"101_TAGCTCCAGATTACGGAGTC",0.164248568806538,0.424616527553205
"TarBase",3047,"101_TAGCTCCAGATTATCGCTGG",0.172389745878546,0.427878044017964
"TarBase",3047,"101_TAGCTCCAGATTCTCCATTC",0.14636584706836,0.372061604971629
"TarBase",3047,"101_TAGCTCCAGATTCTTGAGTG",0.191282661021373,0.473479685642201
"TarBase",3047,"101_TAGCTCCAGATTGACAGCCT",0.212316490269717,0.530471150563332
"TarBase",3047,"101_TAGCTCCAGATTGTCGATAG",0.227677879398543,0.530460393737405
"TarBase",3047,"101_TCCGGATTCGAGCCTTAGCG",0.205397954001306,0.535804977145759
"TarBase",3047,"101_TCCGGATTCGAGCTTAGAGG",0.134749697608178,0.38095516797378
"TarBase",3047,"101_TCCGGATTCGATGTCCACCG",0.243289409468033,0.560273304050756
"TarBase",3047,"101_TCCGGATTCGCAAGAGCTGG",0.183442190406159,0.489381028591202
"TarBase",3047,"101_TCCGGATTCGCCAAGCTCAG",0.197181788587639,0.48407198995489
"TarBase",3047,"101_TCCGGATTCGCCGGATTAAT",0.171982712433475,0.462406686430689
"TarBase",3047,"101_TCCGGATTCGCTCAATGCTC",0.16343965329093,0.422193121940573
"TarBase",3047,"101_TCCGGATTCGGAAGTGACTC",0.226529864419201,0.548112861854159
"TarBase",3047,"101_TCCGGATTCGTAATCACCAC",0.201676417641764,0.476991449144915
"TarBase",3047,"101_TCCGGATTCGTGGCGCATCT",0.203734469806414,0.488731580468073
"TarBase",3047,"101_TCCGGATTCGTTACGGAGTC",0.157616555786374,0.421862263009808
"TarBase",3047,"101_TCCGGATTCGTTATCGCTGG",0.193777943368107,0.48070044709389
"TarBase",3047,"101_TCCGGATTCGTTCTCCATTC",0.140656586075847,0.420109970081669
"TarBase",3047,"101_TCCGGATTCGTTCTTGAGTG",0.179170225198903,0.466579763563627
"TarBase",3047,"101_TCCGGATTCGTTGTCGATAG",0.167240573056158,0.413892785784126
"TarBase",3047,"101_TCGTGAAGCGAGCCTTAGCG",0.146274743857555,0.37710136277728
"TarBase",3047,"101_TCGTGAAGCGAGCTTAGAGG",0.159351357365376,0.405902314196707
"TarBase",3047,"101_TCGTGAAGCGCAAGAGCTGG",0.186557248925361,0.452090660414224
"TarBase",3047,"101_TCGTGAAGCGCCAAGCTCAG",0.170510641741523,0.439507971190418
"TarBase",3047,"101_TCGTGAAGCGCCGGATTAAT",0.156734693877551,0.420524781341108
"TarBase",3047,"101_TCGTGAAGCGCTCAATGCTC",0.182735114079021,0.465358931552588
"TarBase",3047,"101_TCGTGAAGCGGAAGTGACTC",0.143710542393592,0.310908967483538
"TarBase",3047,"101_TCGTGAAGCGTAATCACCAC",0.154708644020989,0.433581883457608
"TarBase",3047,"101_TCGTGAAGCGTGGCGCATCT",0.201278902346066,0.477386296264928
"TarBase",3047,"101_TCGTGAAGCGTTACGGAGTC",0.190695566800091,0.466732119930519
"TarBase",3047,"101_TCGTGAAGCGTTCTCCATTC",0.146890508868995,0.410609550495097
"TarBase",3047,"101_TCGTGAAGCGTTCTTGAGTG",0.182248619013997,0.45063753789924
"TarBase",3047,"101_TCGTGAAGCGTTGACAGCCT",0.163739942444353,0.4677864568039
"TarBase",3047,"101_TCGTGAAGCGTTGTCGATAG",0.171073520556194,0.461378441999234
"TarBase",3047,"101_TCTGCGTTAAAGCCTTAGCG",0.120285724217039,0.344294205568494
"TarBase",3047,"101_TCTGCGTTAACCAAGCTCAG",0.195214267385168,0.476905311778291
"TarBase",3047,"101_TCTGCGTTAACCGGATTAAT",0.1653981264637,0.437792740046838
"TarBase",3047,"101_TCTGCGTTAACTCAATGCTC",0.169926707436628,0.457588347882919
"TarBase",3047,"101_TCTGCGTTAAGAAGTGACTC",0.195636363636364,0.488898395721925
"TarBase",3047,"101_TCTGCGTTAATAATCACCAC",0.164292376833715,0.447850419740524
"TarBase",3047,"101_TCTGCGTTAATGGCGCATCT",0.24096318540763,0.547714381047714
"TarBase",3047,"101_TCTGCGTTAATTACGGAGTC",0.243998394219189,0.522601364913689
"TarBase",3047,"101_TCTGCGTTAATTATCGCTGG",0.192662208566781,0.493794806916079
"TarBase",3047,"101_TCTGCGTTAATTCTCCATTC",0.188328640900947,0.455387765549015
"TarBase",3047,"101_TCTGCGTTAATTGACAGCCT",0.225042932875383,0.532890315836631
"TarBase",3047,"101_TCTGCGTTAATTGTCGATAG",0.18740543266806,0.474529865264068
"TarBase",3047,"101_TGACACCGTAAGCCTTAGCG",0.129802056839544,0.383147185668473
"TarBase",3047,"101_TGACACCGTAAGCTTAGAGG",0.132649472450176,0.341559202813599
"TarBase",3047,"101_TGACACCGTAATGTCCACCG",0.166719779052475,0.441071807945613
"TarBase",3047,"101_TGACACCGTACAAGAGCTGG",0.156881428815754,0.435436976227125
"TarBase",3047,"101_TGACACCGTACCAAGCTCAG",0.1696996996997,0.446336336336336
"TarBase",3047,"101_TGACACCGTACCGGATTAAT",0.181146978021978,0.471767072213501
"TarBase",3047,"101_TGACACCGTACTCAATGCTC",0.220338983050847,0.474687049961227
"TarBase",3047,"101_TGACACCGTAGAAGTGACTC",0.180447284345048,0.486869009584665
"TarBase",3047,"101_TGACACCGTATAATCACCAC",0.184374739995008,0.488518179549047
"TarBase",3047,"101_TGACACCGTATGGCGCATCT",0.141322293684236,0.394297824104877
"TarBase",3047,"101_TGACACCGTATTACGGAGTC",0.160807577754992,0.429080611298276
"TarBase",3047,"101_TGACACCGTATTATCGCTGG",0.151612635768178,0.419202387861703
"TarBase",3047,"101_TGACACCGTATTCTCCATTC",0.133067090037154,0.366188192546279
"TarBase",3047,"101_TGACACCGTATTGACAGCCT",0.14050288820931,0.351172273190622
"TarBase",3047,"101_TGACACCGTATTGTCGATAG",0.144924323982015,0.375815337850674
"TarBase",3047,"101_TGACCATGAAAGCCTTAGCG",0.132171203604286,0.373860502326365
"TarBase",3047,"101_TGACCATGAAAGCTTAGAGG",0.155703223386297,0.418155997963613
"TarBase",3047,"101_TGACCATGAAATGTCCACCG",0.1825060370271,0.473678561845989
"TarBase",3047,"101_TGACCATGAACAAGAGCTGG",0.162213740458015,0.429248989672205
"TarBase",3047,"101_TGACCATGAACCAAGCTCAG",0.172430401695405,0.435218187072536
"TarBase",3047,"101_TGACCATGAACCGGATTAAT",0.14183612835072,0.385101677010432
"TarBase",3047,"101_TGACCATGAACTCAATGCTC",0.190862594669027,0.468279728533491
"TarBase",3047,"101_TGACCATGAAGAAGTGACTC",0.15974763690249,0.433305642246121
"TarBase",3047,"101_TGACCATGAATAATCACCAC",0.13963813963814,0.377566877566878
"TarBase",3047,"101_TGACCATGAATGGCGCATCT",0.164648582831631,0.447992062955196
"TarBase",3047,"101_TGACCATGAATTACGGAGTC",0.136786738922537,0.387248963978323
"TarBase",3047,"101_TGACCATGAATTATCGCTGG",0.134715025906736,0.377129185086593
"TarBase",3047,"101_TGACCATGAATTCTCCATTC",0.158201273195178,0.430008126777733
"TarBase",3047,"101_TGACCATGAATTCTTGAGTG",0.128596581158484,0.365397044730215
"TarBase",3047,"101_TGACCATGAATTGACAGCCT",0.160981149216443,0.427027027027027
"TarBase",3047,"101_TGACCATGAATTGTCGATAG",0.154660616373606,0.41751748912838
"TarBase",3047,"101_TGATGGAGAAAGCCTTAGCG",0.206865361132468,0.491746189679345
"TarBase",3047,"101_TGATGGAGAAAGCTTAGAGG",0.144163721463368,0.410879740185309
"TarBase",3047,"101_TGATGGAGAACAAGAGCTGG",0.221373704894605,0.60776170060736
"TarBase",3047,"101_TGATGGAGAACCAAGCTCAG",0.181523638999019,0.467152662318285
"TarBase",3047,"101_TGATGGAGAACCGGATTAAT",0.171568363890532,0.473036184741115
"TarBase",3047,"101_TGATGGAGAACTCAATGCTC",0.186426116838488,0.483505154639175
"TarBase",3047,"101_TGATGGAGAAGAAGTGACTC",0.186228352743592,0.472426419977424
"TarBase",3047,"101_TGATGGAGAATAATCACCAC",0.130438285530132,0.358362874637448
"TarBase",3047,"101_TGATGGAGAATGGCGCATCT",0.163511667456578,0.423903649390839
"TarBase",3047,"101_TGATGGAGAATTACGGAGTC",0.15170532718627,0.424726640758889
"TarBase",3047,"101_TGATGGAGAATTATCGCTGG",0.144208541185059,0.394786470373525
"TarBase",3047,"101_TGATGGAGAATTCTCCATTC",0.134791633402523,0.264090691361967
"TarBase",3047,"101_TGATGGAGAATTCTTGAGTG",0.194355247591685,0.49014140048448
"TarBase",3047,"101_TGATGGAGAATTGACAGCCT",0.201729711574793,0.486964188253075
"TarBase",3047,"101_TGATGGAGAATTGTCGATAG",0.157224146462147,0.433770410687778
"TarBase",3047,"101_TTAGGCATCCAGCTTAGAGG",0.165049687733218,0.431478062767587
"TarBase",3047,"101_TTAGGCATCCATGTCCACCG",0.16957395073475,0.417274553335448
"TarBase",3047,"101_TTAGGCATCCCAAGAGCTGG",0.206246806336229,0.531297904956566
"TarBase",3047,"101_TTAGGCATCCCCAAGCTCAG",0.173466529735786,0.452198674260106
"TarBase",3047,"101_TTAGGCATCCCCGGATTAAT",0.158682085168869,0.43040259422418
"TarBase",3047,"101_TTAGGCATCCCTCAATGCTC",0.18123743578289,0.454947509492964
"TarBase",3047,"101_TTAGGCATCCGAAGTGACTC",0.166130470173263,0.465444397069654
"TarBase",3047,"101_TTAGGCATCCTAATCACCAC",0.150308735264908,0.390604084805043
"TarBase",3047,"101_TTAGGCATCCTGGCGCATCT",0.17158191189755,0.394813752059089
"TarBase",3047,"101_TTAGGCATCCTTACGGAGTC",0.159336873251996,0.400591787929148
"TarBase",3047,"101_TTAGGCATCCTTATCGCTGG",0.138953292065279,0.345301069217783
"TarBase",3047,"101_TTAGGCATCCTTCTCCATTC",0.193193827943352,0.471922778834637
"TarBase",3047,"101_TTAGGCATCCTTGACAGCCT",0.160991280403855,0.428132170720514
"TarBase",3047,"101_TTAGGCATCCTTGTCGATAG",0.185703550629344,0.472337027991734
"TarBase",3047,"101_TTATGGCCTTAGCCTTAGCG",0.159428708785706,0.42420175473739
"TarBase",3047,"101_TTATGGCCTTAGCTTAGAGG",0.153342599650271,0.394789938573286
"TarBase",3047,"101_TTATGGCCTTATGTCCACCG",0.165739138568021,0.431323948931394
"TarBase",3047,"101_TTATGGCCTTCAAGAGCTGG",0.158855876559422,0.415750164149705
"TarBase",3047,"101_TTATGGCCTTCCAAGCTCAG",0.145059801143187,0.373649070560546
"TarBase",3047,"101_TTATGGCCTTCTCAATGCTC",0.177012341130963,0.299226376864984
"TarBase",3047,"101_TTATGGCCTTGAAGTGACTC",0.181376326240294,0.483522020034379
"TarBase",3047,"101_TTATGGCCTTTGGCGCATCT",0.167582709832985,0.442750257083082
"TarBase",3047,"101_TTATGGCCTTTTACGGAGTC",0.140363099872956,0.36379656571452
"TarBase",3047,"101_TTATGGCCTTTTATCGCTGG",0.120453505661672,0.351023676083724
"TarBase",3047,"101_TTATGGCCTTTTCTCCATTC",0.188291919162632,0.511438429644234
"TarBase",3047,"101_TTATGGCCTTTTCTTGAGTG",0.180810631229236,0.45597342192691
"TarBase",3047,"101_TTATGGCCTTTTGACAGCCT",0.142824444953078,0.406322321405864
"TarBase",3047,"101_TTATGGCCTTTTGTCGATAG",0.161483748242494,0.436523033661401
"TarBase",3047,"101_TTCCAGCTATAGCCTTAGCG",0.166874670660343,0.42133288959148
"TarBase",3047,"101_TTCCAGCTATAGCTTAGAGG",0.164530467805973,0.428965993440359
"TarBase",3047,"101_TTCCAGCTATATGTCCACCG",0.263230851252888,0.643006930869024
"TarBase",3047,"101_TTCCAGCTATCAAGAGCTGG",0.198461397563879,0.495191867387123
"TarBase",3047,"101_TTCCAGCTATCCAAGCTCAG",0.150524737631184,0.39480259870065
"TarBase",3047,"101_TTCCAGCTATCCGGATTAAT",0.139713322091062,0.374072512647555
"TarBase",3047,"101_TTCCAGCTATCTCAATGCTC",0.168405515791176,0.435339075579279
"TarBase",3047,"101_TTCCAGCTATTAATCACCAC",0.140796864794252,0.383827563683867
"TarBase",3047,"101_TTCCAGCTATTGGCGCATCT",0.112368257904526,0.304298408762141
"TarBase",3047,"101_TTCCAGCTATTTACGGAGTC",0.165319042246459,0.426883540178012
"TarBase",3047,"101_TTCCAGCTATTTCTCCATTC",0.13702049395691,0.404887020493957
"TarBase",3047,"101_TTCCAGCTATTTGACAGCCT",0.153345498783455,0.404835766423358
"TarBase",3047,"101_TTCCAGCTATTTGTCGATAG",0.141488655963911,0.388589624519039
"TarBase",3047,"101_TTCCGTGCTGAGCCTTAGCG",0.162467476863288,0.395547212067319
"TarBase",3047,"101_TTCCGTGCTGAGCTTAGAGG",0.145399252044549,0.40726585295689
"TarBase",3047,"101_TTCCGTGCTGATGTCCACCG",0.165484691986459,0.44038646865502
"TarBase",3047,"101_TTCCGTGCTGCAAGAGCTGG",0.14064466699502,0.414737590981229
"TarBase",3047,"101_TTCCGTGCTGCCAAGCTCAG",0.162174903747937,0.465152824703386
"TarBase",3047,"101_TTCCGTGCTGCCGGATTAAT",0.176778151015043,0.472907842850884
"TarBase",3047,"101_TTCCGTGCTGCTCAATGCTC",0.161670073434779,0.394693012340071
"TarBase",3047,"101_TTCCGTGCTGGAAGTGACTC",0.15127712477396,0.413596292947559
"TarBase",3047,"101_TTCCGTGCTGTAATCACCAC",0.176464096527369,0.442355797527958
"TarBase",3047,"101_TTCCGTGCTGTGGCGCATCT",0.183219856623077,0.495839187290608
"TarBase",3047,"101_TTCCGTGCTGTTACGGAGTC",0.159648531806187,0.4115995732974
"TarBase",3047,"101_TTCCGTGCTGTTATCGCTGG",0.137510040160643,0.382208835341365
"TarBase",3047,"101_TTCCGTGCTGTTCTTGAGTG",0.155459702198062,0.394055778775703
"TarBase",3047,"101_TTCCGTGCTGTTGACAGCCT",0.142398161393964,0.396050749278863
"TarBase",3047,"101_TTCCGTGCTGTTGTCGATAG",0.253200407839583,0.595785657641328
"TarBase",3047,"101_TTCGCACGCAAGCCTTAGCG",0.156177097068668,0.436910437164013
"TarBase",3047,"101_TTCGCACGCAAGCTTAGAGG",0.164984982958189,0.400296966220092
"TarBase",3047,"101_TTCGCACGCAATGTCCACCG",0.174404936820453,0.437628563032618
"TarBase",3047,"101_TTCGCACGCACAAGAGCTGG",0.267571444334106,0.561182831292067
"TarBase",3047,"101_TTCGCACGCACCAAGCTCAG",0.200253271422541,0.521485859012242
"TarBase",3047,"101_TTCGCACGCACCGGATTAAT",0.196578329419658,0.470311975847031
"TarBase",3047,"101_TTCGCACGCACTCAATGCTC",0.228207476479893,0.540421280492882
"TarBase",3047,"101_TTCGCACGCAGAAGTGACTC",0.194280818249973,0.485916247188604
"TarBase",3047,"101_TTCGCACGCATGGCGCATCT",0.174583668799525,0.453917538878766
"TarBase",3047,"101_TTCGCACGCATTACGGAGTC",0.134672807328306,0.362037552507718
"TarBase",3047,"101_TTCGCACGCATTATCGCTGG",0.175017041581459,0.445501022494887
"TarBase",3047,"101_TTCGCACGCATTCTCCATTC",0.247275573484256,0.583358420133662
"TarBase",3047,"101_TTCGCACGCATTCTTGAGTG",0.159173710288546,0.431907607111629
"TarBase",3047,"101_TTCGCACGCATTGACAGCCT",0.212984384037016,0.507446500867553
"TarBase",3047,"101_TTCGCACGCATTGTCGATAG",0.175561797752809,0.426670609107037
"TarBase",3047,"101_TTGTCTGCAAAGCCTTAGCG",0.20309423347398,0.536596343178622
"TarBase",3047,"101_TTGTCTGCAAATGTCCACCG",0.233474833232262,0.532848190822721
"TarBase",3047,"101_TTGTCTGCAACAAGAGCTGG",0.182821327683616,0.466631355932203
"TarBase",3047,"101_TTGTCTGCAACCAAGCTCAG",0.232384622986461,0.531623678229074
"TarBase",3047,"101_TTGTCTGCAACCGGATTAAT",0.186334101865437,0.45718926849717
"TarBase",3047,"101_TTGTCTGCAACTCAATGCTC",0.184660572620714,0.487194268302726
"TarBase",3047,"101_TTGTCTGCAAGAAGTGACTC",0.166737070786313,0.451209945084787
"TarBase",3047,"101_TTGTCTGCAATGGCGCATCT",0.213551652734105,0.520055218958509
"TarBase",3047,"101_TTGTCTGCAATTACGGAGTC",0.233730377849649,0.516841524019879
"TarBase",3047,"101_TTGTCTGCAATTATCGCTGG",0.177541912917622,0.441140996261006
"TarBase",3047,"101_TTGTCTGCAATTCTTGAGTG",0.248187482854568,0.615276090449504
"TarBase",3047,"101_TTGTCTGCAATTGACAGCCT",0.175558790785304,0.458251263166909
"TarBase",3047,"101_TTGTCTGCAATTGTCGATAG",0.182487539646579,0.441209787041232
"TarBase",3047,"103_CAAGGACATCACCTCACCAG",0.195624653849197,0.488171532557956
"TarBase",3047,"103_CAAGGACATCAGCAACAGTA",0.250435723300679,0.590059498767955
"TarBase",3047,"103_CAAGGACATCAGGCGGATCA",0.231872372285895,0.536946380233831
"TarBase",3047,"103_CAAGGACATCCCGCCGATAA",0.21997800219978,0.510848915108489
"TarBase",3047,"103_CAAGGACATCCGGTTGGCTA",0.201688878676471,0.482306985294118
"TarBase",3047,"103_CAAGGACATCGAATGAACGT",0.25462962962963,0.580418381344307
"TarBase",3047,"103_CAAGGACATCGAGCGGAACT",0.172979000185839,0.458316298085858
"TarBase",3047,"103_CAAGGACATCTGACAGAGGT",0.250976329002949,0.580138678568582
"TarBase",3047,"103_CAAGGACATCTGCAGGCTAC",0.174772116549871,0.470704462827335
"TarBase",3047,"103_CAAGGACATCTTATGCCGCT",0.239614876931439,0.579004581101017
"TarBase",3047,"103_CAAGGACATCTTATTCGCCT",0.207615707396505,0.509550948831966
"TarBase",3047,"103_CAAGGACATCTTCTCGCCTC",0.189367905862751,0.47651775486827
"TarBase",3047,"103_CAAGGACATCTTGCTAAGGA",0.266067920291889,0.604920946767705
"TarBase",3047,"103_CCGACGCATTACCTCACCAG",0.182183954293072,0.460086907540034
"TarBase",3047,"103_CCGACGCATTCCGCCGATAA",0.155316082952196,0.376354864983397
"TarBase",3047,"103_CCGACGCATTCGGTTGGCTA",0.175445126868912,0.450214033128606
"TarBase",3047,"103_CCGACGCATTGAATGAACGT",0.290504693239015,0.597945857706434
"TarBase",3047,"103_CCGACGCATTGAGCGGAACT",0.164253742861553,0.398580027782065
"TarBase",3047,"103_CCGACGCATTTGACAGAGGT",0.197446329926235,0.513678012636036
"TarBase",3047,"103_CCGACGCATTTGCAGGCTAC",0.213496448303078,0.488210339384373
"TarBase",3047,"103_CCGACGCATTTTATGCCGCT",0.237221959299574,0.544368196876479
"TarBase",3047,"103_CCGACGCATTTTATTCGCCT",0.181222707423581,0.451048034934498
"TarBase",3047,"103_CCGACGCATTTTCTCGCCTC",0.234183315807921,0.561558009113214
"TarBase",3047,"103_CGGAGAGTCAACCTCACCAG",0.26030534351145,0.577226463104326
"TarBase",3047,"103_CGGAGAGTCAAGGCGGATCA",0.208281854051253,0.526682874337412
"TarBase",3047,"103_CGGAGAGTCACCGCCGATAA",0.226520940129606,0.522197504594255
"TarBase",3047,"103_CGGAGAGTCAGAATGAACGT",0.215678805424349,0.585326832241353
"TarBase",3047,"103_CGGAGAGTCATGACAGAGGT",0.220236829043466,0.544919520669361
"TarBase",3047,"103_CGGAGAGTCATGCAGGCTAC",0.206245933636955,0.485867129328418
"TarBase",3047,"103_CGGAGAGTCATTACCGGACC",0.210709775195757,0.527153321545845
"TarBase",3047,"103_CGGAGAGTCATTATGCCGCT",0.257002858309514,0.562515312372397
"TarBase",3047,"103_CGGAGAGTCATTATTCGCCT",0.201776916922818,0.508610888879532
"TarBase",3047,"103_CGGAGAGTCATTCTCGCCTC",0.269387755102041,0.615206082432973
"TarBase",3047,"103_CGGAGAGTCATTGCTAAGGA",0.232853185595568,0.559556786703601
"TarBase",3047,"103_CGGCAAGCTAAACATAGCCT",0.238184408711582,0.591329126806432
"TarBase",3047,"103_CGGCAAGCTAACCTCACCAG",0.288956127080181,0.617246596066566
"TarBase",3047,"103_CGGCAAGCTAAGCAACAGTA",0.282890430684645,0.607278439586333
"TarBase",3047,"103_CGGCAAGCTAAGGCGGATCA",0.21773750686436,0.527732015376167
"TarBase",3047,"103_CGGCAAGCTACCGCCGATAA",0.171063489285089,0.452476807281638
"TarBase",3047,"103_CGGCAAGCTAGAATGAACGT",0.240069663071874,0.567854511353741
"TarBase",3047,"103_CGGCAAGCTAGAGCGGAACT",0.181103136368105,0.377249041392194
"TarBase",3047,"103_CGGCAAGCTATGACAGAGGT",0.216369295006862,0.535539618410624
"TarBase",3047,"103_CGGCAAGCTATGCAGGCTAC",0.194532678794879,0.500962556550197
"TarBase",3047,"103_CGGCAAGCTATTCTCGCCTC",0.182679141944318,0.490187129164765
"TarBase",3047,"103_CGGCAAGCTATTGCTAAGGA",0.272538213580119,0.592908391390246
"TarBase",3047,"103_CTGCAAGTGCAACATAGCCT",0.180143474021451,0.481473742861123
"TarBase",3047,"103_CTGCAAGTGCACCTCACCAG",0.235393734123624,0.541807790008467
"TarBase",3047,"103_CTGCAAGTGCCCGCCGATAA",0.220807726075505,0.543239683933275
"TarBase",3047,"103_CTGCAAGTGCGAATGAACGT",0.173727735368957,0.446819338422392
"TarBase",3047,"103_CTGCAAGTGCTGACAGAGGT",0.225169905806605,0.542327411470132
"TarBase",3047,"103_CTGCAAGTGCTGCAGGCTAC",0.210470548571979,0.516447526850648
"TarBase",3047,"103_CTGCAAGTGCTTACCGGACC",0.155886017125116,0.4284443038225
"TarBase",3047,"103_CTGCAAGTGCTTATGCCGCT",0.193802546240692,0.516622627912563
"TarBase",3047,"103_CTGCAAGTGCTTATTCGCCT",0.242444788841534,0.547752808988764
"TarBase",3047,"103_CTGCAAGTGCTTGCTAAGGA",0.261075373224906,0.570336205850224
"TarBase",3047,"103_GATGGACGCTAACATAGCCT",0.17207530380134,0.469091515808793
"TarBase",3047,"103_GATGGACGCTACCTCACCAG",0.155737704918033,0.423110890324005
"TarBase",3047,"103_GATGGACGCTAGCAACAGTA",0.223225096312603,0.545074298293891
"TarBase",3047,"103_GATGGACGCTCCGCCGATAA",0.265396210163652,0.588393626184324
"TarBase",3047,"103_GATGGACGCTCGGTTGGCTA",0.25623113410953,0.529883570504528
"TarBase",3047,"103_GATGGACGCTGAATGAACGT",0.189609312929635,0.489101523368683
"TarBase",3047,"103_GATGGACGCTGAGCGGAACT",0.206592265766935,0.516610433428497
"TarBase",3047,"103_GATGGACGCTTGACAGAGGT",0.241309883342216,0.558654586368212
"TarBase",3047,"103_GATGGACGCTTGCAGGCTAC",0.19537661493459,0.465304298366783
"TarBase",3047,"103_GATGGACGCTTTATGCCGCT",0.241457245869881,0.571382446321907
"TarBase",3047,"103_GATGGACGCTTTCTCGCCTC",0.197210179076343,0.506465598491989
"TarBase",3047,"103_GGAAGGTACGAACATAGCCT",0.252663410095371,0.592789020702489
"TarBase",3047,"103_GGAAGGTACGACCTCACCAG",0.24078259185123,0.532833989797895
"TarBase",3047,"103_GGAAGGTACGCCGCCGATAA",0.209327633113098,0.48651379712398
"TarBase",3047,"103_GGAAGGTACGCGGTTGGCTA",0.250298030613705,0.573697010156883
"TarBase",3047,"103_GGAAGGTACGGAATGAACGT",0.167045771051899,0.446964070188469
"TarBase",3047,"103_GGAAGGTACGTGACAGAGGT",0.197643014976676,0.480051559047385
"TarBase",3047,"103_GGAAGGTACGTGCAGGCTAC",0.249174197569336,0.586724836397632
"TarBase",3047,"103_GGAAGGTACGTTATGCCGCT",0.297646267652993,0.625285810356422
"TarBase",3047,"103_GGAAGGTACGTTATTCGCCT",0.224470985828949,0.546411152502016
"TarBase",3047,"103_GGAAGGTACGTTCTCGCCTC",0.203905882352941,0.513129411764706
"TarBase",3047,"103_GGCAATCCTCACCTCACCAG",0.246220772158782,0.546927678085916
"TarBase",3047,"103_GGCAATCCTCAGGCGGATCA",0.221227342214457,0.489626556016597
"TarBase",3047,"103_GGCAATCCTCCAGGCTCCAA",0.189179657191225,0.458912322776328
"TarBase",3047,"103_GGCAATCCTCCCGCCGATAA",0.197670017243555,0.510745678596963
"TarBase",3047,"103_GGCAATCCTCGAATGAACGT",0.242201405152225,0.558688524590164
"TarBase",3047,"103_GGCAATCCTCGAGCGGAACT",0.25095785440613,0.55660048763497
"TarBase",3047,"103_GGCAATCCTCTGACAGAGGT",0.229873474414959,0.504758705632068
"TarBase",3047,"103_GGCAATCCTCTGCAGGCTAC",0.195071747824041,0.499647141848977
"TarBase",3047,"103_GGCAATCCTCTTACCGGACC",0.198185506593035,0.452947143018145
"TarBase",3047,"103_GGCAATCCTCTTATTCGCCT",0.227244249530117,0.527208448939408
"TarBase",3047,"103_GGCAATCCTCTTCTCGCCTC",0.203036593804697,0.492652745552978
"TarBase",3047,"103_GGCAATCCTCTTGCTAAGGA",0.255181751900844,0.570773877721071
"TarBase",3047,"103_TACGCTACTAAGCAACAGTA",0.277488180385501,0.611346829918778
"TarBase",3047,"103_TACGCTACTAAGGCGGATCA",0.184920634920635,0.477813852813853
"TarBase",3047,"103_TACGCTACTACAGGCTCCAA",0.240556660039761,0.559393638170974
"TarBase",3047,"103_TACGCTACTACCGCCGATAA",0.171353826030085,0.39509483322433
"TarBase",3047,"103_TACGCTACTACGGTTGGCTA",0.202991590164987,0.526481350709379
"TarBase",3047,"103_TACGCTACTAGAATGAACGT",0.198223306044243,0.502804389479185
"TarBase",3047,"103_TACGCTACTAGAGCGGAACT",0.273305505863645,0.579805207712184
"TarBase",3047,"103_TACGCTACTATGACAGAGGT",0.189883422248567,0.429756965026675
"TarBase",3047,"103_TACGCTACTATTACCGGACC",0.226996820502939,0.524617015126698
"TarBase",3047,"103_TACGCTACTATTATTCGCCT",0.192527078126001,0.478113183362174
"TarBase",3047,"103_TACGCTACTATTCTCGCCTC",0.210761392979273,0.517342452369321
"TarBase",3047,"103_TACGCTACTATTGCTAAGGA",0.228925660174745,0.492361009420608
"TarBase",3047,"103_TAGAGAGATGACCTCACCAG",0.189063044235458,0.505050505050505
"TarBase",3047,"103_TAGAGAGATGAGCAACAGTA",0.18909679740914,0.46718243972652
"TarBase",3047,"103_TAGAGAGATGCCGCCGATAA",0.166109422492401,0.42758358662614
"TarBase",3047,"103_TAGAGAGATGCGGTTGGCTA",0.213043017962381,0.570455588100364
"TarBase",3047,"103_TAGAGAGATGGAATGAACGT",0.183672139692468,0.487294761532447
"TarBase",3047,"103_TAGAGAGATGGAGCGGAACT",0.200318281281082,0.499850805649493
"TarBase",3047,"103_TAGAGAGATGTGACAGAGGT",0.195379920016839,0.500157861502842
"TarBase",3047,"103_TAGAGAGATGTGCAGGCTAC",0.172270578359033,0.454778420889851
"TarBase",3047,"103_TAGAGAGATGTTATGCCGCT",0.198528924524551,0.514147505135511
"TarBase",3047,"103_TAGAGAGATGTTATTCGCCT",0.199435359292601,0.493794279017738
"TarBase",3047,"103_TAGAGAGATGTTGCTAAGGA",0.200884713608172,0.50285023713973
"TarBase",3047,"103_TAGATCTCTCACCTCACCAG",0.204651557592734,0.493930905695612
"TarBase",3047,"103_TAGATCTCTCCAGGCTCCAA",0.218702675416456,0.462266532054518
"TarBase",3047,"103_TAGATCTCTCCGGTTGGCTA",0.233746009499338,0.528692673051468
"TarBase",3047,"103_TAGATCTCTCGAATGAACGT",0.166955684007707,0.424470134874759
"TarBase",3047,"103_TAGATCTCTCTGACAGAGGT",0.233022957135977,0.554101781987478
"TarBase",3047,"103_TAGATCTCTCTGCAGGCTAC",0.308842039018251,0.61626809314034
"TarBase",3047,"103_TAGATCTCTCTTACCGGACC",0.177169875042215,0.466700439040865
"TarBase",3047,"103_TAGATCTCTCTTATTCGCCT",0.278968882956536,0.616000667389672
"TarBase",3047,"103_TAGATCTCTCTTCTCGCCTC",0.202935889754344,0.51018573996405
"TarBase",3047,"103_TAGCTCCAGAACCTCACCAG",0.235947258848022,0.51648160999306
"TarBase",3047,"103_TAGCTCCAGAGAATGAACGT",0.199260943718022,0.436554860716316
"TarBase",3047,"103_TAGCTCCAGAGAGCGGAACT",0.214516129032258,0.535663082437276
"TarBase",3047,"103_TAGCTCCAGATGACAGAGGT",0.180789682090734,0.483567145604706
"TarBase",3047,"103_TAGCTCCAGATGCAGGCTAC",0.213467783284909,0.513074688087506
"TarBase",3047,"103_TCCGGATTCGACCTCACCAG",0.266700662927078,0.581540030596634
"TarBase",3047,"103_TCCGGATTCGAGCAACAGTA",0.199985809060915,0.505374818178593
"TarBase",3047,"103_TCCGGATTCGAGGCGGATCA",0.181189438420806,0.454558553366233
"TarBase",3047,"103_TCCGGATTCGCCGCCGATAA",0.228542254790077,0.564658538050333
"TarBase",3047,"103_TCCGGATTCGCGGTTGGCTA",0.281905149603094,0.604722165682882
"TarBase",3047,"103_TCCGGATTCGGAATGAACGT",0.175445270620785,0.450769496800968
"TarBase",3047,"103_TCCGGATTCGGAGCGGAACT",0.201576696008767,0.516420970763955
"TarBase",3047,"103_TCCGGATTCGTGACAGAGGT",0.238049303322615,0.509860664523044
"TarBase",3047,"103_TCCGGATTCGTTATGCCGCT",0.198806532663317,0.475659547738693
"TarBase",3047,"103_TCCGGATTCGTTATTCGCCT",0.215939612855423,0.506159118273595
"TarBase",3047,"103_TCCGGATTCGTTCTCGCCTC",0.261306891139963,0.606862605221858
"TarBase",3047,"103_TCGTGAAGCGAACATAGCCT",0.208010621818986,0.504093826067714
"TarBase",3047,"103_TCGTGAAGCGAGGCGGATCA",0.206848894348894,0.518427518427518
"TarBase",3047,"103_TCGTGAAGCGCGGTTGGCTA",0.226902490109379,0.525948336048406
"TarBase",3047,"103_TCGTGAAGCGGAATGAACGT",0.155755046028932,0.400365944307851
"TarBase",3047,"103_TCGTGAAGCGGAGCGGAACT",0.232107623318386,0.533991031390134
"TarBase",3047,"103_TCGTGAAGCGTGACAGAGGT",0.222963266981326,0.524830699774266
"TarBase",3047,"103_TCGTGAAGCGTGCAGGCTAC",0.238693467336683,0.574560301507538
"TarBase",3047,"103_TCGTGAAGCGTTACCGGACC",0.165466479734897,0.357411419831761
"TarBase",3047,"103_TCGTGAAGCGTTATTCGCCT",0.245300201652247,0.568854485136278
"TarBase",3047,"103_TCGTGAAGCGTTCTCGCCTC",0.198823945530109,0.465072066495711
"TarBase",3047,"103_TCGTGAAGCGTTGCTAAGGA",0.16264078245406,0.390881248765066
"TarBase",3047,"103_TCTGCGTTAAAGCAACAGTA",0.143145086036355,0.400321003322011
"TarBase",3047,"103_TCTGCGTTAACAGGCTCCAA",0.236394557823129,0.476785714285714
"TarBase",3047,"103_TCTGCGTTAACCGCCGATAA",0.173878417839129,0.405362357313512
"TarBase",3047,"103_TCTGCGTTAACGGTTGGCTA",0.174318507890961,0.45363245076301
"TarBase",3047,"103_TCTGCGTTAAGAATGAACGT",0.177250193909554,0.464236333591879
"TarBase",3047,"103_TCTGCGTTAAGAGCGGAACT",0.203422125681186,0.531458404786403
"TarBase",3047,"103_TCTGCGTTAATGACAGAGGT",0.226008877098107,0.562573338094995
"TarBase",3047,"103_TCTGCGTTAATGCAGGCTAC",0.256181089208152,0.58160708319412
"TarBase",3047,"103_TCTGCGTTAATTATGCCGCT",0.194278732121038,0.48587651836412
"TarBase",3047,"103_TCTGCGTTAATTATTCGCCT",0.193870752831446,0.492338441039307
"TarBase",3047,"103_TCTGCGTTAATTCTCGCCTC",0.22634629159341,0.556554014455948
"TarBase",3047,"103_TCTGCGTTAATTGCTAAGGA",0.248704008092047,0.559109874826147
"TarBase",3047,"103_TGACACCGTAAACATAGCCT",0.18606334841629,0.440754147812971
"TarBase",3047,"103_TGACACCGTAACCTCACCAG",0.217704951821508,0.519451744216004
"TarBase",3047,"103_TGACACCGTAAGCAACAGTA",0.141454980715521,0.397552866072616
"TarBase",3047,"103_TGACACCGTAAGGCGGATCA",0.157837131710417,0.423676452415838
"TarBase",3047,"103_TGACACCGTACAGGCTCCAA",0.17642356702873,0.451826773875018
"TarBase",3047,"103_TGACACCGTACCGCCGATAA",0.19830108541765,0.3704577630958
"TarBase",3047,"103_TGACACCGTACGGTTGGCTA",0.205690710847713,0.49798631348024
"TarBase",3047,"103_TGACACCGTAGAGCGGAACT",0.166910505836576,0.427735408560311
"TarBase",3047,"103_TGACACCGTATGCAGGCTAC",0.214556343192373,0.510755316548521
"TarBase",3047,"103_TGACACCGTATTACCGGACC",0.116715643906655,0.334831460674157
"TarBase",3047,"103_TGACACCGTATTATGCCGCT",0.185062382498718,0.457323534438557
"TarBase",3047,"103_TGACACCGTATTATTCGCCT",0.213991594855032,0.52196799252876
"TarBase",3047,"103_TGACACCGTATTCTCGCCTC",0.179459652889605,0.441343114451005
"TarBase",3047,"103_TGACACCGTATTGCTAAGGA",0.19230075730256,0.522448611611973
"TarBase",3047,"103_TGACCATGAAAACATAGCCT",0.171547839915187,0.449708454810496
"TarBase",3047,"103_TGACCATGAAACCTCACCAG",0.148491348491348,0.406663806663807
"TarBase",3047,"103_TGACCATGAAAGCAACAGTA",0.154264479289405,0.4281700353485
"TarBase",3047,"103_TGACCATGAACCGCCGATAA",0.204366750912665,0.499719180005616
"TarBase",3047,"103_TGACCATGAACGGTTGGCTA",0.214414119954241,0.488723647654846
"TarBase",3047,"103_TGACCATGAAGAGCGGAACT",0.202803865523343,0.484687627603103
"TarBase",3047,"103_TGACCATGAATGACAGAGGT",0.217955112219451,0.503740648379052
"TarBase",3047,"103_TGACCATGAATGCAGGCTAC",0.179919761341426,0.432877276000411
"TarBase",3047,"103_TGACCATGAATTACCGGACC",0.133274892249251,0.371509971509972
"TarBase",3047,"103_TGACCATGAATTATGCCGCT",0.1584,0.4304
"TarBase",3047,"103_TGACCATGAATTATTCGCCT",0.174775367083059,0.456552706552707
"TarBase",3047,"103_TGACCATGAATTCTCGCCTC",0.17361445256113,0.420585276234635
"TarBase",3047,"103_TGACCATGAATTGCTAAGGA",0.215318772136954,0.513946280991736
"TarBase",3047,"103_TGATGGAGAAACCTCACCAG",0.256232268968431,0.558821754089455
"TarBase",3047,"103_TGATGGAGAAAGGCGGATCA",0.178362960997612,0.499137702308305
"TarBase",3047,"103_TGATGGAGAACAGGCTCCAA",0.220861115418411,0.50240347340673
"TarBase",3047,"103_TGATGGAGAACCGCCGATAA",0.257904411764706,0.550183823529412
"TarBase",3047,"103_TGATGGAGAAGAATGAACGT",0.207065419298186,0.527981357019825
"TarBase",3047,"103_TGATGGAGAAGAGCGGAACT",0.211176555092659,0.491883350093377
"TarBase",3047,"103_TGATGGAGAATGACAGAGGT",0.213317847464189,0.495160665892373
"TarBase",3047,"103_TGATGGAGAATGCAGGCTAC",0.181628922514471,0.453437595206662
"TarBase",3047,"103_TGATGGAGAATTACCGGACC",0.148212134300198,0.407378782023596
"TarBase",3047,"103_TGATGGAGAATTATGCCGCT",0.256837498948077,0.587477909618783
"TarBase",3047,"103_TGATGGAGAATTCTCGCCTC",0.181053830435802,0.48685224265568
"TarBase",3047,"103_TGATGGAGAATTGCTAAGGA",0.201975043151014,0.50230610339266
"TarBase",3047,"103_TTAGGCATCCAACATAGCCT",0.206589114375478,0.498344230279358
"TarBase",3047,"103_TTAGGCATCCACCTCACCAG",0.205731793894556,0.509621492358854
"TarBase",3047,"103_TTAGGCATCCAGGCGGATCA",0.164952096748861,0.449112611905136
"TarBase",3047,"103_TTAGGCATCCCCGCCGATAA",0.2101314612155,0.494390529286255
"TarBase",3047,"103_TTAGGCATCCCGGTTGGCTA",0.194994396712738,0.491688457228241
"TarBase",3047,"103_TTAGGCATCCGAATGAACGT",0.207273386840793,0.50628032467238
"TarBase",3047,"103_TTAGGCATCCGAGCGGAACT",0.272777092752432,0.58788875188382
"TarBase",3047,"103_TTAGGCATCCTGACAGAGGT",0.193480953855683,0.507393930009291
"TarBase",3047,"103_TTAGGCATCCTGCAGGCTAC",0.22303961636968,0.536047081902894
"TarBase",3047,"103_TTAGGCATCCTTACCGGACC",0.196035908815816,0.51982045592092
"TarBase",3047,"103_TTAGGCATCCTTATGCCGCT",0.184813278008299,0.461327800829876
"TarBase",3047,"103_TTAGGCATCCTTATTCGCCT",0.177646188008882,0.447293943484129
"TarBase",3047,"103_TTAGGCATCCTTGCTAAGGA",0.218285578409226,0.519914397812389
"TarBase",3047,"103_TTATGGCCTTAACATAGCCT",0.159414027940662,0.430693578585684
"TarBase",3047,"103_TTATGGCCTTCCGCCGATAA",0.174446058844897,0.482201235016346
"TarBase",3047,"103_TTATGGCCTTCGGTTGGCTA",0.207264138899528,0.536576024511681
"TarBase",3047,"103_TTATGGCCTTGAATGAACGT",0.178909622615235,0.455263890823005
"TarBase",3047,"103_TTATGGCCTTGAGCGGAACT",0.197104365811392,0.462910168259825
"TarBase",3047,"103_TTATGGCCTTTGACAGAGGT",0.208895552223888,0.547868922681516
"TarBase",3047,"103_TTATGGCCTTTGCAGGCTAC",0.198583792289536,0.476868607395751
"TarBase",3047,"103_TTATGGCCTTTTACCGGACC",0.129134268994409,0.386652974065561
"TarBase",3047,"103_TTATGGCCTTTTATGCCGCT",0.227298435241626,0.553635392446428
"TarBase",3047,"103_TTATGGCCTTTTATTCGCCT",0.188646521246081,0.488726569274898
"TarBase",3047,"103_TTATGGCCTTTTCTCGCCTC",0.193951131072562,0.469323004656146
"TarBase",3047,"103_TTATGGCCTTTTGCTAAGGA",0.245316787972796,0.545340651473571
"TarBase",3047,"103_TTCCAGCTATCAGGCTCCAA",0.280110388330376,0.625665286812537
"TarBase",3047,"103_TTCCAGCTATCCGCCGATAA",0.203446605860037,0.507183792073614
"TarBase",3047,"103_TTCCAGCTATCGGTTGGCTA",0.234992607195663,0.490783637259734
"TarBase",3047,"103_TTCCAGCTATGAGCGGAACT",0.174978182271537,0.464811120807879
"TarBase",3047,"103_TTCCAGCTATTTATGCCGCT",0.272184300341297,0.563353242320819
"TarBase",3047,"103_TTCCAGCTATTTATTCGCCT",0.221354716184849,0.529084898361117
"TarBase",3047,"103_TTCCAGCTATTTCTCGCCTC",0.193750973166554,0.486427570457258
"TarBase",3047,"103_TTCCGTGCTGACCTCACCAG",0.244545973729298,0.584009137635637
"TarBase",3047,"103_TTCCGTGCTGAGCAACAGTA",0.153915391539154,0.425154053866925
"TarBase",3047,"103_TTCCGTGCTGCCGCCGATAA",0.214740368509213,0.525226130653266
"TarBase",3047,"103_TTCCGTGCTGCGGTTGGCTA",0.238985549985255,0.529696254792097
"TarBase",3047,"103_TTCCGTGCTGGAATGAACGT",0.223469505844231,0.42425645179956
"TarBase",3047,"103_TTCCGTGCTGTGACAGAGGT",0.284920855317967,0.618994723687865
"TarBase",3047,"103_TTCCGTGCTGTGCAGGCTAC",0.262453405625212,0.596662148424263
"TarBase",3047,"103_TTCCGTGCTGTTATGCCGCT",0.21305566680016,0.528977630299216
"TarBase",3047,"103_TTCCGTGCTGTTATTCGCCT",0.200877298401634,0.477887273164283
"TarBase",3047,"103_TTCCGTGCTGTTCTCGCCTC",0.194823936886665,0.486675004810468
"TarBase",3047,"103_TTCCGTGCTGTTGCTAAGGA",0.23885104742321,0.594332348027246
"TarBase",3047,"103_TTCGCACGCAAACATAGCCT",0.303489519828137,0.669569761365616
"TarBase",3047,"103_TTCGCACGCAACCTCACCAG",0.227268025240509,0.445019137271129
"TarBase",3047,"103_TTCGCACGCAAGCAACAGTA",0.154781695686412,0.357599090034124
"TarBase",3047,"103_TTCGCACGCACCGCCGATAA",0.242421190452211,0.525934132339611
"TarBase",3047,"103_TTCGCACGCACGGTTGGCTA",0.16799773613382,0.448056848195196
"TarBase",3047,"103_TTCGCACGCAGAATGAACGT",0.173598510170948,0.472495463661541
"TarBase",3047,"103_TTCGCACGCAGAGCGGAACT",0.271375066880685,0.62043873729267
"TarBase",3047,"103_TTCGCACGCATGCAGGCTAC",0.207989386792453,0.515919811320755
"TarBase",3047,"103_TTCGCACGCATTATGCCGCT",0.261302306020887,0.601177542580781
"TarBase",3047,"103_TTCGCACGCATTATTCGCCT",0.272052234028934,0.575854564076303
"TarBase",3047,"103_TTCGCACGCATTCTCGCCTC",0.210849682329121,0.492913495776025
"TarBase",3047,"103_TTCGCACGCATTGCTAAGGA",0.257703081232493,0.586134453781513
"TarBase",3047,"103_TTGTCTGCAAAACATAGCCT",0.145833333333333,0.416426589842083
"TarBase",3047,"103_TTGTCTGCAACAGGCTCCAA",0.232295100602478,0.566443105604183
"TarBase",3047,"103_TTGTCTGCAACCGCCGATAA",0.276713849569803,0.603108520677213
"TarBase",3047,"103_TTGTCTGCAACGGTTGGCTA",0.228579958204796,0.534580555279132
"TarBase",3047,"103_TTGTCTGCAAGAATGAACGT",0.245658517916089,0.55795818781993
"TarBase",3047,"103_TTGTCTGCAATGACAGAGGT",0.24988055422838,0.572503583373149
"TarBase",3047,"103_TTGTCTGCAATGCAGGCTAC",0.220908583131633,0.534351145038168
"TarBase",3047,"103_TTGTCTGCAATTATTCGCCT",0.248698389635549,0.494369778423538
"TarBase",3047,"103_TTGTCTGCAATTCTCGCCTC",0.198444867234676,0.503184713375796
"TarBase",3047,"105_CAAGGACATCTAGGTGGCGA",0.240506329113924,0.527105118326912
"TarBase",3047,"105_CAAGGACATCTAGTTAGGCT",0.226567286093527,0.545793342862977
"TarBase",3047,"105_CAAGGACATCTCTGCAACAA",0.184714409346603,0.497674167027261
"TarBase",3047,"105_CAAGGACATCTGCATCATAC",0.285381479324403,0.609930110658125
"TarBase",3047,"105_CAAGGACATCTGGCCTTAAT",0.337972508591065,0.646563573883162
"TarBase",3047,"105_CCGACGCATTCCGGAGCTAA",0.254934404916677,0.564826852617894
"TarBase",3047,"105_CCGACGCATTCCGTGTTACT",0.165019535738911,0.427166168696851
"TarBase",3047,"105_CCGACGCATTCGACGCAGAA",0.216996354509054,0.499731070340047
"TarBase",3047,"105_CCGACGCATTTAGGTGGCGA",0.252503382949932,0.55020297699594
"TarBase",3047,"105_CCGACGCATTTAGTTAGGCT",0.286903753880892,0.599491955969517
"TarBase",3047,"105_CCGACGCATTTTCAGGAGAT",0.249548192771084,0.576204819277109
"TarBase",3047,"105_CGGAGAGTCACCGGAGCTAA",0.252949754739494,0.63283839321225
"TarBase",3047,"105_CGGAGAGTCATGCATCATAC",0.189800995024876,0.539021558872305
"TarBase",3047,"105_CGGCAAGCTACCGTGTTACT",0.200282752120641,0.482354173211855
"TarBase",3047,"105_CGGCAAGCTACGACGCAGAA",0.19592605675262,0.485929589073355
"TarBase",3047,"105_CGGCAAGCTACTATCTAGTG",0.197382319173364,0.525097588978186
"TarBase",3047,"105_CGGCAAGCTAGCACAGTATT",0.247277556440903,0.538202744577247
"TarBase",3047,"105_CGGCAAGCTATAGGTGGCGA",0.220807776877676,0.542414072445319
"TarBase",3047,"105_CGGCAAGCTATAGTTAGGCT",0.188964102564103,0.469497435897436
"TarBase",3047,"105_CGGCAAGCTATCTGCAACAA",0.17362423994686,0.394359000562056
"TarBase",3047,"105_CTGCAAGTGCTACAACTAGC",0.261543508570491,0.53719347166407
"TarBase",3047,"105_CTGCAAGTGCTAGGTGGCGA",0.28307535046729,0.613317757009346
"TarBase",3047,"105_CTGCAAGTGCTAGTTAGGCT",0.216449896541531,0.526899201891812
"TarBase",3047,"105_CTGCAAGTGCTCTGCAACAA",0.285546541417592,0.616673783091375
"TarBase",3047,"105_CTGCAAGTGCTGCATCATAC",0.332057979545287,0.735413141049224
"TarBase",3047,"105_CTGCAAGTGCTTACAACACG",0.239728720267348,0.531256143109888
"TarBase",3047,"105_GATGGACGCTCCGGAGCTAA",0.279810298102981,0.660343270099368
"TarBase",3047,"105_GATGGACGCTCGACGCAGAA",0.17199650301385,0.493305112041596
"TarBase",3047,"105_GATGGACGCTTACAACTAGC",0.227654019221154,0.520248875062497
"TarBase",3047,"105_GATGGACGCTTAGGTGGCGA",0.245859342488556,0.574282147315855
"TarBase",3047,"105_GATGGACGCTTGGCCTTAAT",0.203433730481758,0.519055724117516
"TarBase",3047,"105_GATGGACGCTTTACAACACG",0.248070175438597,0.533684210526316
"TarBase",3047,"105_GGAAGGTACGCCATCTCCGT",0.221855905754099,0.53888082992659
"TarBase",3047,"105_GGAAGGTACGCCGGAGCTAA",0.296895640686922,0.665015411712902
"TarBase",3047,"105_GGAAGGTACGCGACGCAGAA",0.235028059301449,0.573247340648296
"TarBase",3047,"105_GGAAGGTACGTAGGTGGCGA",0.268680325399217,0.626996083157577
"TarBase",3047,"105_GGCAATCCTCCCATCTCCGT",0.274472653782999,0.605153467222433
"TarBase",3047,"105_GGCAATCCTCCCGTGTTACT",0.246149235840575,0.598621516332035
"TarBase",3047,"105_GGCAATCCTCTGCATCATAC",0.291630466261222,0.607993049522155
"TarBase",3047,"105_GGCAATCCTCTGGCCTTAAT",0.247451727852822,0.577608353360404
"TarBase",3047,"105_TAGAGAGATGCCATCTCCGT",0.159364527739854,0.443873118317701
"TarBase",3047,"105_TAGAGAGATGCCGGAGCTAA",0.233369388858843,0.556246619794484
"TarBase",3047,"105_TAGAGAGATGCGACGCAGAA",0.230573248407643,0.552388535031847
"TarBase",3047,"105_TAGAGAGATGTACAACTAGC",0.213338363757727,0.539425951185535
"TarBase",3047,"105_TAGAGAGATGTCTGCAACAA",0.196545711201528,0.443577181765341
"TarBase",3047,"105_TAGAGAGATGTTCAGGAGAT",0.260196322411171,0.579980644269321
"TarBase",3047,"105_TAGATCTCTCCCATCTCCGT",0.221946861852343,0.507578813901216
"TarBase",3047,"105_TAGATCTCTCCCGGAGCTAA",0.233572611816676,0.503681207436039
"TarBase",3047,"105_TAGATCTCTCTAGGTGGCGA",0.227129778461108,0.51841498357677
"TarBase",3047,"105_TAGATCTCTCTTCAGGAGAT",0.247192461598038,0.580095520846779
"TarBase",3047,"105_TAGCTCCAGACCGTGTTACT",0.327137042062415,0.61438263229308
"TarBase",3047,"105_TAGCTCCAGACTCTTATTCG",0.208164675683681,0.541242965741929
"TarBase",3047,"105_TAGCTCCAGATAGGTGGCGA",0.184562713974479,0.463196389666978
"TarBase",3047,"105_TAGCTCCAGATGCATCATAC",0.204968441495388,0.541889194583805
"TarBase",3047,"105_TAGCTCCAGATGGCCTTAAT",0.307074910820452,0.619203329369798
"TarBase",3047,"105_TAGCTCCAGATTCAGGAGAT",0.174290007143033,0.452597354614646
"TarBase",3047,"105_TCCGGATTCGCCATCTCCGT",0.198703914528418,0.493125492600053
"TarBase",3047,"105_TCCGGATTCGCCGGAGCTAA",0.25419763281035,0.539911918524635
"TarBase",3047,"105_TCCGGATTCGCCGTGTTACT",0.24596742465969,0.550318671807381
"TarBase",3047,"105_TCCGGATTCGCGACGCAGAA",0.139942827442827,0.405492030492031
"TarBase",3047,"105_TCCGGATTCGTAGGTGGCGA",0.228173356934848,0.587049620282076
"TarBase",3047,"105_TCCGGATTCGTCTGCAACAA",0.223355537052456,0.546679850124896
"TarBase",3047,"105_TCCGGATTCGTGGCCTTAAT",0.228942486085343,0.540754483611626
"TarBase",3047,"105_TCCGGATTCGTTACAACACG",0.212360939431397,0.55327564894932
"TarBase",3047,"105_TCCGGATTCGTTCAGGAGAT",0.21669727834363,0.548104858907998
"TarBase",3047,"105_TCCGGATTCGTTCTCTGATC",0.20361797592764,0.472402250551955
"TarBase",3047,"105_TCGTGAAGCGCCGGAGCTAA",0.192839240959542,0.483351235230935
"TarBase",3047,"105_TCGTGAAGCGCCGTGTTACT",0.23526936026936,0.546927609427609
"TarBase",3047,"105_TCGTGAAGCGCGACGCAGAA",0.193601209220305,0.488096737624386
"TarBase",3047,"105_TCGTGAAGCGCTATCTAGTG",0.247687307275606,0.579798316526377
"TarBase",3047,"105_TCGTGAAGCGCTCTTATTCG",0.145328212495236,0.410287607376352
"TarBase",3047,"105_TCGTGAAGCGTACAACTAGC",0.205905932656334,0.524118118653127
"TarBase",3047,"105_TCGTGAAGCGTAGTTAGGCT",0.190390447308567,0.491944655041698
"TarBase",3047,"105_TCGTGAAGCGTCTGCAACAA",0.19461429915334,0.483889934148636
"TarBase",3047,"105_TCGTGAAGCGTGCATCATAC",0.281728966810012,0.486051383835042
"TarBase",3047,"105_TCGTGAAGCGTTACAACACG",0.162925206000423,0.46233889710543
"TarBase",3047,"105_TCGTGAAGCGTTCAGGAGAT",0.169239199926934,0.468444606813408
"TarBase",3047,"105_TCTGCGTTAACCGTGTTACT",0.24113475177305,0.541683393550114
"TarBase",3047,"105_TCTGCGTTAACGACGCAGAA",0.25343295638126,0.557148626817448
"TarBase",3047,"105_TCTGCGTTAATACAACTAGC",0.256257610607496,0.557028818833717
"TarBase",3047,"105_TCTGCGTTAATAGGTGGCGA",0.290916701548765,0.595856006697363
"TarBase",3047,"105_TCTGCGTTAATGCATCATAC",0.280306147642169,0.618467615834088
"TarBase",3047,"105_TCTGCGTTAATTACAACACG",0.267886855241265,0.599120513429998
"TarBase",3047,"105_TGACACCGTACCATCTCCGT",0.122335180105069,0.389417818657773
"TarBase",3047,"105_TGACACCGTACCGGAGCTAA",0.155425735181077,0.447741198691059
"TarBase",3047,"105_TGACACCGTACCGTGTTACT",0.180856067732832,0.502743806835999
"TarBase",3047,"105_TGACACCGTACGACGCAGAA",0.180153810835629,0.480735384144475
"TarBase",3047,"105_TGACACCGTACTCTTATTCG",0.146687717082412,0.448967477107673
"TarBase",3047,"105_TGACACCGTATACAACTAGC",0.150110587556496,0.420264769048306
"TarBase",3047,"105_TGACACCGTATAGGTGGCGA",0.186007562108255,0.50597609561753
"TarBase",3047,"105_TGACACCGTATAGTTAGGCT",0.14839868198539,0.419846928991091
"TarBase",3047,"105_TGACACCGTATCTGCAACAA",0.161067768979972,0.417035398230089
"TarBase",3047,"105_TGACACCGTATGCATCATAC",0.174470427852349,0.475933305369128
"TarBase",3047,"105_TGACACCGTATGGCCTTAAT",0.200891220351412,0.518346165778267
"TarBase",3047,"105_TGACACCGTATTACAACACG",0.161390243515003,0.439327752450241
"TarBase",3047,"105_TGACACCGTATTCTCTGATC",0.139056670068767,0.39269161912092
"TarBase",3047,"105_TGACCATGAACCGGAGCTAA",0.222164748480538,0.550174576490366
"TarBase",3047,"105_TGACCATGAACGACGCAGAA",0.1955376163247,0.457562507007512
"TarBase",3047,"105_TGACCATGAACTATCTAGTG",0.222754740570952,0.544835729665903
"TarBase",3047,"105_TGACCATGAATACAACTAGC",0.216239109390126,0.48378509196515
"TarBase",3047,"105_TGACCATGAATCTGCAACAA",0.279693486590038,0.6415982484948
"TarBase",3047,"105_TGACCATGAATGCATCATAC",0.160676232419378,0.377752521665009
"TarBase",3047,"105_TGACCATGAATGGCCTTAAT",0.205614276960784,0.501034007352941
"TarBase",3047,"105_TGACCATGAATTACAACACG",0.19846581935775,0.500564037000827
"TarBase",3047,"105_TGACCATGAATTCTCTGATC",0.206451316454533,0.523089647566972
"TarBase",3047,"105_TGATGGAGAACCATCTCCGT",0.268238329814684,0.6385174759559
"TarBase",3047,"105_TGATGGAGAACCGGAGCTAA",0.294213836477987,0.65937106918239
"TarBase",3047,"105_TGATGGAGAACCGTGTTACT",0.226041882645656,0.552228903172299
"TarBase",3047,"105_TGATGGAGAACGACGCAGAA",0.171910386397686,0.485993519389568
"TarBase",3047,"105_TGATGGAGAACTATCTAGTG",0.199206588329818,0.501757557497238
"TarBase",3047,"105_TGATGGAGAAGCACAGTATT",0.187509162879343,0.475443483360211
"TarBase",3047,"105_TGATGGAGAATACAACTAGC",0.171410827036539,0.428216540730773
"TarBase",3047,"105_TGATGGAGAATAGGTGGCGA",0.204560983942603,0.514818927229245
"TarBase",3047,"105_TGATGGAGAATAGTTAGGCT",0.192673794379032,0.495917354626246
"TarBase",3047,"105_TGATGGAGAATGGCCTTAAT",0.210231158528245,0.515319381753522
"TarBase",3047,"105_TGATGGAGAATTCAGGAGAT",0.221799485861183,0.567952013710369
"TarBase",3047,"105_TTAGGCATCCCCGGAGCTAA",0.21502165148574,0.474391518590414
"TarBase",3047,"105_TTAGGCATCCCCGTGTTACT",0.224446965399887,0.533692569483834
"TarBase",3047,"105_TTAGGCATCCCGACGCAGAA",0.229134937557112,0.530003045994517
"TarBase",3047,"105_TTAGGCATCCCTATCTAGTG",0.213250517598344,0.511904761904762
"TarBase",3047,"105_TTAGGCATCCCTCTTATTCG",0.250209819555183,0.52355224506924
"TarBase",3047,"105_TTAGGCATCCTAGGTGGCGA",0.219579139981702,0.524029923039664
"TarBase",3047,"105_TTAGGCATCCTAGTTAGGCT",0.163844199830652,0.411609746918807
"TarBase",3047,"105_TTAGGCATCCTCTGCAACAA",0.220712825007304,0.568580192813322
"TarBase",3047,"105_TTAGGCATCCTGCATCATAC",0.205618867694558,0.551130477177159
"TarBase",3047,"105_TTAGGCATCCTGGCCTTAAT",0.207707742337231,0.522382896284508
"TarBase",3047,"105_TTAGGCATCCTTCAGGAGAT",0.214179700879096,0.521886060052517
"TarBase",3047,"105_TTAGGCATCCTTCTCTGATC",0.197164044493436,0.480108227277282
"TarBase",3047,"105_TTATGGCCTTCCATCTCCGT",0.155587776042828,0.421313852331028
"TarBase",3047,"105_TTATGGCCTTCCGTGTTACT",0.252316517134873,0.613178408589498
"TarBase",3047,"105_TTATGGCCTTCGACGCAGAA",0.1984621374343,0.493673350204399
"TarBase",3047,"105_TTATGGCCTTCTCTTATTCG",0.194349450202557,0.498237491450518
"TarBase",3047,"105_TTATGGCCTTTACAACTAGC",0.226397221345122,0.501420903062835
"TarBase",3047,"105_TTATGGCCTTTAGTTAGGCT",0.231954808564056,0.54557500523049
"TarBase",3047,"105_TTATGGCCTTTCTGCAACAA",0.273046189826545,0.622003508088092
"TarBase",3047,"105_TTATGGCCTTTGCATCATAC",0.145386322798858,0.402996511996618
"TarBase",3047,"105_TTATGGCCTTTGGCCTTAAT",0.208624663099098,0.528924651380805
"TarBase",3047,"105_TTATGGCCTTTTCAGGAGAT",0.258569575690198,0.575782842319807
"TarBase",3047,"105_TTATGGCCTTTTCTCTGATC",0.19808951290814,0.493185654877095
"TarBase",3047,"105_TTCCAGCTATTACAACTAGC",0.153276289958144,0.425436159573286
"TarBase",3047,"105_TTCCAGCTATTAGGTGGCGA",0.23429989145604,0.51411071483951
"TarBase",3047,"105_TTCCAGCTATTGCATCATAC",0.214637434785157,0.5384840846474
"TarBase",3047,"105_TTCCAGCTATTTCAGGAGAT",0.278907074973601,0.589361140443506
"TarBase",3047,"105_TTCCGTGCTGCCGGAGCTAA",0.20527201346046,0.491643297812675
"TarBase",3047,"105_TTCCGTGCTGCTCTTATTCG",0.192109392512889,0.550517180644955
"TarBase",3047,"105_TTCCGTGCTGTGGCCTTAAT",0.235531914893617,0.563617021276596
"TarBase",3047,"105_TTCCGTGCTGTTACAACACG",0.281224947891615,0.59676126342793
"TarBase",3047,"105_TTCGCACGCACCGTGTTACT",0.168899672961283,0.373140626648381
"TarBase",3047,"105_TTCGCACGCATACAACTAGC",0.236245954692557,0.558399529273316
"TarBase",3047,"105_TTCGCACGCATTCAGGAGAT",0.214014043300176,0.51316559391457
"TarBase",3047,"105_TTGTCTGCAATACAACTAGC",0.226916735366859,0.54517724649629
"TarBase",3047,"105_TTGTCTGCAATAGTTAGGCT",0.243473325766175,0.579682179341657
"TargetScan top200",153,"101_CAAGGACATCAGCCTTAGCG",0.304721030042919,0.815450643776824
"TargetScan top200",153,"101_CAAGGACATCAGCTTAGAGG",0.234121122599705,0.727474150664697
"TargetScan top200",153,"101_CAAGGACATCATGTCCACCG",0.294520547945205,0.804794520547945
"TargetScan top200",153,"101_CAAGGACATCCCAAGCTCAG",0.344213649851632,0.795252225519288
"TargetScan top200",153,"101_CAAGGACATCCCGGATTAAT",0.309210526315789,0.773026315789474
"TargetScan top200",153,"101_CAAGGACATCCTCAATGCTC",0.309523809523809,0.839285714285714
"TargetScan top200",153,"101_CAAGGACATCGAAGTGACTC",0.260956175298805,0.758964143426295
"TargetScan top200",153,"101_CAAGGACATCTAATCACCAC",0.717996289424861,0.944341372912801
"TargetScan top200",153,"101_CAAGGACATCTGGCGCATCT",0.300947867298578,0.751184834123223
"TargetScan top200",153,"101_CAAGGACATCTTACGGAGTC",0.29042904290429,0.775577557755776
"TargetScan top200",153,"101_CAAGGACATCTTATCGCTGG",0.295871559633028,0.772935779816514
"TargetScan top200",153,"101_CAAGGACATCTTCTCCATTC",0.331325301204819,0.813253012048193
"TargetScan top200",153,"101_CAAGGACATCTTCTTGAGTG",0.307359307359307,0.787878787878788
"TargetScan top200",153,"101_CAAGGACATCTTGACAGCCT",0.36734693877551,0.938775510204082
"TargetScan top200",153,"101_CAAGGACATCTTGTCGATAG",0.291750503018109,0.750503018108652
"TargetScan top200",153,"101_CCGACGCATTAGCCTTAGCG",0.44141689373297,0.866485013623978
"TargetScan top200",153,"101_CCGACGCATTATGTCCACCG",0.263768115942029,0.746376811594203
"TargetScan top200",153,"101_CCGACGCATTCAAGAGCTGG",0.351851851851852,0.847222222222222
"TargetScan top200",153,"101_CCGACGCATTCCAAGCTCAG",0.373913043478261,0.847826086956522
"TargetScan top200",153,"101_CCGACGCATTCCGGATTAAT",0.338912133891213,0.832635983263598
"TargetScan top200",153,"101_CCGACGCATTCTCAATGCTC",0.279835390946502,0.794238683127572
"TargetScan top200",153,"101_CCGACGCATTGAAGTGACTC",0.272,0.756
"TargetScan top200",153,"101_CCGACGCATTTAATCACCAC",0.338164251207729,0.826086956521739
"TargetScan top200",153,"101_CCGACGCATTTGGCGCATCT",0.328467153284672,0.81021897810219
"TargetScan top200",153,"101_CCGACGCATTTTACGGAGTC",0.302158273381295,0.809352517985611
"TargetScan top200",153,"101_CCGACGCATTTTATCGCTGG",0.317567567567568,0.780405405405405
"TargetScan top200",153,"101_CCGACGCATTTTCTCCATTC",0.276150627615063,0.803347280334728
"TargetScan top200",153,"101_CCGACGCATTTTCTTGAGTG",0.279365079365079,0.761904761904762
"TargetScan top200",153,"101_CCGACGCATTTTGACAGCCT",0.376,0.896
"TargetScan top200",153,"101_CCGACGCATTTTGTCGATAG",0.277495769881557,0.758037225042301
"TargetScan top200",153,"101_CGGAGAGTCAAGCCTTAGCG",0.347972972972973,0.834459459459459
"TargetScan top200",153,"101_CGGAGAGTCAAGCTTAGAGG",0.333976833976834,0.77027027027027
"TargetScan top200",153,"101_CGGAGAGTCAATGTCCACCG",0.356435643564356,0.762376237623762
"TargetScan top200",153,"101_CGGAGAGTCACAAGAGCTGG",0.310975609756098,0.810975609756098
"TargetScan top200",153,"101_CGGAGAGTCACCAAGCTCAG",0.347457627118644,0.822033898305085
"TargetScan top200",153,"101_CGGAGAGTCACCGGATTAAT",0.300275482093664,0.743801652892562
"TargetScan top200",153,"101_CGGAGAGTCACTCAATGCTC",0.34349593495935,0.786585365853658
"TargetScan top200",153,"101_CGGAGAGTCAGAAGTGACTC",0.276363636363636,0.789090909090909
"TargetScan top200",153,"101_CGGAGAGTCATAATCACCAC",0.319354838709677,0.780645161290323
"TargetScan top200",153,"101_CGGAGAGTCATGGCGCATCT",0.314285714285714,0.797619047619048
"TargetScan top200",153,"101_CGGAGAGTCATTACGGAGTC",0.356107660455487,0.848861283643892
"TargetScan top200",153,"101_CGGAGAGTCATTATCGCTGG",0.37117903930131,0.860262008733624
"TargetScan top200",153,"101_CGGAGAGTCATTCTCCATTC",0.287066246056782,0.788643533123028
"TargetScan top200",153,"101_CGGAGAGTCATTCTTGAGTG",0.280167890870934,0.736621196222455
"TargetScan top200",153,"101_CGGAGAGTCATTGACAGCCT",0.291891891891892,0.816216216216216
"TargetScan top200",153,"101_CGGAGAGTCATTGTCGATAG",0.289972899728997,0.772357723577236
"TargetScan top200",153,"101_CGGCAAGCTAAGCCTTAGCG",0.327464788732394,0.795774647887324
"TargetScan top200",153,"101_CGGCAAGCTAAGCTTAGAGG",0.282560706401766,0.766004415011038
"TargetScan top200",153,"101_CGGCAAGCTAATGTCCACCG",0.295522388059701,0.780597014925373
"TargetScan top200",153,"101_CGGCAAGCTACAAGAGCTGG",0.303571428571429,0.803571428571428
"TargetScan top200",153,"101_CGGCAAGCTACCAAGCTCAG",0.32093023255814,0.779069767441861
"TargetScan top200",153,"101_CGGCAAGCTACCGGATTAAT",0.334872979214781,0.778290993071594
"TargetScan top200",153,"101_CGGCAAGCTACTCAATGCTC",0.26647564469914,0.759312320916905
"TargetScan top200",153,"101_CGGCAAGCTAGAAGTGACTC",0.292035398230089,0.761061946902655
"TargetScan top200",153,"101_CGGCAAGCTATGGCGCATCT",0.337110481586402,0.810198300283286
"TargetScan top200",153,"101_CGGCAAGCTATTACGGAGTC",0.342318059299191,0.805929919137466
"TargetScan top200",153,"101_CGGCAAGCTATTCTCCATTC",0.298295454545455,0.795454545454545
"TargetScan top200",153,"101_CGGCAAGCTATTCTTGAGTG",0.287719298245614,0.757894736842105
"TargetScan top200",153,"101_CGGCAAGCTATTGACAGCCT",0.275675675675676,0.767567567567567
"TargetScan top200",153,"101_CGGCAAGCTATTGTCGATAG",0.280918727915194,0.768551236749117
"TargetScan top200",153,"101_CTGCAAGTGCAGCCTTAGCG",0.305494505494506,0.773626373626374
"TargetScan top200",153,"101_CTGCAAGTGCATGTCCACCG",0.313846153846154,0.787692307692308
"TargetScan top200",153,"101_CTGCAAGTGCCAAGAGCTGG",0.3875,1
"TargetScan top200",153,"101_CTGCAAGTGCCCAAGCTCAG",0.313559322033898,0.783898305084746
"TargetScan top200",153,"101_CTGCAAGTGCCCGGATTAAT",0.482162162162162,0.841081081081081
"TargetScan top200",153,"101_CTGCAAGTGCCTCAATGCTC",0.316666666666667,0.811111111111111
"TargetScan top200",153,"101_CTGCAAGTGCGAAGTGACTC",0.274611398963731,0.744818652849741
"TargetScan top200",153,"101_CTGCAAGTGCTAATCACCAC",0.271276595744681,0.808510638297872
"TargetScan top200",153,"101_CTGCAAGTGCTGGCGCATCT",0.412060301507538,0.874371859296482
"TargetScan top200",153,"101_CTGCAAGTGCTTACGGAGTC",0.376923076923077,0.834615384615385
"TargetScan top200",153,"101_CTGCAAGTGCTTATCGCTGG",0.300518134715026,0.787564766839378
"TargetScan top200",153,"101_CTGCAAGTGCTTCTCCATTC",0.325301204819277,0.859437751004016
"TargetScan top200",153,"101_CTGCAAGTGCTTCTTGAGTG",0.407692307692308,0.876923076923077
"TargetScan top200",153,"101_CTGCAAGTGCTTGACAGCCT",0.386029411764706,0.801470588235294
"TargetScan top200",153,"101_CTGCAAGTGCTTGTCGATAG",0.295302013422819,0.76510067114094
"TargetScan top200",153,"101_GATGGACGCTAGCCTTAGCG",0.279850746268657,0.802238805970149
"TargetScan top200",153,"101_GATGGACGCTATGTCCACCG",0.279012345679012,0.724691358024691
"TargetScan top200",153,"101_GATGGACGCTCAAGAGCTGG",0.292553191489362,0.763297872340425
"TargetScan top200",153,"101_GATGGACGCTCCAAGCTCAG",0.375,0.875
"TargetScan top200",153,"101_GATGGACGCTCCGGATTAAT",0.291571753986333,0.760820045558087
"TargetScan top200",153,"101_GATGGACGCTCTCAATGCTC",0.299539170506912,0.768049155145929
"TargetScan top200",153,"101_GATGGACGCTGAAGTGACTC",0.329571106094808,0.828442437923251
"TargetScan top200",153,"101_GATGGACGCTTAATCACCAC",0.324200913242009,0.812785388127854
"TargetScan top200",153,"101_GATGGACGCTTGGCGCATCT",0.275675675675676,0.778378378378378
"TargetScan top200",153,"101_GATGGACGCTTTACGGAGTC",0.3046875,0.7890625
"TargetScan top200",153,"101_GATGGACGCTTTATCGCTGG",0.32890365448505,0.787375415282392
"TargetScan top200",153,"101_GATGGACGCTTTCTCCATTC",0.301526717557252,0.765267175572519
"TargetScan top200",153,"101_GATGGACGCTTTGACAGCCT",0.377581120943953,0.828908554572271
"TargetScan top200",153,"101_GATGGACGCTTTGTCGATAG",0.308270676691729,0.769423558897243
"TargetScan top200",153,"101_GGAAGGTACGAGCCTTAGCG",0.308510638297872,0.772340425531915
"TargetScan top200",153,"101_GGAAGGTACGAGCTTAGAGG",0.253187613843352,0.757741347905282
"TargetScan top200",153,"101_GGAAGGTACGATGTCCACCG",0.291280148423006,0.738404452690167
"TargetScan top200",153,"101_GGAAGGTACGCAAGAGCTGG",0.297709923664122,0.790076335877863
"TargetScan top200",153,"101_GGAAGGTACGCCAAGCTCAG",0.315186246418338,0.776504297994269
"TargetScan top200",153,"101_GGAAGGTACGCCGGATTAAT",0.32258064516129,0.785923753665689
"TargetScan top200",153,"101_GGAAGGTACGCTCAATGCTC",0.305283757338552,0.782778864970646
"TargetScan top200",153,"101_GGAAGGTACGGAAGTGACTC",0.310975609756098,0.780487804878049
"TargetScan top200",153,"101_GGAAGGTACGTAATCACCAC",0.263279445727483,0.725173210161663
"TargetScan top200",153,"101_GGAAGGTACGTGGCGCATCT",0.337474120082816,0.801242236024845
"TargetScan top200",153,"101_GGAAGGTACGTTATCGCTGG",0.360294117647059,0.841911764705882
"TargetScan top200",153,"101_GGAAGGTACGTTCTCCATTC",0.257545271629779,0.742454728370221
"TargetScan top200",153,"101_GGAAGGTACGTTCTTGAGTG",0.363934426229508,0.839344262295082
"TargetScan top200",153,"101_GGAAGGTACGTTGACAGCCT",0.276231263383298,0.753747323340471
"TargetScan top200",153,"101_GGAAGGTACGTTGTCGATAG",0.286532951289398,0.759312320916905
"TargetScan top200",153,"101_GGCAATCCTCAGCCTTAGCG",0.321608040201005,0.834170854271357
"TargetScan top200",153,"101_GGCAATCCTCAGCTTAGAGG",0.342857142857143,0.796428571428571
"TargetScan top200",153,"101_GGCAATCCTCCAAGAGCTGG",0.396396396396396,0.90990990990991
"TargetScan top200",153,"101_GGCAATCCTCCCAAGCTCAG",0.276712328767123,0.745205479452055
"TargetScan top200",153,"101_GGCAATCCTCGAAGTGACTC",0.262595419847328,0.725190839694656
"TargetScan top200",153,"101_GGCAATCCTCTAATCACCAC",0.342424242424242,0.8
"TargetScan top200",153,"101_GGCAATCCTCTGGCGCATCT",0.326975476839237,0.825613079019074
"TargetScan top200",153,"101_GGCAATCCTCTTACGGAGTC",0.294952681388013,0.774447949526814
"TargetScan top200",153,"101_GGCAATCCTCTTCTCCATTC",0.333333333333333,0.786885245901639
"TargetScan top200",153,"101_GGCAATCCTCTTCTTGAGTG",0.296747967479675,0.766260162601626
"TargetScan top200",153,"101_GGCAATCCTCTTGACAGCCT",0.295918367346939,0.846938775510204
"TargetScan top200",153,"101_GGCAATCCTCTTGTCGATAG",0.293159609120521,0.778501628664495
"TargetScan top200",153,"101_TACGCTACTAAGCTTAGAGG",0.304864864864865,0.739459459459459
"TargetScan top200",153,"101_TACGCTACTAATGTCCACCG",0.281993204983012,0.729331823329558
"TargetScan top200",153,"101_TACGCTACTACAAGAGCTGG",0.385542168674699,1
"TargetScan top200",153,"101_TACGCTACTACCAAGCTCAG",0.289156626506024,0.803212851405622
"TargetScan top200",153,"101_TACGCTACTACCGGATTAAT",0.315315315315315,0.750750750750751
"TargetScan top200",153,"101_TACGCTACTACTCAATGCTC",0.374407582938389,0.848341232227488
"TargetScan top200",153,"101_TACGCTACTAGAAGTGACTC",0.346998535871157,0.814055636896047
"TargetScan top200",153,"101_TACGCTACTATGGCGCATCT",0.342541436464088,0.839779005524862
"TargetScan top200",153,"101_TACGCTACTATTCTCCATTC",0.307692307692308,0.762237762237762
"TargetScan top200",153,"101_TACGCTACTATTCTTGAGTG",0.332493702770781,0.821158690176322
"TargetScan top200",153,"101_TACGCTACTATTGACAGCCT",0.425,0.846428571428572
"TargetScan top200",153,"101_TACGCTACTATTGTCGATAG",0.272727272727273,0.747855917667238
"TargetScan top200",153,"101_TAGAGAGATGAGCCTTAGCG",0.241161616161616,0.718434343434344
"TargetScan top200",153,"101_TAGAGAGATGATGTCCACCG",0.262935586061246,0.736008447729673
"TargetScan top200",153,"101_TAGAGAGATGCAAGAGCTGG",0.302891933028919,0.777777777777778
"TargetScan top200",153,"101_TAGAGAGATGCCAAGCTCAG",0.292576419213974,0.75254730713246
"TargetScan top200",153,"101_TAGAGAGATGCCGGATTAAT",0.261538461538462,0.716923076923077
"TargetScan top200",153,"101_TAGAGAGATGCTCAATGCTC",0.285012285012285,0.756756756756757
"TargetScan top200",153,"101_TAGAGAGATGGAAGTGACTC",0.308934337997847,0.743810548977395
"TargetScan top200",153,"101_TAGAGAGATGTTACGGAGTC",0.335144927536232,0.782608695652174
"TargetScan top200",153,"101_TAGAGAGATGTTATCGCTGG",0.348249027237354,0.793774319066148
"TargetScan top200",153,"101_TAGAGAGATGTTCTCCATTC",0.325443786982249,0.764792899408284
"TargetScan top200",153,"101_TAGAGAGATGTTCTTGAGTG",0.280225988700565,0.749152542372881
"TargetScan top200",153,"101_TAGAGAGATGTTGACAGCCT",0.324937027707809,0.785894206549118
"TargetScan top200",153,"101_TAGAGAGATGTTGTCGATAG",0.304733727810651,0.792899408284024
"TargetScan top200",153,"101_TAGATCTCTCAGCCTTAGCG",0.314814814814815,0.856481481481482
"TargetScan top200",153,"101_TAGATCTCTCAGCTTAGAGG",0.294629898403483,0.732946298984035
"TargetScan top200",153,"101_TAGATCTCTCCAAGAGCTGG",0.33,0.825
"TargetScan top200",153,"101_TAGATCTCTCCCAAGCTCAG",0.423913043478261,0.978260869565217
"TargetScan top200",153,"101_TAGATCTCTCCCGGATTAAT",0.473076923076923,0.865384615384615
"TargetScan top200",153,"101_TAGATCTCTCCTCAATGCTC",0.315068493150685,0.842465753424657
"TargetScan top200",153,"101_TAGATCTCTCGAAGTGACTC",0.301298701298701,0.774025974025974
"TargetScan top200",153,"101_TAGATCTCTCTAATCACCAC",0.290322580645161,0.781637717121588
"TargetScan top200",153,"101_TAGATCTCTCTGGCGCATCT",0.29723991507431,0.772823779193206
"TargetScan top200",153,"101_TAGATCTCTCTTACGGAGTC",0.364372469635628,0.805668016194332
"TargetScan top200",153,"101_TAGATCTCTCTTATCGCTGG",0.344262295081967,0.814988290398126
"TargetScan top200",153,"101_TAGATCTCTCTTCTCCATTC",0.332535885167464,0.794258373205742
"TargetScan top200",153,"101_TAGATCTCTCTTGACAGCCT",0.282178217821782,0.752475247524752
"TargetScan top200",153,"101_TAGATCTCTCTTGTCGATAG",0.326086956521739,0.789855072463768
"TargetScan top200",153,"101_TAGCTCCAGAATGTCCACCG",0.346444780635401,0.800302571860817
"TargetScan top200",153,"101_TAGCTCCAGACAAGAGCTGG",0.347517730496454,0.872340425531915
"TargetScan top200",153,"101_TAGCTCCAGACCGGATTAAT",0.309309309309309,0.807807807807808
"TargetScan top200",153,"101_TAGCTCCAGACTCAATGCTC",0.293233082706767,0.800751879699248
"TargetScan top200",153,"101_TAGCTCCAGAGAAGTGACTC",0.271867612293144,0.75886524822695
"TargetScan top200",153,"101_TAGCTCCAGATAATCACCAC",0.328402366863905,0.78698224852071
"TargetScan top200",153,"101_TAGCTCCAGATGGCGCATCT",0.314366998577525,0.776671408250356
"TargetScan top200",153,"101_TAGCTCCAGATTACGGAGTC",0.290423861852433,0.740973312401884
"TargetScan top200",153,"101_TAGCTCCAGATTATCGCTGG",0.3203125,0.8046875
"TargetScan top200",153,"101_TAGCTCCAGATTCTCCATTC",0.312217194570136,0.763197586726998
"TargetScan top200",153,"101_TAGCTCCAGATTCTTGAGTG",0.346153846153846,0.793269230769231
"TargetScan top200",153,"101_TAGCTCCAGATTGACAGCCT",0.3375,0.854166666666667
"TargetScan top200",153,"101_TAGCTCCAGATTGTCGATAG",0.38135593220339,0.830508474576271
"TargetScan top200",153,"101_TCCGGATTCGAGCCTTAGCG",0.436046511627907,0.924418604651163
"TargetScan top200",153,"101_TCCGGATTCGAGCTTAGAGG",0.271028037383178,0.730140186915888
"TargetScan top200",153,"101_TCCGGATTCGATGTCCACCG",0.382716049382716,1
"TargetScan top200",153,"101_TCCGGATTCGCAAGAGCTGG",0.305555555555556,0.814814814814815
"TargetScan top200",153,"101_TCCGGATTCGCCAAGCTCAG",0.313636363636364,0.822727272727273
"TargetScan top200",153,"101_TCCGGATTCGCCGGATTAAT",0.344213649851632,0.827893175074184
"TargetScan top200",153,"101_TCCGGATTCGCTCAATGCTC",0.308467741935484,0.774193548387097
"TargetScan top200",153,"101_TCCGGATTCGGAAGTGACTC",0.32319391634981,0.768060836501901
"TargetScan top200",153,"101_TCCGGATTCGTAATCACCAC",0.291079812206573,0.784037558685446
"TargetScan top200",153,"101_TCCGGATTCGTGGCGCATCT",0.204747774480712,0.697329376854599
"TargetScan top200",153,"101_TCCGGATTCGTTACGGAGTC",0.28169014084507,0.772887323943662
"TargetScan top200",153,"101_TCCGGATTCGTTATCGCTGG",0.286604361370716,0.800623052959502
"TargetScan top200",153,"101_TCCGGATTCGTTCTCCATTC",0.352941176470588,0.811274509803921
"TargetScan top200",153,"101_TCCGGATTCGTTCTTGAGTG",0.38871473354232,0.827586206896552
"TargetScan top200",153,"101_TCCGGATTCGTTGTCGATAG",0.397163120567376,0.829787234042553
"TargetScan top200",153,"101_TCGTGAAGCGAGCCTTAGCG",0.329326923076923,0.78125
"TargetScan top200",153,"101_TCGTGAAGCGAGCTTAGAGG",0.326251896813354,0.754172989377845
"TargetScan top200",153,"101_TCGTGAAGCGCAAGAGCTGG",0.356287425149701,0.808383233532934
"TargetScan top200",153,"101_TCGTGAAGCGCCAAGCTCAG",0.324742268041237,0.84020618556701
"TargetScan top200",153,"101_TCGTGAAGCGCCGGATTAAT",0.326968973747017,0.780429594272076
"TargetScan top200",153,"101_TCGTGAAGCGCTCAATGCTC",0.448905109489051,0.85036496350365
"TargetScan top200",153,"101_TCGTGAAGCGGAAGTGACTC",0.24009900990099,0.702970297029703
"TargetScan top200",153,"101_TCGTGAAGCGTAATCACCAC",0.316017316017316,0.792207792207792
"TargetScan top200",153,"101_TCGTGAAGCGTGGCGCATCT",0.58664546899841,0.853736089030207
"TargetScan top200",153,"101_TCGTGAAGCGTTACGGAGTC",0.284210526315789,0.744736842105263
"TargetScan top200",153,"101_TCGTGAAGCGTTCTCCATTC",0.292063492063492,0.757142857142857
"TargetScan top200",153,"101_TCGTGAAGCGTTCTTGAGTG",0.332439678284182,0.780160857908847
"TargetScan top200",153,"101_TCGTGAAGCGTTGACAGCCT",0.297180043383948,0.76355748373102
"TargetScan top200",153,"101_TCGTGAAGCGTTGTCGATAG",0.281786941580756,0.780068728522337
"TargetScan top200",153,"101_TCTGCGTTAAAGCCTTAGCG",0.291153415453527,0.755879059350504
"TargetScan top200",153,"101_TCTGCGTTAACCAAGCTCAG",0.329479768786127,0.809248554913295
"TargetScan top200",153,"101_TCTGCGTTAACCGGATTAAT",0.341176470588235,0.819607843137255
"TargetScan top200",153,"101_TCTGCGTTAACTCAATGCTC",0.306338028169014,0.827464788732394
"TargetScan top200",153,"101_TCTGCGTTAAGAAGTGACTC",0.290969899665552,0.769230769230769
"TargetScan top200",153,"101_TCTGCGTTAATAATCACCAC",0.280542986425339,0.780542986425339
"TargetScan top200",153,"101_TCTGCGTTAATGGCGCATCT",0.304812834224599,0.834224598930481
"TargetScan top200",153,"101_TCTGCGTTAATTACGGAGTC",0.360576923076923,0.846153846153846
"TargetScan top200",153,"101_TCTGCGTTAATTATCGCTGG",0.299145299145299,0.780626780626781
"TargetScan top200",153,"101_TCTGCGTTAATTCTCCATTC",0.300925925925926,0.837962962962963
"TargetScan top200",153,"101_TCTGCGTTAATTGACAGCCT",0.3984375,0.921875
"TargetScan top200",153,"101_TCTGCGTTAATTGTCGATAG",0.363636363636364,0.854545454545455
"TargetScan top200",153,"101_TGACACCGTAAGCCTTAGCG",0.418394950405771,0.805229936880072
"TargetScan top200",153,"101_TGACACCGTAAGCTTAGAGG",0.269473684210526,0.766315789473684
"TargetScan top200",153,"101_TGACACCGTAATGTCCACCG",0.314516129032258,0.766129032258064
"TargetScan top200",153,"101_TGACACCGTACAAGAGCTGG",0.297134238310709,0.737556561085973
"TargetScan top200",153,"101_TGACACCGTACCAAGCTCAG",0.353658536585366,0.780487804878049
"TargetScan top200",153,"101_TGACACCGTACCGGATTAAT",0.279106858054226,0.743221690590112
"TargetScan top200",153,"101_TGACACCGTACTCAATGCTC",0.452488687782805,0.891402714932127
"TargetScan top200",153,"101_TGACACCGTAGAAGTGACTC",0.266247379454927,0.733752620545073
"TargetScan top200",153,"101_TGACACCGTATAATCACCAC",0.317548746518106,0.807799442896936
"TargetScan top200",153,"101_TGACACCGTATGGCGCATCT",0.270053475935829,0.701871657754011
"TargetScan top200",153,"101_TGACACCGTATTACGGAGTC",0.266566265060241,0.740963855421687
"TargetScan top200",153,"101_TGACACCGTATTATCGCTGG",0.311154598825832,0.722113502935421
"TargetScan top200",153,"101_TGACACCGTATTCTCCATTC",0.288148148148148,0.734814814814815
"TargetScan top200",153,"101_TGACACCGTATTGACAGCCT",0.259507829977629,0.749440715883669
"TargetScan top200",153,"101_TGACACCGTATTGTCGATAG",0.366288492706645,0.79740680713128
"TargetScan top200",153,"101_TGACCATGAAAGCCTTAGCG",0.303322615219721,0.753483386923901
"TargetScan top200",153,"101_TGACCATGAAAGCTTAGAGG",0.265460030165913,0.748114630467572
"TargetScan top200",153,"101_TGACCATGAAATGTCCACCG",0.302158273381295,0.816546762589928
"TargetScan top200",153,"101_TGACCATGAACAAGAGCTGG",0.306376360808709,0.754276827371695
"TargetScan top200",153,"101_TGACCATGAACCAAGCTCAG",0.3125,0.775568181818182
"TargetScan top200",153,"101_TGACCATGAACCGGATTAAT",0.361048689138577,0.764044943820225
"TargetScan top200",153,"101_TGACCATGAACTCAATGCTC",0.292263610315186,0.790830945558739
"TargetScan top200",153,"101_TGACCATGAAGAAGTGACTC",0.280442804428044,0.752767527675277
"TargetScan top200",153,"101_TGACCATGAATAATCACCAC",0.272445820433437,0.769349845201238
"TargetScan top200",153,"101_TGACCATGAATGGCGCATCT",0.353956834532374,0.784172661870504
"TargetScan top200",153,"101_TGACCATGAATTACGGAGTC",0.350671140939597,0.790268456375839
"TargetScan top200",153,"101_TGACCATGAATTATCGCTGG",0.324143070044709,0.72876304023845
"TargetScan top200",153,"101_TGACCATGAATTCTCCATTC",0.35546875,0.796875
"TargetScan top200",153,"101_TGACCATGAATTCTTGAGTG",0.244521337946943,0.710495963091119
"TargetScan top200",153,"101_TGACCATGAATTGACAGCCT",0.369897959183673,0.801020408163265
"TargetScan top200",153,"101_TGACCATGAATTGTCGATAG",0.508728179551122,0.910224438902743
"TargetScan top200",153,"101_TGATGGAGAAAGCCTTAGCG",0.284403669724771,0.81651376146789
"TargetScan top200",153,"101_TGATGGAGAAAGCTTAGAGG",0.276041666666667,0.763888888888889
"TargetScan top200",153,"101_TGATGGAGAACAAGAGCTGG",0.35,0.866666666666667
"TargetScan top200",153,"101_TGATGGAGAACCAAGCTCAG",0.295019157088123,0.804597701149425
"TargetScan top200",153,"101_TGATGGAGAACCGGATTAAT",0.265625,0.776041666666667
"TargetScan top200",153,"101_TGATGGAGAACTCAATGCTC",0.346456692913386,0.858267716535433
"TargetScan top200",153,"101_TGATGGAGAAGAAGTGACTC",0.300865800865801,0.738095238095238
"TargetScan top200",153,"101_TGATGGAGAATAATCACCAC",0.379487179487179,0.835897435897436
"TargetScan top200",153,"101_TGATGGAGAATGGCGCATCT",0.308390022675737,0.798185941043084
"TargetScan top200",153,"101_TGATGGAGAATTACGGAGTC",0.235380116959064,0.713450292397661
"TargetScan top200",153,"101_TGATGGAGAATTATCGCTGG",0.2734375,0.776041666666667
"TargetScan top200",153,"101_TGATGGAGAATTCTCCATTC",0.302168021680217,0.765582655826558
"TargetScan top200",153,"101_TGATGGAGAATTCTTGAGTG",0.387096774193548,0.846153846153846
"TargetScan top200",153,"101_TGATGGAGAATTGACAGCCT",0.293859649122807,0.81140350877193
"TargetScan top200",153,"101_TGATGGAGAATTGTCGATAG",0.298989898989899,0.765656565656566
"TargetScan top200",153,"101_TTAGGCATCCAGCTTAGAGG",0.2847533632287,0.751121076233184
"TargetScan top200",153,"101_TTAGGCATCCATGTCCACCG",0.246987951807229,0.734939759036145
"TargetScan top200",153,"101_TTAGGCATCCCAAGAGCTGG",0.39375,0.85625
"TargetScan top200",153,"101_TTAGGCATCCCCAAGCTCAG",0.266891891891892,0.77027027027027
"TargetScan top200",153,"101_TTAGGCATCCCCGGATTAAT",0.292358803986711,0.775747508305648
"TargetScan top200",153,"101_TTAGGCATCCCTCAATGCTC",0.273291925465839,0.785714285714286
"TargetScan top200",153,"101_TTAGGCATCCGAAGTGACTC",0.327913279132791,0.804878048780488
"TargetScan top200",153,"101_TTAGGCATCCTAATCACCAC",0.285,0.73
"TargetScan top200",153,"101_TTAGGCATCCTGGCGCATCT",0.252427184466019,0.728155339805825
"TargetScan top200",153,"101_TTAGGCATCCTTACGGAGTC",0.323340471092077,0.762312633832976
"TargetScan top200",153,"101_TTAGGCATCCTTATCGCTGG",0.337856173677069,0.814111261872456
"TargetScan top200",153,"101_TTAGGCATCCTTCTCCATTC",0.371794871794872,0.837606837606838
"TargetScan top200",153,"101_TTAGGCATCCTTGACAGCCT",0.35427135678392,0.809045226130653
"TargetScan top200",153,"101_TTAGGCATCCTTGTCGATAG",0.325842696629214,0.769662921348315
"TargetScan top200",153,"101_TTATGGCCTTAGCCTTAGCG",0.324974924774323,0.776328986960883
"TargetScan top200",153,"101_TTATGGCCTTAGCTTAGAGG",0.321596244131455,0.788732394366197
"TargetScan top200",153,"101_TTATGGCCTTATGTCCACCG",0.311046511627907,0.770348837209302
"TargetScan top200",153,"101_TTATGGCCTTCAAGAGCTGG",0.341645885286783,0.793017456359102
"TargetScan top200",153,"101_TTATGGCCTTCCAAGCTCAG",0.435523114355231,0.829683698296837
"TargetScan top200",153,"101_TTATGGCCTTCTCAATGCTC",0.351612903225807,0.809677419354839
"TargetScan top200",153,"101_TTATGGCCTTGAAGTGACTC",0.317535545023697,0.786729857819905
"TargetScan top200",153,"101_TTATGGCCTTTGGCGCATCT",0.286445012787724,0.746803069053708
"TargetScan top200",153,"101_TTATGGCCTTTTACGGAGTC",0.29746835443038,0.763713080168776
"TargetScan top200",153,"101_TTATGGCCTTTTATCGCTGG",0.282274247491639,0.708361204013378
"TargetScan top200",153,"101_TTATGGCCTTTTCTCCATTC",0.346428571428571,0.803571428571429
"TargetScan top200",153,"101_TTATGGCCTTTTCTTGAGTG",0.285475792988314,0.731218697829716
"TargetScan top200",153,"101_TTATGGCCTTTTGACAGCCT",0.286049237983587,0.728018757327081
"TargetScan top200",153,"101_TTATGGCCTTTTGTCGATAG",0.345588235294118,0.803921568627451
"TargetScan top200",153,"101_TTCCAGCTATAGCCTTAGCG",0.388753056234719,0.806845965770171
"TargetScan top200",153,"101_TTCCAGCTATAGCTTAGAGG",0.302828618968386,0.753743760399334
"TargetScan top200",153,"101_TTCCAGCTATATGTCCACCG",0.336244541484716,0.864628820960699
"TargetScan top200",153,"101_TTCCAGCTATCAAGAGCTGG",0.264935064935065,0.781818181818182
"TargetScan top200",153,"101_TTCCAGCTATCCAAGCTCAG",0.284,0.741333333333333
"TargetScan top200",153,"101_TTCCAGCTATCCGGATTAAT",0.318181818181818,0.755411255411255
"TargetScan top200",153,"101_TTCCAGCTATCTCAATGCTC",0.272407732864675,0.731107205623902
"TargetScan top200",153,"101_TTCCAGCTATTAATCACCAC",0.268456375838926,0.748322147651007
"TargetScan top200",153,"101_TTCCAGCTATTGGCGCATCT",0.306068601583113,0.788918205804749
"TargetScan top200",153,"101_TTCCAGCTATTTACGGAGTC",0.274161735700197,0.779092702169625
"TargetScan top200",153,"101_TTCCAGCTATTTCTCCATTC",0.242071881606765,0.717758985200846
"TargetScan top200",153,"101_TTCCAGCTATTTGACAGCCT",0.271393643031785,0.767726161369193
"TargetScan top200",153,"101_TTCCAGCTATTTGTCGATAG",0.418338108882522,0.802292263610315
"TargetScan top200",153,"101_TTCCGTGCTGAGCCTTAGCG",0.358606557377049,0.788934426229508
"TargetScan top200",153,"101_TTCCGTGCTGAGCTTAGAGG",0.302872062663185,0.780678851174935
"TargetScan top200",153,"101_TTCCGTGCTGATGTCCACCG",0.248299319727891,0.717687074829932
"TargetScan top200",153,"101_TTCCGTGCTGCAAGAGCTGG",0.364842454394693,0.800995024875622
"TargetScan top200",153,"101_TTCCGTGCTGCCAAGCTCAG",0.321888412017167,0.776824034334764
"TargetScan top200",153,"101_TTCCGTGCTGCCGGATTAAT",0.307692307692308,0.81025641025641
"TargetScan top200",153,"101_TTCCGTGCTGCTCAATGCTC",0.327319587628866,0.768041237113402
"TargetScan top200",153,"101_TTCCGTGCTGGAAGTGACTC",0.372693726937269,0.867158671586716
"TargetScan top200",153,"101_TTCCGTGCTGTAATCACCAC",0.308868501529052,0.795107033639144
"TargetScan top200",153,"101_TTCCGTGCTGTGGCGCATCT",0.267515923566879,0.754777070063694
"TargetScan top200",153,"101_TTCCGTGCTGTTACGGAGTC",0.24025974025974,0.718614718614719
"TargetScan top200",153,"101_TTCCGTGCTGTTATCGCTGG",0.272363150867824,0.714285714285714
"TargetScan top200",153,"101_TTCCGTGCTGTTCTTGAGTG",0.314410480349345,0.799126637554585
"TargetScan top200",153,"101_TTCCGTGCTGTTGACAGCCT",0.261437908496732,0.746732026143791
"TargetScan top200",153,"101_TTCCGTGCTGTTGTCGATAG",0.327731092436975,0.840336134453782
"TargetScan top200",153,"101_TTCGCACGCAAGCCTTAGCG",0.257446808510638,0.765957446808511
"TargetScan top200",153,"101_TTCGCACGCAAGCTTAGAGG",0.305426356589147,0.775193798449613
"TargetScan top200",153,"101_TTCGCACGCAATGTCCACCG",0.333333333333333,0.833333333333333
"TargetScan top200",153,"101_TTCGCACGCACAAGAGCTGG",0.39047619047619,0.904761904761905
"TargetScan top200",153,"101_TTCGCACGCACCAAGCTCAG",0.472727272727273,0.878787878787879
"TargetScan top200",153,"101_TTCGCACGCACCGGATTAAT",0.335227272727273,0.869318181818182
"TargetScan top200",153,"101_TTCGCACGCACTCAATGCTC",0.410714285714286,0.928571428571429
"TargetScan top200",153,"101_TTCGCACGCAGAAGTGACTC",0.285714285714286,0.753501400560224
"TargetScan top200",153,"101_TTCGCACGCATGGCGCATCT",0.337704918032787,0.763934426229508
"TargetScan top200",153,"101_TTCGCACGCATTACGGAGTC",0.299363057324841,0.781847133757962
"TargetScan top200",153,"101_TTCGCACGCATTATCGCTGG",0.350951374207188,0.818181818181818
"TargetScan top200",153,"101_TTCGCACGCATTCTCCATTC",0.417840375586854,0.873239436619718
"TargetScan top200",153,"101_TTCGCACGCATTCTTGAGTG",0.3125,0.803977272727273
"TargetScan top200",153,"101_TTCGCACGCATTGACAGCCT",0.328571428571429,0.842857142857143
"TargetScan top200",153,"101_TTCGCACGCATTGTCGATAG",0.378723404255319,0.834042553191489
"TargetScan top200",153,"101_TTGTCTGCAAAGCCTTAGCG",0.368055555555556,0.875
"TargetScan top200",153,"101_TTGTCTGCAAATGTCCACCG",0.326666666666667,0.886666666666667
"TargetScan top200",153,"101_TTGTCTGCAACAAGAGCTGG",0.377049180327869,0.901639344262295
"TargetScan top200",153,"101_TTGTCTGCAACCAAGCTCAG",0.374485596707819,0.806584362139918
"TargetScan top200",153,"101_TTGTCTGCAACCGGATTAAT",0.381642512077295,0.830917874396135
"TargetScan top200",153,"101_TTGTCTGCAACTCAATGCTC",0.295045045045045,0.747747747747748
"TargetScan top200",153,"101_TTGTCTGCAAGAAGTGACTC",0.302114803625378,0.770392749244713
"TargetScan top200",153,"101_TTGTCTGCAATGGCGCATCT",0.326271186440678,0.838983050847458
"TargetScan top200",153,"101_TTGTCTGCAATTACGGAGTC",0.495762711864407,0.932203389830508
"TargetScan top200",153,"101_TTGTCTGCAATTATCGCTGG",0.360887096774194,0.782258064516129
"TargetScan top200",153,"101_TTGTCTGCAATTCTTGAGTG",0.364779874213836,0.880503144654088
"TargetScan top200",153,"101_TTGTCTGCAATTGACAGCCT",0.337423312883436,0.812883435582822
"TargetScan top200",153,"101_TTGTCTGCAATTGTCGATAG",0.458181818181818,0.865454545454545
"TargetScan top200",153,"103_CAAGGACATCACCTCACCAG",0.318032786885246,0.757377049180328
"TargetScan top200",153,"103_CAAGGACATCAGCAACAGTA",0.319444444444444,0.805555555555555
"TargetScan top200",153,"103_CAAGGACATCAGGCGGATCA",0.320855614973262,0.855614973262032
"TargetScan top200",153,"103_CAAGGACATCCCGCCGATAA",0.387596899224806,0.891472868217054
"TargetScan top200",153,"103_CAAGGACATCCGGTTGGCTA",0.326007326007326,0.827838827838828
"TargetScan top200",153,"103_CAAGGACATCGAATGAACGT",0.41025641025641,0.916666666666667
"TargetScan top200",153,"103_CAAGGACATCGAGCGGAACT",0.412526997840173,0.831533477321814
"TargetScan top200",153,"103_CAAGGACATCTGACAGAGGT",0.38,0.9
"TargetScan top200",153,"103_CAAGGACATCTGCAGGCTAC",0.263261296660118,0.726915520628684
"TargetScan top200",153,"103_CAAGGACATCTTATGCCGCT",0.323076923076923,0.876923076923077
"TargetScan top200",153,"103_CAAGGACATCTTATTCGCCT",0.374331550802139,0.839572192513369
"TargetScan top200",153,"103_CAAGGACATCTTCTCGCCTC",0.32183908045977,0.789272030651341
"TargetScan top200",153,"103_CAAGGACATCTTGCTAAGGA",0.352941176470588,0.905882352941176
"TargetScan top200",153,"103_CCGACGCATTACCTCACCAG",0.298136645962733,0.782608695652174
"TargetScan top200",153,"103_CCGACGCATTCCGCCGATAA",0.338582677165354,0.84251968503937
"TargetScan top200",153,"103_CCGACGCATTCGGTTGGCTA",0.335365853658537,0.774390243902439
"TargetScan top200",153,"103_CCGACGCATTGAATGAACGT",0.335403726708075,0.857142857142857
"TargetScan top200",153,"103_CCGACGCATTGAGCGGAACT",0.29438202247191,0.761797752808989
"TargetScan top200",153,"103_CCGACGCATTTGACAGAGGT",0.324175824175824,0.799450549450549
"TargetScan top200",153,"103_CCGACGCATTTGCAGGCTAC",0.292857142857143,0.807142857142857
"TargetScan top200",153,"103_CCGACGCATTTTATGCCGCT",0.349397590361446,0.963855421686747
"TargetScan top200",153,"103_CCGACGCATTTTATTCGCCT",0.295392953929539,0.796747967479675
"TargetScan top200",153,"103_CCGACGCATTTTCTCGCCTC",0.333333333333333,0.850877192982456
"TargetScan top200",153,"103_CGGAGAGTCAACCTCACCAG",0.472222222222222,1
"TargetScan top200",153,"103_CGGAGAGTCAAGGCGGATCA",0.319148936170213,0.804255319148936
"TargetScan top200",153,"103_CGGAGAGTCACCGCCGATAA",0.403361344537815,0.890756302521008
"TargetScan top200",153,"103_CGGAGAGTCAGAATGAACGT",0.318327974276527,0.787781350482315
"TargetScan top200",153,"103_CGGAGAGTCATGACAGAGGT",0.338345864661654,0.849624060150376
"TargetScan top200",153,"103_CGGAGAGTCATGCAGGCTAC",0.293193717277487,0.780104712041885
"TargetScan top200",153,"103_CGGAGAGTCATTACCGGACC",0.269767441860465,0.762790697674419
"TargetScan top200",153,"103_CGGAGAGTCATTATGCCGCT",0.342281879194631,0.825503355704698
"TargetScan top200",153,"103_CGGAGAGTCATTATTCGCCT",0.261818181818182,0.770909090909091
"TargetScan top200",153,"103_CGGAGAGTCATTCTCGCCTC",0.361538461538462,0.876923076923077
"TargetScan top200",153,"103_CGGAGAGTCATTGCTAAGGA",0.251655629139073,0.768211920529801
"TargetScan top200",153,"103_CGGCAAGCTAAACATAGCCT",0.320855614973262,0.850267379679144
"TargetScan top200",153,"103_CGGCAAGCTAACCTCACCAG",0.391304347826087,1
"TargetScan top200",153,"103_CGGCAAGCTAAGCAACAGTA",0.377777777777778,0.9
"TargetScan top200",153,"103_CGGCAAGCTAAGGCGGATCA",0.322368421052632,0.822368421052632
"TargetScan top200",153,"103_CGGCAAGCTACCGCCGATAA",0.282520325203252,0.766260162601626
"TargetScan top200",153,"103_CGGCAAGCTAGAATGAACGT",0.309309309309309,0.747747747747748
"TargetScan top200",153,"103_CGGCAAGCTAGAGCGGAACT",0.403587443946188,0.883408071748879
"TargetScan top200",153,"103_CGGCAAGCTATGACAGAGGT",0.322164948453608,0.760309278350516
"TargetScan top200",153,"103_CGGCAAGCTATGCAGGCTAC",0.346863468634686,0.819188191881919
"TargetScan top200",153,"103_CGGCAAGCTATTCTCGCCTC",0.317808219178082,0.797260273972603
"TargetScan top200",153,"103_CGGCAAGCTATTGCTAAGGA",0.401960784313725,0.911764705882353
"TargetScan top200",153,"103_CTGCAAGTGCAACATAGCCT",0.327217125382263,0.828746177370031
"TargetScan top200",153,"103_CTGCAAGTGCACCTCACCAG",0.362745098039216,0.911764705882353
"TargetScan top200",153,"103_CTGCAAGTGCCCGCCGATAA",0.477272727272727,1
"TargetScan top200",153,"103_CTGCAAGTGCGAATGAACGT",0.329466357308585,0.791183294663573
"TargetScan top200",153,"103_CTGCAAGTGCTGACAGAGGT",0.301980198019802,0.826732673267327
"TargetScan top200",153,"103_CTGCAAGTGCTGCAGGCTAC",0.28755364806867,0.793991416309013
"TargetScan top200",153,"103_CTGCAAGTGCTTACCGGACC",0.300970873786408,0.735706580366775
"TargetScan top200",153,"103_CTGCAAGTGCTTATGCCGCT",0.303738317757009,0.752336448598131
"TargetScan top200",153,"103_CTGCAAGTGCTTATTCGCCT",0.441860465116279,0.868217054263566
"TargetScan top200",153,"103_CTGCAAGTGCTTGCTAAGGA",0.380434782608696,0.923913043478261
"TargetScan top200",153,"103_GATGGACGCTAACATAGCCT",0.275510204081633,0.751020408163265
"TargetScan top200",153,"103_GATGGACGCTACCTCACCAG",0.275925925925926,0.761111111111111
"TargetScan top200",153,"103_GATGGACGCTAGCAACAGTA",0.413461538461538,0.913461538461539
"TargetScan top200",153,"103_GATGGACGCTCCGCCGATAA",0.380530973451327,0.867256637168142
"TargetScan top200",153,"103_GATGGACGCTCGGTTGGCTA",0.283687943262411,0.780141843971631
"TargetScan top200",153,"103_GATGGACGCTGAATGAACGT",0.305732484076433,0.753715498938429
"TargetScan top200",153,"103_GATGGACGCTGAGCGGAACT",0.353982300884956,0.858407079646018
"TargetScan top200",153,"103_GATGGACGCTTGACAGAGGT",0.34020618556701,0.835051546391753
"TargetScan top200",153,"103_GATGGACGCTTGCAGGCTAC",0.463265306122449,0.804081632653061
"TargetScan top200",153,"103_GATGGACGCTTTATGCCGCT",0.327586206896552,0.827586206896552
"TargetScan top200",153,"103_GATGGACGCTTTCTCGCCTC",0.313653136531365,0.793357933579336
"TargetScan top200",153,"103_GGAAGGTACGAACATAGCCT",0.406015037593985,0.860902255639098
"TargetScan top200",153,"103_GGAAGGTACGACCTCACCAG",0.280612244897959,0.836734693877551
"TargetScan top200",153,"103_GGAAGGTACGCCGCCGATAA",0.366013071895425,0.862745098039216
"TargetScan top200",153,"103_GGAAGGTACGCGGTTGGCTA",0.310344827586207,0.866995073891626
"TargetScan top200",153,"103_GGAAGGTACGGAATGAACGT",0.270096463022508,0.741157556270096
"TargetScan top200",153,"103_GGAAGGTACGTGACAGAGGT",0.323008849557522,0.814159292035398
"TargetScan top200",153,"103_GGAAGGTACGTGCAGGCTAC",0.38150289017341,0.826589595375723
"TargetScan top200",153,"103_GGAAGGTACGTTATGCCGCT",0.418367346938775,0.959183673469388
"TargetScan top200",153,"103_GGAAGGTACGTTATTCGCCT",0.407017543859649,0.83859649122807
"TargetScan top200",153,"103_GGAAGGTACGTTCTCGCCTC",0.378486055776892,0.816733067729084
"TargetScan top200",153,"103_GGCAATCCTCACCTCACCAG",0.286821705426357,0.844961240310077
"TargetScan top200",153,"103_GGCAATCCTCAGGCGGATCA",0.476190476190476,1
"TargetScan top200",153,"103_GGCAATCCTCCAGGCTCCAA",0.339805825242718,0.805825242718447
"TargetScan top200",153,"103_GGCAATCCTCCCGCCGATAA",0.334763948497854,0.815450643776824
"TargetScan top200",153,"103_GGCAATCCTCGAATGAACGT",0.319148936170213,0.825531914893617
"TargetScan top200",153,"103_GGCAATCCTCGAGCGGAACT",0.378378378378378,0.925675675675676
"TargetScan top200",153,"103_GGCAATCCTCTGACAGAGGT",0.404494382022472,1
"TargetScan top200",153,"103_GGCAATCCTCTGCAGGCTAC",0.351063829787234,0.835106382978724
"TargetScan top200",153,"103_GGCAATCCTCTTACCGGACC",0.355855855855856,0.873873873873874
"TargetScan top200",153,"103_GGCAATCCTCTTATTCGCCT",0.318352059925094,0.801498127340824
"TargetScan top200",153,"103_GGCAATCCTCTTCTCGCCTC",0.292537313432836,0.794029850746269
"TargetScan top200",153,"103_GGCAATCCTCTTGCTAAGGA",0.338624338624339,0.835978835978836
"TargetScan top200",153,"103_TACGCTACTAAGCAACAGTA",0.422535211267606,1
"TargetScan top200",153,"103_TACGCTACTAAGGCGGATCA",0.318713450292398,0.769005847953216
"TargetScan top200",153,"103_TACGCTACTACAGGCTCCAA",0.341772151898734,0.924050632911392
"TargetScan top200",153,"103_TACGCTACTACCGCCGATAA",0.330769230769231,0.803846153846154
"TargetScan top200",153,"103_TACGCTACTACGGTTGGCTA",0.57,0.9
"TargetScan top200",153,"103_TACGCTACTAGAATGAACGT",0.266211604095563,0.754266211604096
"TargetScan top200",153,"103_TACGCTACTAGAGCGGAACT",0.428571428571429,1
"TargetScan top200",153,"103_TACGCTACTATGACAGAGGT",0.338235294117647,0.838235294117647
"TargetScan top200",153,"103_TACGCTACTATTACCGGACC",0.343283582089552,0.813432835820895
"TargetScan top200",153,"103_TACGCTACTATTATTCGCCT",0.29559748427673,0.792452830188679
"TargetScan top200",153,"103_TACGCTACTATTCTCGCCTC",0.4,0.9
"TargetScan top200",153,"103_TACGCTACTATTGCTAAGGA",0.323383084577114,0.830845771144279
"TargetScan top200",153,"103_TAGAGAGATGACCTCACCAG",0.292134831460674,0.766292134831461
"TargetScan top200",153,"103_TAGAGAGATGAGCAACAGTA",0.366355140186916,0.809345794392523
"TargetScan top200",153,"103_TAGAGAGATGCCGCCGATAA",0.343137254901961,0.813725490196079
"TargetScan top200",153,"103_TAGAGAGATGCGGTTGGCTA",0.351170568561873,0.836120401337793
"TargetScan top200",153,"103_TAGAGAGATGGAATGAACGT",0.293560606060606,0.75
"TargetScan top200",153,"103_TAGAGAGATGGAGCGGAACT",0.352059925093633,0.812734082397004
"TargetScan top200",153,"103_TAGAGAGATGTGACAGAGGT",0.307471264367816,0.813218390804598
"TargetScan top200",153,"103_TAGAGAGATGTGCAGGCTAC",0.296127562642369,0.735763097949886
"TargetScan top200",153,"103_TAGAGAGATGTTATGCCGCT",0.428571428571429,0.836134453781513
"TargetScan top200",153,"103_TAGAGAGATGTTATTCGCCT",0.28052805280528,0.749174917491749
"TargetScan top200",153,"103_TAGAGAGATGTTGCTAAGGA",0.300940438871473,0.768025078369906
"TargetScan top200",153,"103_TAGATCTCTCACCTCACCAG",0.295774647887324,0.845070422535211
"TargetScan top200",153,"103_TAGATCTCTCCAGGCTCCAA",0.302816901408451,0.823943661971831
"TargetScan top200",153,"103_TAGATCTCTCCGGTTGGCTA",0.354285714285714,0.84
"TargetScan top200",153,"103_TAGATCTCTCGAATGAACGT",0.295025728987993,0.749571183533448
"TargetScan top200",153,"103_TAGATCTCTCTGACAGAGGT",0.349514563106796,0.883495145631068
"TargetScan top200",153,"103_TAGATCTCTCTGCAGGCTAC",0.421052631578947,1
"TargetScan top200",153,"103_TAGATCTCTCTTACCGGACC",0.302884615384615,0.793269230769231
"TargetScan top200",153,"103_TAGATCTCTCTTATTCGCCT",0.343434343434343,0.909090909090909
"TargetScan top200",153,"103_TAGATCTCTCTTCTCGCCTC",0.359712230215827,0.877697841726619
"TargetScan top200",153,"103_TAGCTCCAGAACCTCACCAG",0.363636363636364,0.974025974025974
"TargetScan top200",153,"103_TAGCTCCAGAGAATGAACGT",0.351515151515152,0.866666666666667
"TargetScan top200",153,"103_TAGCTCCAGAGAGCGGAACT",0.448979591836735,1
"TargetScan top200",153,"103_TAGCTCCAGATGACAGAGGT",0.299251870324189,0.793017456359102
"TargetScan top200",153,"103_TAGCTCCAGATGCAGGCTAC",0.403225806451613,0.862903225806452
"TargetScan top200",153,"103_TCCGGATTCGACCTCACCAG",0.356589147286822,0.875968992248062
"TargetScan top200",153,"103_TCCGGATTCGAGCAACAGTA",0.315789473684211,0.736842105263158
"TargetScan top200",153,"103_TCCGGATTCGAGGCGGATCA",0.415132924335378,0.803680981595092
"TargetScan top200",153,"103_TCCGGATTCGCCGCCGATAA",0.321428571428571,0.845238095238095
"TargetScan top200",153,"103_TCCGGATTCGCGGTTGGCTA",0.472527472527473,1
"TargetScan top200",153,"103_TCCGGATTCGGAATGAACGT",0.329853862212944,0.799582463465553
"TargetScan top200",153,"103_TCCGGATTCGGAGCGGAACT",0.3342175066313,0.787798408488064
"TargetScan top200",153,"103_TCCGGATTCGTGACAGAGGT",0.320388349514563,0.912621359223301
"TargetScan top200",153,"103_TCCGGATTCGTTATGCCGCT",0.33879781420765,0.819672131147541
"TargetScan top200",153,"103_TCCGGATTCGTTATTCGCCT",0.304195804195804,0.804195804195804
"TargetScan top200",153,"103_TCCGGATTCGTTCTCGCCTC",0.375,0.919642857142857
"TargetScan top200",153,"103_TCGTGAAGCGAACATAGCCT",0.365079365079365,1
"TargetScan top200",153,"103_TCGTGAAGCGAGGCGGATCA",0.286219081272085,0.773851590106007
"TargetScan top200",153,"103_TCGTGAAGCGCGGTTGGCTA",0.375,0.913461538461539
"TargetScan top200",153,"103_TCGTGAAGCGGAATGAACGT",0.304347826086957,0.763586956521739
"TargetScan top200",153,"103_TCGTGAAGCGGAGCGGAACT",0.407894736842105,0.986842105263158
"TargetScan top200",153,"103_TCGTGAAGCGTGACAGAGGT",0.3,0.808333333333333
"TargetScan top200",153,"103_TCGTGAAGCGTGCAGGCTAC",0.414364640883978,0.834254143646409
"TargetScan top200",153,"103_TCGTGAAGCGTTACCGGACC",0.372,0.804
"TargetScan top200",153,"103_TCGTGAAGCGTTATTCGCCT",0.324607329842932,0.785340314136126
"TargetScan top200",153,"103_TCGTGAAGCGTTCTCGCCTC",0.313218390804598,0.747126436781609
"TargetScan top200",153,"103_TCGTGAAGCGTTGCTAAGGA",0.294888597640891,0.737876802096985
"TargetScan top200",153,"103_TCTGCGTTAAAGCAACAGTA",0.274725274725275,0.774725274725275
"TargetScan top200",153,"103_TCTGCGTTAACAGGCTCCAA",0.3,0.813333333333333
"TargetScan top200",153,"103_TCTGCGTTAACCGCCGATAA",0.330708661417323,0.874015748031496
"TargetScan top200",153,"103_TCTGCGTTAACGGTTGGCTA",0.324786324786325,0.816239316239316
"TargetScan top200",153,"103_TCTGCGTTAAGAATGAACGT",0.295321637426901,0.786549707602339
"TargetScan top200",153,"103_TCTGCGTTAAGAGCGGAACT",0.338289962825279,0.821561338289963
"TargetScan top200",153,"103_TCTGCGTTAATGACAGAGGT",0.376811594202899,0.85024154589372
"TargetScan top200",153,"103_TCTGCGTTAATGCAGGCTAC",0.345454545454546,0.890909090909091
"TargetScan top200",153,"103_TCTGCGTTAATTATGCCGCT",0.288288288288288,0.774774774774775
"TargetScan top200",153,"103_TCTGCGTTAATTATTCGCCT",0.374233128834356,0.883435582822086
"TargetScan top200",153,"103_TCTGCGTTAATTCTCGCCTC",0.350282485875706,0.847457627118644
"TargetScan top200",153,"103_TCTGCGTTAATTGCTAAGGA",0.387096774193548,1
"TargetScan top200",153,"103_TGACACCGTAAACATAGCCT",0.341698841698842,0.799227799227799
"TargetScan top200",153,"103_TGACACCGTAACCTCACCAG",0.275167785234899,0.771812080536913
"TargetScan top200",153,"103_TGACACCGTAAGCAACAGTA",0.302425106990014,0.738944365192582
"TargetScan top200",153,"103_TGACACCGTAAGGCGGATCA",0.312252964426877,0.762845849802371
"TargetScan top200",153,"103_TGACACCGTACAGGCTCCAA",0.291436464088398,0.729281767955801
"TargetScan top200",153,"103_TGACACCGTACCGCCGATAA",0.359861591695502,0.809688581314879
"TargetScan top200",153,"103_TGACACCGTACGGTTGGCTA",0.439086294416244,0.814720812182741
"TargetScan top200",153,"103_TGACACCGTAGAGCGGAACT",0.323024054982818,0.768041237113402
"TargetScan top200",153,"103_TGACACCGTATGCAGGCTAC",0.318965517241379,0.831896551724138
"TargetScan top200",153,"103_TGACACCGTATTACCGGACC",0.296325254104769,0.779515246286161
"TargetScan top200",153,"103_TGACACCGTATTATGCCGCT",0.356382978723404,0.76418439716312
"TargetScan top200",153,"103_TGACACCGTATTATTCGCCT",0.325949367088608,0.784810126582279
"TargetScan top200",153,"103_TGACACCGTATTCTCGCCTC",0.347826086956522,0.833333333333333
"TargetScan top200",153,"103_TGACACCGTATTGCTAAGGA",0.39344262295082,0.901639344262295
"TargetScan top200",153,"103_TGACCATGAAAACATAGCCT",0.29535864978903,0.753867791842475
"TargetScan top200",153,"103_TGACCATGAAACCTCACCAG",0.300998573466476,0.764621968616262
"TargetScan top200",153,"103_TGACCATGAAAGCAACAGTA",0.327868852459016,0.75591985428051
"TargetScan top200",153,"103_TGACCATGAACCGCCGATAA",0.333333333333333,0.849765258215962
"TargetScan top200",153,"103_TGACCATGAACGGTTGGCTA",0.333333333333333,0.830985915492958
"TargetScan top200",153,"103_TGACCATGAAGAGCGGAACT",0.352490421455939,0.842911877394636
"TargetScan top200",153,"103_TGACCATGAATGACAGAGGT",0.315151515151515,0.8
"TargetScan top200",153,"103_TGACCATGAATGCAGGCTAC",0.375796178343949,0.872611464968153
"TargetScan top200",153,"103_TGACCATGAATTACCGGACC",0.346582984658298,0.752440725244073
"TargetScan top200",153,"103_TGACCATGAATTATGCCGCT",0.270833333333333,0.729166666666667
"TargetScan top200",153,"103_TGACCATGAATTATTCGCCT",0.414507772020725,0.826424870466321
"TargetScan top200",153,"103_TGACCATGAATTCTCGCCTC",0.325991189427313,0.781938325991189
"TargetScan top200",153,"103_TGACCATGAATTGCTAAGGA",0.352040816326531,0.841836734693878
"TargetScan top200",153,"103_TGATGGAGAAACCTCACCAG",0.346846846846847,0.81981981981982
"TargetScan top200",153,"103_TGATGGAGAAAGGCGGATCA",0.291666666666667,0.794871794871795
"TargetScan top200",153,"103_TGATGGAGAACAGGCTCCAA",0.420138888888889,0.854166666666667
"TargetScan top200",153,"103_TGATGGAGAACCGCCGATAA",0.321100917431193,0.899082568807339
"TargetScan top200",153,"103_TGATGGAGAAGAATGAACGT",0.284140969162996,0.777533039647577
"TargetScan top200",153,"103_TGATGGAGAAGAGCGGAACT",0.365079365079365,0.878306878306878
"TargetScan top200",153,"103_TGATGGAGAATGACAGAGGT",0.312958435207824,0.821515892420538
"TargetScan top200",153,"103_TGATGGAGAATGCAGGCTAC",0.316582914572864,0.804020100502512
"TargetScan top200",153,"103_TGATGGAGAATTACCGGACC",0.503560528992879,0.832146490335707
"TargetScan top200",153,"103_TGATGGAGAATTATGCCGCT",0.38655462184874,0.873949579831933
"TargetScan top200",153,"103_TGATGGAGAATTCTCGCCTC",0.316916488222698,0.764453961456103
"TargetScan top200",153,"103_TGATGGAGAATTGCTAAGGA",0.269736842105263,0.74780701754386
"TargetScan top200",153,"103_TTAGGCATCCAACATAGCCT",0.398843930635838,0.84971098265896
"TargetScan top200",153,"103_TTAGGCATCCACCTCACCAG",0.318181818181818,0.748803827751196
"TargetScan top200",153,"103_TTAGGCATCCAGGCGGATCA",0.364210526315789,0.778947368421053
"TargetScan top200",153,"103_TTAGGCATCCCCGCCGATAA",0.311475409836066,0.825136612021858
"TargetScan top200",153,"103_TTAGGCATCCCGGTTGGCTA",0.313131313131313,0.787878787878788
"TargetScan top200",153,"103_TTAGGCATCCGAATGAACGT",0.325174825174825,0.793706293706294
"TargetScan top200",153,"103_TTAGGCATCCGAGCGGAACT",0.403361344537815,0.882352941176471
"TargetScan top200",153,"103_TTAGGCATCCTGACAGAGGT",0.313829787234043,0.781914893617021
"TargetScan top200",153,"103_TTAGGCATCCTGCAGGCTAC",0.329317269076305,0.811244979919679
"TargetScan top200",153,"103_TTAGGCATCCTTACCGGACC",0.404984423676012,0.844236760124611
"TargetScan top200",153,"103_TTAGGCATCCTTATGCCGCT",0.688581314878893,0.944636678200692
"TargetScan top200",153,"103_TTAGGCATCCTTATTCGCCT",0.325379609544469,0.770065075921909
"TargetScan top200",153,"103_TTAGGCATCCTTGCTAAGGA",0.247368421052632,0.778947368421053
"TargetScan top200",153,"103_TTATGGCCTTAACATAGCCT",0.501692047377327,0.8248730964467
"TargetScan top200",153,"103_TTATGGCCTTCCGCCGATAA",0.407272727272727,0.858181818181818
"TargetScan top200",153,"103_TTATGGCCTTCGGTTGGCTA",0.467680608365019,0.88212927756654
"TargetScan top200",153,"103_TTATGGCCTTGAATGAACGT",0.307359307359307,0.774891774891775
"TargetScan top200",153,"103_TTATGGCCTTGAGCGGAACT",0.291666666666667,0.791666666666667
"TargetScan top200",153,"103_TTATGGCCTTTGACAGAGGT",0.359154929577465,0.866197183098592
"TargetScan top200",153,"103_TTATGGCCTTTGCAGGCTAC",0.312169312169312,0.814814814814815
"TargetScan top200",153,"103_TTATGGCCTTTTACCGGACC",0.388260254596888,0.762376237623762
"TargetScan top200",153,"103_TTATGGCCTTTTATGCCGCT",0.391304347826087,0.869565217391304
"TargetScan top200",153,"103_TTATGGCCTTTTATTCGCCT",0.341614906832298,0.79296066252588
"TargetScan top200",153,"103_TTATGGCCTTTTCTCGCCTC",0.348448687350835,0.794749403341289
"TargetScan top200",153,"103_TTATGGCCTTTTGCTAAGGA",0.394736842105263,0.853383458646616
"TargetScan top200",153,"103_TTCCAGCTATCAGGCTCCAA",0.545454545454545,1
"TargetScan top200",153,"103_TTCCAGCTATCCGCCGATAA",0.345864661654135,0.796992481203008
"TargetScan top200",153,"103_TTCCAGCTATCGGTTGGCTA",0.364406779661017,0.915254237288135
"TargetScan top200",153,"103_TTCCAGCTATGAGCGGAACT",0.279411764705882,0.722426470588235
"TargetScan top200",153,"103_TTCCAGCTATTTATGCCGCT",0.509803921568627,1
"TargetScan top200",153,"103_TTCCAGCTATTTATTCGCCT",0.33125,0.825
"TargetScan top200",153,"103_TTCCAGCTATTTCTCGCCTC",0.299549549549549,0.804054054054054
"TargetScan top200",153,"103_TTCCGTGCTGACCTCACCAG",0.39766081871345,0.894736842105263
"TargetScan top200",153,"103_TTCCGTGCTGAGCAACAGTA",0.293885601577909,0.735700197238659
"TargetScan top200",153,"103_TTCCGTGCTGCCGCCGATAA",0.295774647887324,0.816901408450704
"TargetScan top200",153,"103_TTCCGTGCTGCGGTTGGCTA",0.310344827586207,0.839080459770115
"TargetScan top200",153,"103_TTCCGTGCTGGAATGAACGT",0.326086956521739,0.847826086956522
"TargetScan top200",153,"103_TTCCGTGCTGTGACAGAGGT",0.410714285714286,1
"TargetScan top200",153,"103_TTCCGTGCTGTGCAGGCTAC",0.365384615384615,0.894230769230769
"TargetScan top200",153,"103_TTCCGTGCTGTTATGCCGCT",0.266666666666667,0.812121212121212
"TargetScan top200",153,"103_TTCCGTGCTGTTATTCGCCT",0.371559633027523,0.848623853211009
"TargetScan top200",153,"103_TTCCGTGCTGTTCTCGCCTC",0.329268292682927,0.813008130081301
"TargetScan top200",153,"103_TTCCGTGCTGTTGCTAAGGA",0.273381294964029,0.748201438848921
"TargetScan top200",153,"103_TTCGCACGCAAACATAGCCT",0.353535353535354,0.94949494949495
"TargetScan top200",153,"103_TTCGCACGCAACCTCACCAG",0.322368421052632,0.835526315789474
"TargetScan top200",153,"103_TTCGCACGCAAGCAACAGTA",0.341991341991342,0.83982683982684
"TargetScan top200",153,"103_TTCGCACGCACCGCCGATAA",0.36283185840708,0.876106194690266
"TargetScan top200",153,"103_TTCGCACGCACGGTTGGCTA",0.266503667481663,0.745721271393643
"TargetScan top200",153,"103_TTCGCACGCAGAATGAACGT",0.271062271062271,0.749084249084249
"TargetScan top200",153,"103_TTCGCACGCAGAGCGGAACT",0.650793650793651,1
"TargetScan top200",153,"103_TTCGCACGCATGCAGGCTAC",0.388535031847134,0.885350318471338
"TargetScan top200",153,"103_TTCGCACGCATTATGCCGCT",0.337278106508876,0.828402366863905
"TargetScan top200",153,"103_TTCGCACGCATTATTCGCCT",0.5,1
"TargetScan top200",153,"103_TTCGCACGCATTCTCGCCTC",0.37125748502994,0.850299401197605
"TargetScan top200",153,"103_TTCGCACGCATTGCTAAGGA",0.521739130434783,1
"TargetScan top200",153,"103_TTGTCTGCAAAACATAGCCT",0.251515151515152,0.724242424242424
"TargetScan top200",153,"103_TTGTCTGCAACAGGCTCCAA",0.349726775956284,0.830601092896175
"TargetScan top200",153,"103_TTGTCTGCAACCGCCGATAA",0.371794871794872,0.974358974358974
"TargetScan top200",153,"103_TTGTCTGCAACGGTTGGCTA",0.290780141843972,0.815602836879433
"TargetScan top200",153,"103_TTGTCTGCAAGAATGAACGT",0.33695652173913,0.820652173913044
"TargetScan top200",153,"103_TTGTCTGCAATGACAGAGGT",0.486111111111111,1
"TargetScan top200",153,"103_TTGTCTGCAATGCAGGCTAC",0.365853658536585,0.98780487804878
"TargetScan top200",153,"103_TTGTCTGCAATTATTCGCCT",0.323076923076923,0.830769230769231
"TargetScan top200",153,"103_TTGTCTGCAATTCTCGCCTC",0.355140186915888,0.91588785046729
"TargetScan top200",153,"105_CAAGGACATCTAGGTGGCGA",0.431818181818182,1
"TargetScan top200",153,"105_CAAGGACATCTAGTTAGGCT",0.294736842105263,0.794736842105263
"TargetScan top200",153,"105_CAAGGACATCTCTGCAACAA",0.298507462686567,0.805970149253731
"TargetScan top200",153,"105_CAAGGACATCTGCATCATAC",0.4,0.95
"TargetScan top200",153,"105_CAAGGACATCTGGCCTTAAT",0.365384615384615,1
"TargetScan top200",153,"105_CCGACGCATTCCGGAGCTAA",0.427083333333333,0.958333333333333
"TargetScan top200",153,"105_CCGACGCATTCCGTGTTACT",0.276442307692308,0.730769230769231
"TargetScan top200",153,"105_CCGACGCATTCGACGCAGAA",0.323651452282158,0.838174273858921
"TargetScan top200",153,"105_CCGACGCATTTAGGTGGCGA",0.281553398058252,0.805825242718447
"TargetScan top200",153,"105_CCGACGCATTTAGTTAGGCT",0.414634146341463,0.987804878048781
"TargetScan top200",153,"105_CCGACGCATTTTCAGGAGAT",0.44,1
"TargetScan top200",153,"105_CGGAGAGTCACCGGAGCTAA",0.444444444444444,0.955555555555555
"TargetScan top200",153,"105_CGGAGAGTCATGCATCATAC",0.296511627906977,0.758720930232558
"TargetScan top200",153,"105_CGGCAAGCTACCGTGTTACT",0.291666666666667,0.786458333333333
"TargetScan top200",153,"105_CGGCAAGCTACGACGCAGAA",0.317073170731707,0.824390243902439
"TargetScan top200",153,"105_CGGCAAGCTACTATCTAGTG",0.495412844036697,0.853211009174312
"TargetScan top200",153,"105_CGGCAAGCTAGCACAGTATT",0.409836065573771,0.934426229508197
"TargetScan top200",153,"105_CGGCAAGCTATAGGTGGCGA",0.338028169014085,0.985915492957746
"TargetScan top200",153,"105_CGGCAAGCTATAGTTAGGCT",0.251445086705202,0.751445086705202
"TargetScan top200",153,"105_CGGCAAGCTATCTGCAACAA",0.31748726655348,0.803056027164686
"TargetScan top200",153,"105_CTGCAAGTGCTACAACTAGC",0.344262295081967,0.844262295081967
"TargetScan top200",153,"105_CTGCAAGTGCTAGGTGGCGA",0.325,0.858333333333333
"TargetScan top200",153,"105_CTGCAAGTGCTAGTTAGGCT",0.389705882352941,0.867647058823529
"TargetScan top200",153,"105_CTGCAAGTGCTCTGCAACAA",0.346153846153846,0.948717948717949
"TargetScan top200",153,"105_CTGCAAGTGCTGCATCATAC",0.365853658536585,0.98780487804878
"TargetScan top200",153,"105_CTGCAAGTGCTTACAACACG",0.372340425531915,0.936170212765957
"TargetScan top200",153,"105_GATGGACGCTCCGGAGCTAA",0.420289855072464,1
"TargetScan top200",153,"105_GATGGACGCTCGACGCAGAA",0.632530120481928,0.903614457831325
"TargetScan top200",153,"105_GATGGACGCTTACAACTAGC",0.412037037037037,0.893518518518518
"TargetScan top200",153,"105_GATGGACGCTTAGGTGGCGA",0.452830188679245,0.943396226415094
"TargetScan top200",153,"105_GATGGACGCTTGGCCTTAAT",0.343195266272189,0.804733727810651
"TargetScan top200",153,"105_GATGGACGCTTTACAACACG",0.393939393939394,0.94949494949495
"TargetScan top200",153,"105_GGAAGGTACGCCATCTCCGT",0.315789473684211,0.808612440191388
"TargetScan top200",153,"105_GGAAGGTACGCCGGAGCTAA",0.419753086419753,0.962962962962963
"TargetScan top200",153,"105_GGAAGGTACGCGACGCAGAA",0.357798165137615,0.871559633027523
"TargetScan top200",153,"105_GGAAGGTACGTAGGTGGCGA",0.392857142857143,0.928571428571429
"TargetScan top200",153,"105_GGCAATCCTCCCATCTCCGT",0.426829268292683,1
"TargetScan top200",153,"105_GGCAATCCTCCCGTGTTACT",0.532710280373832,1
"TargetScan top200",153,"105_GGCAATCCTCTGCATCATAC",0.374045801526718,0.885496183206107
"TargetScan top200",153,"105_GGCAATCCTCTGGCCTTAAT",0.485714285714286,0.980952380952381
"TargetScan top200",153,"105_TAGAGAGATGCCATCTCCGT",0.276098901098901,0.73489010989011
"TargetScan top200",153,"105_TAGAGAGATGCCGGAGCTAA",0.46875,0.91875
"TargetScan top200",153,"105_TAGAGAGATGCGACGCAGAA",0.337837837837838,0.831081081081081
"TargetScan top200",153,"105_TAGAGAGATGTACAACTAGC",0.273458445040214,0.753351206434316
"TargetScan top200",153,"105_TAGAGAGATGTCTGCAACAA",0.36036036036036,0.851351351351351
"TargetScan top200",153,"105_TAGAGAGATGTTCAGGAGAT",0.329113924050633,0.936708860759494
"TargetScan top200",153,"105_TAGATCTCTCCCATCTCCGT",0.350230414746544,0.820276497695852
"TargetScan top200",153,"105_TAGATCTCTCCCGGAGCTAA",0.469072164948454,0.860824742268041
"TargetScan top200",153,"105_TAGATCTCTCTAGGTGGCGA",0.271604938271605,0.796296296296296
"TargetScan top200",153,"105_TAGATCTCTCTTCAGGAGAT",0.385714285714286,1
"TargetScan top200",153,"105_TAGCTCCAGACCGTGTTACT",0.436619718309859,1
"TargetScan top200",153,"105_TAGCTCCAGACTCTTATTCG",0.338345864661654,0.774436090225564
"TargetScan top200",153,"105_TAGCTCCAGATAGGTGGCGA",0.345029239766082,0.818713450292398
"TargetScan top200",153,"105_TAGCTCCAGATGCATCATAC",0.262857142857143,0.765714285714286
"TargetScan top200",153,"105_TAGCTCCAGATGGCCTTAAT",0.482758620689655,1
"TargetScan top200",153,"105_TAGCTCCAGATTCAGGAGAT",0.282009724473258,0.766612641815235
"TargetScan top200",153,"105_TCCGGATTCGCCATCTCCGT",0.317757009345794,0.85981308411215
"TargetScan top200",153,"105_TCCGGATTCGCCGGAGCTAA",0.42156862745098,0.92156862745098
"TargetScan top200",153,"105_TCCGGATTCGCCGTGTTACT",0.283018867924528,0.805031446540881
"TargetScan top200",153,"105_TCCGGATTCGCGACGCAGAA",0.263979193758127,0.719115734720416
"TargetScan top200",153,"105_TCCGGATTCGTAGGTGGCGA",0.411042944785276,0.889570552147239
"TargetScan top200",153,"105_TCCGGATTCGTCTGCAACAA",0.313725490196078,0.833333333333333
"TargetScan top200",153,"105_TCCGGATTCGTGGCCTTAAT",0.365853658536585,0.98780487804878
"TargetScan top200",153,"105_TCCGGATTCGTTACAACACG",0.352941176470588,0.860294117647059
"TargetScan top200",153,"105_TCCGGATTCGTTCAGGAGAT",0.329577464788732,0.774647887323944
"TargetScan top200",153,"105_TCCGGATTCGTTCTCTGATC",0.337423312883436,0.815950920245399
"TargetScan top200",153,"105_TCGTGAAGCGCCGGAGCTAA",0.277486910994764,0.801047120418848
"TargetScan top200",153,"105_TCGTGAAGCGCCGTGTTACT",0.471428571428571,1
"TargetScan top200",153,"105_TCGTGAAGCGCGACGCAGAA",0.305263157894737,0.775438596491228
"TargetScan top200",153,"105_TCGTGAAGCGCTATCTAGTG",0.377622377622378,0.895104895104895
"TargetScan top200",153,"105_TCGTGAAGCGCTCTTATTCG",0.32243816254417,0.787102473498233
"TargetScan top200",153,"105_TCGTGAAGCGTACAACTAGC",0.375661375661376,0.867724867724868
"TargetScan top200",153,"105_TCGTGAAGCGTAGTTAGGCT",0.3875,0.8625
"TargetScan top200",153,"105_TCGTGAAGCGTCTGCAACAA",0.297297297297297,0.804054054054054
"TargetScan top200",153,"105_TCGTGAAGCGTGCATCATAC",0.360406091370558,0.83756345177665
"TargetScan top200",153,"105_TCGTGAAGCGTTACAACACG",0.304075235109718,0.75705329153605
"TargetScan top200",153,"105_TCGTGAAGCGTTCAGGAGAT",0.314925373134328,0.77910447761194
"TargetScan top200",153,"105_TCTGCGTTAACCGTGTTACT",0.341176470588235,0.917647058823529
"TargetScan top200",153,"105_TCTGCGTTAACGACGCAGAA",0.521739130434783,1
"TargetScan top200",153,"105_TCTGCGTTAATACAACTAGC",0.450704225352113,1
"TargetScan top200",153,"105_TCTGCGTTAATAGGTGGCGA",0.465116279069767,1
"TargetScan top200",153,"105_TCTGCGTTAATGCATCATAC",0.356435643564356,0.881188118811881
"TargetScan top200",153,"105_TCTGCGTTAATTACAACACG",0.393617021276596,0.957446808510638
"TargetScan top200",153,"105_TGACACCGTACCATCTCCGT",0.288720538720539,0.712121212121212
"TargetScan top200",153,"105_TGACACCGTACCGGAGCTAA",0.333793103448276,0.772413793103448
"TargetScan top200",153,"105_TGACACCGTACCGTGTTACT",0.25,0.75
"TargetScan top200",153,"105_TGACACCGTACGACGCAGAA",0.370114942528736,0.802298850574713
"TargetScan top200",153,"105_TGACACCGTACTCTTATTCG",0.295070422535211,0.753521126760563
"TargetScan top200",153,"105_TGACACCGTATACAACTAGC",0.292079207920792,0.749174917491749
"TargetScan top200",153,"105_TGACACCGTATAGGTGGCGA",0.367864693446089,0.820295983086681
"TargetScan top200",153,"105_TGACACCGTATAGTTAGGCT",0.352882703777336,0.784294234592445
"TargetScan top200",153,"105_TGACACCGTATCTGCAACAA",0.372576177285319,0.786703601108033
"TargetScan top200",153,"105_TGACACCGTATGCATCATAC",0.256756756756757,0.733108108108108
"TargetScan top200",153,"105_TGACACCGTATGGCCTTAAT",0.313725490196078,0.788235294117647
"TargetScan top200",153,"105_TGACACCGTATTACAACACG",0.26605504587156,0.718098415346122
"TargetScan top200",153,"105_TGACACCGTATTCTCTGATC",0.333830104321908,0.754843517138599
"TargetScan top200",153,"105_TGACCATGAACCGGAGCTAA",0.345029239766082,0.859649122807017
"TargetScan top200",153,"105_TGACCATGAACGACGCAGAA",0.336585365853659,0.814634146341463
"TargetScan top200",153,"105_TGACCATGAACTATCTAGTG",0.32258064516129,0.834101382488479
"TargetScan top200",153,"105_TGACCATGAATACAACTAGC",0.396825396825397,0.928571428571429
"TargetScan top200",153,"105_TGACCATGAATCTGCAACAA",0.43421052631579,1
"TargetScan top200",153,"105_TGACCATGAATGCATCATAC",0.3125,0.840277777777778
"TargetScan top200",153,"105_TGACCATGAATGGCCTTAAT",0.425213675213675,0.848290598290598
"TargetScan top200",153,"105_TGACCATGAATTACAACACG",0.308900523560209,0.821989528795812
"TargetScan top200",153,"105_TGACCATGAATTCTCTGATC",0.363095238095238,0.776785714285714
"TargetScan top200",153,"105_TGATGGAGAACCATCTCCGT",0.361702127659574,0.936170212765957
"TargetScan top200",153,"105_TGATGGAGAACCGGAGCTAA",0.385714285714286,1
"TargetScan top200",153,"105_TGATGGAGAACCGTGTTACT",0.297435897435897,0.830769230769231
"TargetScan top200",153,"105_TGATGGAGAACGACGCAGAA",0.25,0.717391304347826
"TargetScan top200",153,"105_TGATGGAGAACTATCTAGTG",0.484018264840183,0.904109589041096
"TargetScan top200",153,"105_TGATGGAGAAGCACAGTATT",0.307692307692308,0.835897435897436
"TargetScan top200",153,"105_TGATGGAGAATACAACTAGC",0.272727272727273,0.779614325068871
"TargetScan top200",153,"105_TGATGGAGAATAGGTGGCGA",0.281733746130031,0.743034055727554
"TargetScan top200",153,"105_TGATGGAGAATAGTTAGGCT",0.261044176706827,0.783132530120482
"TargetScan top200",153,"105_TGATGGAGAATGGCCTTAAT",0.416243654822335,0.84263959390863
"TargetScan top200",153,"105_TGATGGAGAATTCAGGAGAT",0.336492890995261,0.876777251184834
"TargetScan top200",153,"105_TTAGGCATCCCCGGAGCTAA",0.433333333333333,0.891666666666667
"TargetScan top200",153,"105_TTAGGCATCCCCGTGTTACT",0.303501945525292,0.801556420233463
"TargetScan top200",153,"105_TTAGGCATCCCGACGCAGAA",0.363636363636364,0.836363636363636
"TargetScan top200",153,"105_TTAGGCATCCCTATCTAGTG",0.258333333333333,0.741666666666667
"TargetScan top200",153,"105_TTAGGCATCCCTCTTATTCG",0.327380952380952,0.806547619047619
"TargetScan top200",153,"105_TTAGGCATCCTAGGTGGCGA",0.370503597122302,0.823741007194245
"TargetScan top200",153,"105_TTAGGCATCCTAGTTAGGCT",0.304582210242588,0.78167115902965
"TargetScan top200",153,"105_TTAGGCATCCTCTGCAACAA",0.323943661971831,0.835680751173709
"TargetScan top200",153,"105_TTAGGCATCCTGCATCATAC",0.351288056206089,0.789227166276347
"TargetScan top200",153,"105_TTAGGCATCCTGGCCTTAAT",0.335,0.83
"TargetScan top200",153,"105_TTAGGCATCCTTCAGGAGAT",0.338418862690707,0.764216366158114
"TargetScan top200",153,"105_TTAGGCATCCTTCTCTGATC",0.315492957746479,0.777464788732394
"TargetScan top200",153,"105_TTATGGCCTTCCATCTCCGT",0.367977528089888,0.831460674157303
"TargetScan top200",153,"105_TTATGGCCTTCCGTGTTACT",0.346456692913386,0.84251968503937
"TargetScan top200",153,"105_TTATGGCCTTCGACGCAGAA",0.376923076923077,0.853846153846154
"TargetScan top200",153,"105_TTATGGCCTTCTCTTATTCG",0.43161094224924,0.829787234042553
"TargetScan top200",153,"105_TTATGGCCTTTACAACTAGC",0.340540540540541,0.843243243243243
"TargetScan top200",153,"105_TTATGGCCTTTAGTTAGGCT",0.372222222222222,0.838888888888889
"TargetScan top200",153,"105_TTATGGCCTTTCTGCAACAA",0.392523364485981,0.869158878504673
"TargetScan top200",153,"105_TTATGGCCTTTGCATCATAC",0.2475106685633,0.692745376955903
"TargetScan top200",153,"105_TTATGGCCTTTGGCCTTAAT",0.329824561403509,0.792982456140351
"TargetScan top200",153,"105_TTATGGCCTTTTCAGGAGAT",0.325581395348837,0.813953488372093
"TargetScan top200",153,"105_TTATGGCCTTTTCTCTGATC",0.322388059701493,0.811940298507463
"TargetScan top200",153,"105_TTCCAGCTATTACAACTAGC",0.286492374727669,0.747276688453159
"TargetScan top200",153,"105_TTCCAGCTATTAGGTGGCGA",0.333333333333333,0.847826086956522
"TargetScan top200",153,"105_TTCCAGCTATTGCATCATAC",0.37248322147651,0.802013422818792
"TargetScan top200",153,"105_TTCCAGCTATTTCAGGAGAT",0.453333333333333,1
"TargetScan top200",153,"105_TTCCGTGCTGCCGGAGCTAA",0.395522388059702,0.917910447761194
"TargetScan top200",153,"105_TTCCGTGCTGCTCTTATTCG",0.343007915567282,0.815303430079156
"TargetScan top200",153,"105_TTCCGTGCTGTGGCCTTAAT",0.395348837209302,0.868217054263566
"TargetScan top200",153,"105_TTCCGTGCTGTTACAACACG",0.408450704225352,1
"TargetScan top200",153,"105_TTCGCACGCACCGTGTTACT",0.329113924050633,0.810126582278481
"TargetScan top200",153,"105_TTCGCACGCATACAACTAGC",0.394495412844037,0.908256880733945
"TargetScan top200",153,"105_TTCGCACGCATTCAGGAGAT",0.329545454545455,0.954545454545455
"TargetScan top200",153,"105_TTGTCTGCAATACAACTAGC",0.349514563106796,0.810679611650485
"TargetScan top200",153,"105_TTGTCTGCAATAGTTAGGCT",0.439393939393939,1
