"gene","rho","detection","mean_expr","set"
"ENSG00000000003",-0.147252132412615,0.958412098298677,6.92017023157772,"TarBase"
"ENSG00000000419",-0.0476116207215775,0.969754253308129,8.17733720738413,"TarBase"
"ENSG00000000460",0.0386903814655056,0.657844990548204,1.57697637157615,"TarBase"
"ENSG00000001036",0.0162087358096927,0.907372400756144,5.27560986721954,"TarBase"
"ENSG00000001167",-0.0559712231923769,0.544423440453686,1.18386953727456,"TarBase"
"ENSG00000001497",-0.321533003097493,0.945179584120983,6.94868327168134,"TarBase"
"ENSG00000001629",0.124387326925373,0.843100189035917,3.18153664270578,"TarBase"
"ENSG00000002549",-0.290659609382022,0.886578449905482,4.70867957866563,"TarBase"
"ENSG00000002919",-0.0208334567767241,0.76937618147448,2.61391370986817,"TarBase"
"ENSG00000003056",-0.0969082612711717,0.792060491493384,2.65436312902284,"TarBase"
"ENSG00000003989",-0.241897802516366,0.24952741020794,0.397132037114148,"TarBase"
"ENSG00000004455",-0.534226295423635,0.982986767485822,16.962364135424,"TarBase"
"ENSG00000004487",-0.111210093872288,0.795841209829868,2.49611910770809,"TarBase"
"ENSG00000004700",0.110797347163714,0.741020793950851,2.01989068646797,"TarBase"
"ENSG00000004864",-0.0294454894775084,0.869565217391304,3.78287364214513,"TarBase"
"ENSG00000004897",-0.0981975124577631,0.930056710775047,5.98683674128128,"TarBase"
"ENSG00000004975",-0.149074463857987,0.396975425330813,0.707244061190389,"TarBase"
"ENSG00000005075",-0.225097395235428,0.977315689981096,9.54827269504198,"TarBase"
"ENSG00000005100",-0.176084089189974,0.705103969754253,2.14116310782976,"TarBase"
"ENSG00000005893",0.0341898874157642,0.939508506616257,5.61509369432868,"TarBase"
"ENSG00000006016",-0.0389115040355653,0.395085066162571,0.648059885958911,"TarBase"
"ENSG00000006327",0.111983959294766,0.466918714555766,0.962375529616658,"TarBase"
"ENSG00000006432",0.00309793067158624,0.516068052930057,1.08003241172341,"TarBase"
"ENSG00000006451",-0.0998943111949858,0.80718336483932,3.14705540049665,"TarBase"
"ENSG00000006576",-0.128929571338209,0.773156899810964,2.59951361440354,"TarBase"
"ENSG00000006625",-0.252537029082959,0.935727788279773,7.08772493250663,"TarBase"
"ENSG00000006634",-0.167140864095089,0.697542533081285,2.01230583299252,"TarBase"
"ENSG00000006652",0.0733798727555098,0.395085066162571,0.680699314686789,"TarBase"
"ENSG00000008282",-0.146899714697773,0.502835538752363,1.35479300520841,"TarBase"
"ENSG00000008324",-0.171456311540326,0.950850661625709,7.16514662041594,"TarBase"
"ENSG00000008394",-0.174597014403834,0.4234404536862,0.999986611140575,"TarBase"
"ENSG00000008441",-0.0159423723531092,0.361058601134216,0.916892454206001,"TarBase"
"ENSG00000008952",0.0562256216672626,0.986767485822306,8.45126135954424,"TarBase"
"ENSG00000008988",0.346386786417572,1,157.038650701167,"TarBase"
"ENSG00000009307",0.129607670904906,0.998109640831758,29.1753931491659,"TarBase"
"ENSG00000009780",-0.189569245352308,0.648393194706994,1.70532929331242,"TarBase"
"ENSG00000009844",-0.0137263494961889,0.937618147448015,4.97127356034992,"TarBase"
"ENSG00000010072",-0.148393031887131,0.810964083175803,2.59529195112828,"TarBase"
"ENSG00000010292",-0.165208639719042,0.822306238185255,3.21270607092834,"TarBase"
"ENSG00000010318",0.012450702947405,0.234404536862004,0.377979753093659,"TarBase"
"ENSG00000010539",0.0589472571564516,0.404536862003781,0.635051568222903,"TarBase"
"ENSG00000011132",-0.013178414695149,0.264650283553875,0.416712317239667,"TarBase"
"ENSG00000011198",-0.101244885242759,0.623818525519849,1.75480592911064,"TarBase"
"ENSG00000011243",0.195150879050603,0.824196597353497,3.18649349665541,"TarBase"
"ENSG00000011260",-0.343173451546877,0.860113421550095,4.33213995358114,"TarBase"
"ENSG00000011304",-0.343769244679213,0.714555765595463,2.92138390766313,"TarBase"
"ENSG00000011405",0.0502482857487046,0.914933837429111,5.43067244440675,"TarBase"
"ENSG00000011422",0.249776465193384,0.646502835538752,1.6191651467461,"TarBase"
"ENSG00000011426",0.0732026314458661,0.837429111531191,4.06690901871978,"TarBase"
"ENSG00000011566",0.108283001119163,0.862003780718336,3.6682931231257,"TarBase"
"ENSG00000012048",0.122650437618213,0.918714555765595,6.32198222713002,"TarBase"
"ENSG00000012660",-0.265890541581251,0.846880907372401,4.31867394658773,"TarBase"
"ENSG00000013306",-0.630665099401924,0.831758034026465,5.71376281591396,"TarBase"
"ENSG00000013374",0.0651324552101654,0.937618147448015,5.29225306233757,"TarBase"
"ENSG00000013375",-0.0814176058365375,0.7882797731569,3.0328401979504,"TarBase"
"ENSG00000013441",0.170916198501076,0.790170132325142,3.17180999109035,"TarBase"
"ENSG00000013810",-0.193479647612589,0.801512287334594,4.19720011409435,"TarBase"
"ENSG00000014216",0.0676512675863485,0.718336483931947,2.01339220411693,"TarBase"
"ENSG00000014824",-0.101327417600181,0.948960302457467,6.81517801660144,"TarBase"
"ENSG00000015475",-0.164828195439019,0.80718336483932,3.35622992527432,"TarBase"
"ENSG00000015479",0.0254480819617324,0.97164461247637,8.40617124132183,"TarBase"
"ENSG00000016864",-0.112122259668057,0.638941398865784,1.66649496097673,"TarBase"
"ENSG00000018189",0.279681598683031,0.880907372400756,4.24475772588866,"TarBase"
"ENSG00000018236",-0.00186348666792132,0.453686200378072,0.951774470311683,"TarBase"
"ENSG00000018510",0.0221653899189778,0.91304347826087,4.56645686058575,"TarBase"
"ENSG00000020577",-0.13093481581393,0.43289224952741,0.99866653306615,"TarBase"
"ENSG00000021300",0.162496181903169,0.294896030245747,0.418721038809299,"TarBase"
"ENSG00000021826",0.0494624056912467,0.478260869565217,0.883122033775603,"TarBase"
"ENSG00000022267",-0.146553948252037,0.863894139886578,3.90135389840546,"TarBase"
"ENSG00000022567",0.0403553835735754,0.551984877126654,1.32233391688948,"TarBase"
"ENSG00000023228",0.0102180251062827,0.899810964083176,4.0855065474184,"TarBase"
"ENSG00000023516",0.0526432008843935,0.708884688090737,1.70187026959107,"TarBase"
"ENSG00000023608",0.0293697061694074,0.739130434782609,2.21127743862194,"TarBase"
"ENSG00000023909",-0.144122123002174,0.468809073724008,0.98560609756367,"TarBase"
"ENSG00000024526",-0.279916324842442,0.519848771266541,1.59829661173228,"TarBase"
"ENSG00000024862",0.0562355913820072,0.837429111531191,3.60691689450629,"TarBase"
"ENSG00000025039",0.0466866567372496,0.618147448015123,1.61946453226805,"TarBase"
"ENSG00000025423",-0.0400395394395201,0.398865784499055,0.673333756747824,"TarBase"
"ENSG00000025708",-0.0398566398935002,0.398865784499055,0.762849271062641,"TarBase"
"ENSG00000025770",0.135869050042226,0.858223062381853,3.71989471406747,"TarBase"
"ENSG00000025772",-0.348560499459617,0.527410207939509,1.54293296942938,"TarBase"
"ENSG00000025796",-0.0832302982053395,0.909262759924386,5.03005803620863,"TarBase"
"ENSG00000026025",-0.723349195393376,0.786389413988658,14.5553222036906,"TarBase"
"ENSG00000026297",-0.269012717694979,0.52930056710775,1.19353208485203,"TarBase"
"ENSG00000027697",0.0463555908487416,0.776937618147448,2.23998158892005,"TarBase"
"ENSG00000030066",-0.195582808239139,0.867674858223062,3.99933466262585,"TarBase"
"ENSG00000031691",-0.137566627082932,0.487712665406427,0.93510803830456,"TarBase"
"ENSG00000031698",0.301647966972542,0.996219281663516,20.273926340321,"TarBase"
"ENSG00000032742",0.112979000244206,0.586011342155009,1.21139374105835,"TarBase"
"ENSG00000033011",-0.0917054530492974,0.67296786389414,1.51916434286396,"TarBase"
"ENSG00000033030",0.000699224233853498,0.731568998109641,2.06226313785506,"TarBase"
"ENSG00000033050",-0.192036473154218,0.909262759924386,4.27227714091864,"TarBase"
"ENSG00000033178",-0.0189627645733698,0.809073724007561,2.35780344374767,"TarBase"
"ENSG00000033800",0.218281960971556,0.911153119092628,4.4296912940895,"TarBase"
"ENSG00000033867",-0.12888898640144,0.754253308128544,3.10575768623207,"TarBase"
"ENSG00000034152",-0.222067941050032,0.578449905482042,1.42027763941243,"TarBase"
"ENSG00000034693",-0.140692928049364,0.829867674858223,2.97508773797832,"TarBase"
"ENSG00000035499",-0.29257994784944,0.54820415879017,1.36182605771913,"TarBase"
"ENSG00000035681",-0.0685465066994756,0.523629489603025,1.19388264557021,"TarBase"
"ENSG00000037042",-0.0134657883977835,0.340264650283554,0.521136364485655,"TarBase"
"ENSG00000037474",-0.263381280824327,0.771266540642722,2.65008454849704,"TarBase"
"ENSG00000037749",0.0609616638986534,0.606805293005671,1.35127587269359,"TarBase"
"ENSG00000037757",-0.261874263639606,0.744801512287335,2.77936255817831,"TarBase"
"ENSG00000038002",0.0951264057706854,0.752362948960302,2.18442654551106,"TarBase"
"ENSG00000038210",-0.23635298901595,0.270321361058601,0.467704764744909,"TarBase"
"ENSG00000039560",-0.246031798888123,0.712665406427221,2.21809934854302,"TarBase"
"ENSG00000040275",-0.369249106634402,0.829867674858223,4.33527950315196,"TarBase"
"ENSG00000040531",-0.00950522795122449,0.540642722117202,1.19267906663356,"TarBase"
"ENSG00000041357",-0.374356012591581,0.996219281663516,29.6971951093344,"TarBase"
"ENSG00000042062",0.0942354770399103,0.302457466918715,0.501365934806417,"TarBase"
"ENSG00000042493",-0.00950580594387452,0.362948960302457,0.664270448825257,"TarBase"
"ENSG00000042781",-0.04913687471761,0.438563327032136,1.26090389571374,"TarBase"
"ENSG00000044574",-0.308689222827941,0.988657844990548,32.089767994461,"TarBase"
"ENSG00000046604",-0.115249135232164,0.918714555765595,5.18026740088835,"TarBase"
"ENSG00000046653",-0.211868086054642,0.472589792060492,1.35535663312178,"TarBase"
"ENSG00000047056",0.0867085723204342,0.703213610586011,1.88803724884364,"TarBase"
"ENSG00000047315",-0.0189263243624619,0.967863894139887,10.4099082524917,"TarBase"
"ENSG00000048162",-0.48105105082702,0.941398865784499,9.22624316848261,"TarBase"
"ENSG00000048342",0.0490036222566617,0.582230623818526,1.33426807284789,"TarBase"
"ENSG00000048828",-0.297559627272921,0.79773156899811,3.54312290988438,"TarBase"
"ENSG00000049239",-0.137321753737551,0.291115311909263,0.536271025644067,"TarBase"
"ENSG00000049245",-0.25634245591411,0.480151228733459,1.83389216105912,"TarBase"
"ENSG00000049541",-0.111682323645484,0.954631379962193,7.23978954114464,"TarBase"
"ENSG00000050130",0.176038415935817,0.79773156899811,2.6223169432488,"TarBase"
"ENSG00000050344",-0.0357898041930992,0.266540642722117,0.553724758619249,"TarBase"
"ENSG00000050393",-0.162419314005239,0.582230623818526,1.3843670413508,"TarBase"
"ENSG00000050426",0.0320125082776332,0.886578449905482,3.53484736664356,"TarBase"
"ENSG00000051108",-0.0358785795907666,0.850661625708885,6.08405167997458,"TarBase"
"ENSG00000051180",-0.0403761066448554,0.731568998109641,2.96679469289063,"TarBase"
"ENSG00000051341",0.0024254658286492,0.892249527410208,5.47288285720442,"TarBase"
"ENSG00000051620",-0.102785707474082,0.519848771266541,1.06878349854523,"TarBase"
"ENSG00000051825",0.0960734845565641,0.91304347826087,5.5435529523401,"TarBase"
"ENSG00000052749",-0.201113109026566,0.867674858223062,5.33765886606037,"TarBase"
"ENSG00000052802",-0.135498126933669,0.731568998109641,2.34110055594659,"TarBase"
"ENSG00000052841",0.125853452195143,0.862003780718336,3.86624033528328,"TarBase"
"ENSG00000053371",-0.218076178342935,0.733459357277883,2.45391852826176,"TarBase"
"ENSG00000053372",-0.543047791611767,0.890359168241966,7.67965455494835,"TarBase"
"ENSG00000053770",0.0730523630910406,0.635160680529301,1.59155607114561,"TarBase"
"ENSG00000053900",-0.110355863453439,0.572778827977316,1.1101281896435,"TarBase"
"ENSG00000054118",-0.0549627188527791,0.986767485822306,11.4442460782428,"TarBase"
"ENSG00000054282",0.240093457960293,0.965973534971645,7.78123458617297,"TarBase"
"ENSG00000054523",0.0137310855663323,0.930056710775047,6.54239489070003,"TarBase"
"ENSG00000054690",-0.0793465259239085,0.482041587901701,0.921461970789327,"TarBase"
"ENSG00000055044",-0.487410620275772,0.99054820415879,19.2158824877712,"TarBase"
"ENSG00000055147",-0.0857596279004015,0.53875236294896,1.0521891738033,"TarBase"
"ENSG00000055208",0.000149208794852996,0.718336483931947,2.05155782507289,"TarBase"
"ENSG00000055211",-0.240946681604727,0.606805293005671,1.52678038708693,"TarBase"
"ENSG00000055332",0.00073693304512595,0.795841209829868,2.69465072332436,"TarBase"
"ENSG00000055483",-0.323996441970619,0.80718336483932,3.80519998146748,"TarBase"
"ENSG00000055917",0.113102098198723,0.924385633270321,5.8431720692665,"TarBase"
"ENSG00000055950",-0.00313920813209097,0.916824196597353,5.3051217900434,"TarBase"
"ENSG00000056487",-0.14931401337201,0.603024574669187,2.14221479829396,"TarBase"
"ENSG00000056736",-0.0739061695986409,0.485822306238185,0.959038017028736,"TarBase"
"ENSG00000057019",-0.0338427590161142,0.650283553875236,1.54518930454168,"TarBase"
"ENSG00000058262",-0.224764722319675,0.922495274102079,6.11186389782313,"TarBase"
"ENSG00000058804",-0.186313666306943,0.818525519848771,3.41378518318739,"TarBase"
"ENSG00000059145",0.0121975553032914,0.705103969754253,1.93482111262822,"TarBase"
"ENSG00000059573",-0.337129494030861,0.871455576559546,4.86004740693305,"TarBase"
"ENSG00000059588",-0.083595889366751,0.810964083175803,3.53422663758402,"TarBase"
"ENSG00000059728",0.0972020458519676,0.724007561436673,2.05763894549774,"TarBase"
"ENSG00000059758",0.0467507685688141,0.754253308128544,2.37006529122509,"TarBase"
"ENSG00000060138",-0.0166664477985392,0.967863894139887,6.51791968125046,"TarBase"
"ENSG00000060237",0.169796572613191,0.965973534971645,7.95733678501797,"TarBase"
"ENSG00000060688",-0.256149903939292,0.958412098298677,8.00515852689257,"TarBase"
"ENSG00000060749",-0.0161705090329646,0.75992438563327,2.52461808154057,"TarBase"
"ENSG00000060762",-0.297923105405384,0.952741020793951,7.96634715215084,"TarBase"
"ENSG00000060982",-0.200694388701304,0.744801512287335,2.79236144096841,"TarBase"
"ENSG00000061676",0.0869649007717053,0.890359168241966,3.64373562707303,"TarBase"
"ENSG00000062650",0.153400224955407,0.928166351606805,5.33744801162511,"TarBase"
"ENSG00000062716",0.19302034116986,0.986767485822306,9.81891169032698,"TarBase"
"ENSG00000062822",-0.0249821231358444,0.882797731568998,4.81024589647347,"TarBase"
"ENSG00000063046",0.269766459505298,1,24.3264835936682,"TarBase"
"ENSG00000063177",0.0137015011661549,1,151.444046009616,"TarBase"
"ENSG00000063660",0.00110739244174041,0.270321361058601,0.402072794255814,"TarBase"
"ENSG00000064042",0.087930285245687,0.417769376181474,0.824783797962188,"TarBase"
"ENSG00000064102",-0.165493364235458,0.76937618147448,2.37122263366869,"TarBase"
"ENSG00000064115",-0.0492832989534223,0.584120982986768,1.35375263664285,"TarBase"
"ENSG00000064309",-0.0475079539544704,0.478260869565217,1.28448144754828,"TarBase"
"ENSG00000064393",0.115230180309454,0.935727788279773,5.65616506257456,"TarBase"
"ENSG00000064545",-0.221404197218144,0.799621928166352,3.23953037693266,"TarBase"
"ENSG00000064607",0.155236707695337,0.905482041587902,4.02663897487823,"TarBase"
"ENSG00000064651",-0.224041244817245,0.455576559546314,0.933254341541948,"TarBase"
"ENSG00000064932",-0.053702828375226,0.383742911153119,0.691651823738587,"TarBase"
"ENSG00000065054",-0.0158726366840406,0.35538752362949,0.557660323725686,"TarBase"
"ENSG00000065057",-0.420416436011758,0.80718336483932,3.78017391265231,"TarBase"
"ENSG00000065060",-0.0990091162862052,0.688090737240076,1.94576044779847,"TarBase"
"ENSG00000065135",-0.0288016871015781,0.954631379962193,6.53999556409343,"TarBase"
"ENSG00000065150",-0.23488323249485,0.97164461247637,9.33841855990634,"TarBase"
"ENSG00000065328",-0.126504114179061,0.803402646502836,3.03894855121435,"TarBase"
"ENSG00000065413",0.0386542081050169,0.353497164461248,0.705984615278239,"TarBase"
"ENSG00000065485",-0.225620723877008,0.56710775047259,1.71854976818056,"TarBase"
"ENSG00000065526",-0.421748691507159,0.954631379962193,15.1615795744392,"TarBase"
"ENSG00000065548",-0.265436736232578,0.933837429111531,7.4515976390067,"TarBase"
"ENSG00000065559",-0.0320963737358808,0.693761814744801,1.58266874699351,"TarBase"
"ENSG00000065613",-0.054974088477829,0.712665406427221,1.9536580435,"TarBase"
"ENSG00000065621",0.0354078730833098,0.328922495274102,0.513452276491146,"TarBase"
"ENSG00000065809",-0.0288535751947186,0.64461247637051,1.5528564385474,"TarBase"
"ENSG00000065911",-0.151729158500022,0.956521739130435,14.6471870472326,"TarBase"
"ENSG00000065978",-0.0508202799613135,1,23.8726734912545,"TarBase"
"ENSG00000066279",0.0045692985168758,0.703213610586011,2.1858245905411,"TarBase"
"ENSG00000066322",-0.22287021493395,0.35538752362949,0.973646470065084,"TarBase"
"ENSG00000066379",-0.203358134377568,0.487712665406427,0.966677651385669,"TarBase"
"ENSG00000066422",-0.0448697807730072,0.527410207939509,1.03041595551156,"TarBase"
"ENSG00000066557",0.00590482161678071,0.879017013232514,3.32893253455813,"TarBase"
"ENSG00000066583",-0.322058355280598,0.786389413988658,3.00003888063145,"TarBase"
"ENSG00000066629",-0.0652176110824831,0.5765595463138,1.41746226446429,"TarBase"
"ENSG00000066926",-0.171825921736887,0.531190926275992,1.08676929001854,"TarBase"
"ENSG00000067082",-0.234060982739397,0.289224952741021,0.624309492059237,"TarBase"
"ENSG00000067113",0.0815034149315952,0.724007561436673,2.29892557382045,"TarBase"
"ENSG00000067167",-0.0630989971990336,0.773156899810964,2.32933909370929,"TarBase"
"ENSG00000067208",0.284755183680155,0.945179584120983,7.27638365602923,"TarBase"
"ENSG00000067334",-0.0720287672421415,0.939508506616257,6.31674418843148,"TarBase"
"ENSG00000067533",-0.397184087375012,0.933837429111531,6.67594096114667,"TarBase"
"ENSG00000067560",-0.308517054371008,0.907372400756144,7.00770923746078,"TarBase"
"ENSG00000067900",0.0844750431874652,0.897920604914934,4.40034166013324,"TarBase"
"ENSG00000067955",-0.0122130127489495,0.818525519848771,3.0923402916411,"TarBase"
"ENSG00000068028",-0.0978463508131636,0.731568998109641,3.47792035100846,"TarBase"
"ENSG00000068078",0.0468387527571144,0.398865784499055,0.675734947971738,"TarBase"
"ENSG00000068097",-0.157362326798407,0.612476370510397,1.3879675602281,"TarBase"
"ENSG00000068438",-0.38402877205843,0.710775047258979,2.14529738164759,"TarBase"
"ENSG00000068489",-0.179740356160464,0.701323251417769,2.5025043057762,"TarBase"
"ENSG00000068650",-0.1311603850708,0.546313799621928,1.23900570494174,"TarBase"
"ENSG00000068697",-0.390063032586855,0.91304347826087,6.64286376404707,"TarBase"
"ENSG00000068724",-0.134322328621443,0.4234404536862,0.916886453754276,"TarBase"
"ENSG00000068784",-0.01156641012817,0.856332703213611,3.69699202666721,"TarBase"
"ENSG00000068796",-0.113563549702992,0.799621928166352,2.40372131591433,"TarBase"
"ENSG00000069275",-0.271245552547639,1,40.0963222203499,"TarBase"
"ENSG00000069329",-0.262947912466492,0.880907372400756,3.91094868950143,"TarBase"
"ENSG00000069702",-0.158422609375074,0.776937618147448,3.52841893051884,"TarBase"
"ENSG00000069869",0.102981346331274,0.491493383742911,0.944625860051458,"TarBase"
"ENSG00000069974",0.133927872106711,0.438563327032136,0.933502968246137,"TarBase"
"ENSG00000069998",-0.412439047389452,0.767485822306238,2.74089701229939,"TarBase"
"ENSG00000070018",-0.0049235992509142,0.410207939508507,0.627925913446898,"TarBase"
"ENSG00000070081",0.121459135946304,0.965973534971645,6.53625974169796,"TarBase"
"ENSG00000070159",0.0655631831036415,0.504725897920605,1.08371008945672,"TarBase"
"ENSG00000070214",-0.0961786720131562,0.608695652173913,1.6516346726393,"TarBase"
"ENSG00000070669",0.0247919086214282,0.595463137996219,1.32157428047546,"TarBase"
"ENSG00000070756",-0.01251824294463,1,20.2741868600822,"TarBase"
"ENSG00000070770",0.0872998118924153,0.621928166351607,1.36226729084351,"TarBase"
"ENSG00000070814",-0.342574185703698,0.897920604914934,5.37852767658934,"TarBase"
"ENSG00000070950",0.0534968312393692,0.890359168241966,5.0825784795841,"TarBase"
"ENSG00000071054",0.128567956863008,0.948960302457467,6.5739222769996,"TarBase"
"ENSG00000071073",0.00180556633488233,0.517958412098299,0.884230070138407,"TarBase"
"ENSG00000071082",0.103708485445694,1,409.877340740592,"TarBase"
"ENSG00000071189",0.020430757668206,0.627599243856333,1.30168415702591,"TarBase"
"ENSG00000071242",0.0463528361421486,0.784499054820416,3.02044407628954,"TarBase"
"ENSG00000071539",-0.319305196174891,0.701323251417769,2.08900210078709,"TarBase"
"ENSG00000071564",-0.193147677457397,0.627599243856333,1.67438442528806,"TarBase"
"ENSG00000071655",-0.0666343242978905,0.765595463137996,2.24816657309386,"TarBase"
"ENSG00000071967",-0.116292693578712,0.251417769376181,0.449326623856335,"TarBase"
"ENSG00000071994",-0.353882781357725,0.782608695652174,2.76612646783985,"TarBase"
"ENSG00000072121",0.101735963049609,0.729678638941399,2.06986290033567,"TarBase"
"ENSG00000072274",-0.389928477538403,0.867674858223062,5.7717149846298,"TarBase"
"ENSG00000072364",0.247832183925887,0.930056710775047,5.73530151116904,"TarBase"
"ENSG00000072506",-0.638738156773633,0.99054820415879,17.8173438840151,"TarBase"
"ENSG00000072518",-0.0184415111649692,0.686200378071834,2.11789456932964,"TarBase"
"ENSG00000072571",-0.332037873794534,0.531190926275992,2.12822537194575,"TarBase"
"ENSG00000072682",0.177349933094298,0.66351606805293,1.78996658383639,"TarBase"
"ENSG00000072736",0.0550985748909863,0.829867674858223,3.04051133995961,"TarBase"
"ENSG00000072778",0.0784609517606762,0.763705103969754,2.5283892483453,"TarBase"
"ENSG00000072849",-0.0728419395843043,0.756143667296786,2.31410897398134,"TarBase"
"ENSG00000072864",-0.144655824650933,0.523629489603025,1.20790796791526,"TarBase"
"ENSG00000073060",-0.336173763342962,0.699432892249527,2.52399168651126,"TarBase"
"ENSG00000073111",-0.0515434825504456,0.916824196597353,5.766313799447,"TarBase"
"ENSG00000073169",-0.0760445654375946,0.584120982986768,1.39562588627573,"TarBase"
"ENSG00000073712",-0.169955594083466,0.482041587901701,0.986105124697643,"TarBase"
"ENSG00000073849",-0.151336703462142,0.487712665406427,1.15134648611667,"TarBase"
"ENSG00000073921",0.334642623725165,0.967863894139887,7.78621154115345,"TarBase"
"ENSG00000073969",0.156329486131246,0.909262759924386,4.44358100670934,"TarBase"
"ENSG00000074071",-0.306244756750074,0.818525519848771,4.00016200495247,"TarBase"
"ENSG00000074582",-0.321914834050186,0.901701323251418,4.72952380759786,"TarBase"
"ENSG00000074695",-0.0802123525930499,0.718336483931947,2.20113261042922,"TarBase"
"ENSG00000074842",-0.305061280393432,0.982986767485822,18.2738118525589,"TarBase"
"ENSG00000074935",-0.166146410795358,0.669187145557656,1.6267734403584,"TarBase"
"ENSG00000075089",-0.0599442012246794,0.822306238185255,3.00863931053003,"TarBase"
"ENSG00000075131",-0.0951678663889239,0.939508506616257,7.01960190672585,"TarBase"
"ENSG00000075142",-0.539130347213255,0.962192816635161,11.3532469834192,"TarBase"
"ENSG00000075188",-0.296658183800126,0.771266540642722,2.3779028477618,"TarBase"
"ENSG00000075218",-0.161194346490293,0.691871455576559,2.74055826479055,"TarBase"
"ENSG00000075336",-0.14495348646832,0.897920604914934,5.70086401371627,"TarBase"
"ENSG00000075420",-0.0682401782814499,0.852551984877127,4.19197304425261,"TarBase"
"ENSG00000075618",-0.0835654110440205,0.300567107750473,0.520972400145092,"TarBase"
"ENSG00000075624",-0.659881636889482,0.998109640831758,87.0704079467959,"TarBase"
"ENSG00000075790",-0.0439744864795736,0.519848771266541,0.902295751563004,"TarBase"
"ENSG00000075856",-0.150438915491803,0.837429111531191,3.21881697261381,"TarBase"
"ENSG00000076003",-0.0466463390568389,0.947069943289225,9.60179174941391,"TarBase"
"ENSG00000076248",-0.18085155644174,0.741020793950851,3.40271567154075,"TarBase"
"ENSG00000076382",-0.116846347972095,0.559546313799622,1.27320624951378,"TarBase"
"ENSG00000076706",0.0964650942864431,0.436672967863894,0.836267654347928,"TarBase"
"ENSG00000076928",-0.0573490390077343,0.366729678638941,0.594806928314184,"TarBase"
"ENSG00000077147",-0.00754669403980645,0.873345935727788,3.82404106445041,"TarBase"
"ENSG00000077152",-0.133580251198003,0.979206049149338,10.0751256940067,"TarBase"
"ENSG00000077232",-0.188436211309934,0.801512287334594,2.99306699708274,"TarBase"
"ENSG00000077312",-0.360163803175457,0.945179584120983,7.87646179132854,"TarBase"
"ENSG00000077348",-0.371416182171265,0.782608695652174,3.20233979839905,"TarBase"
"ENSG00000077458",-0.0531802416898844,0.396975425330813,0.64378789623967,"TarBase"
"ENSG00000077684",-0.135481426989092,0.75047258979206,2.16188888967391,"TarBase"
"ENSG00000077713",-0.0444512722828797,0.444234404536862,0.950979283162265,"TarBase"
"ENSG00000077782",-0.066299580397095,0.646502835538752,1.79023080221128,"TarBase"
"ENSG00000078053",-0.0149599633765518,0.523629489603025,1.08440580228283,"TarBase"
"ENSG00000078061",-0.138287340606027,0.446124763705104,0.966699491670179,"TarBase"
"ENSG00000078114",-0.1079304566389,0.678638941398866,2.98980062603416,"TarBase"
"ENSG00000078124",0.0922920881170196,0.76937618147448,2.40096120510994,"TarBase"
"ENSG00000078177",0.0664865067628748,0.716446124763705,2.43377083844676,"TarBase"
"ENSG00000078668",-0.562330922672043,0.973534971644612,16.3288634700804,"TarBase"
"ENSG00000078967",-0.0581758635926019,0.359168241965974,0.514961035529363,"TarBase"
"ENSG00000079102",-0.110394163207372,0.32703213610586,0.720435910325605,"TarBase"
"ENSG00000079215",-0.20909248883158,0.482041587901701,1.07362152398388,"TarBase"
"ENSG00000079332",-0.0375579056447741,0.937618147448015,6.12398467173741,"TarBase"
"ENSG00000079616",-0.300480679356735,0.877126654064272,4.84314002523488,"TarBase"
"ENSG00000079739",-0.340048880367202,0.763705103969754,3.07605905851136,"TarBase"
"ENSG00000079785",-0.0386387543606463,0.988657844990548,10.8449289131406,"TarBase"
"ENSG00000079805",-0.00705975304278136,0.937618147448015,6.66140783244935,"TarBase"
"ENSG00000079950",0.107745759957219,0.782608695652174,2.24825665548186,"TarBase"
"ENSG00000080298",0.173768592310182,0.561436672967864,1.22492352486311,"TarBase"
"ENSG00000080345",-0.082323640992081,0.956521739130435,6.88981635492851,"TarBase"
"ENSG00000080371",-0.0124699144663121,0.661625708884688,1.63534890772415,"TarBase"
"ENSG00000080503",-0.0812720502088049,0.502835538752363,1.02381466457029,"TarBase"
"ENSG00000080561",-0.0490593975731378,0.389413988657845,0.684047706315011,"TarBase"
"ENSG00000080608",-0.292536005947791,0.920604914933837,6.00734303483543,"TarBase"
"ENSG00000080819",-0.207069777056517,0.478260869565217,0.970428562056249,"TarBase"
"ENSG00000080822",-0.0221525128080457,0.801512287334594,3.03698412222537,"TarBase"
"ENSG00000080839",0.155904500012298,0.86578449905482,4.45218602606001,"TarBase"
"ENSG00000080854",-0.0580281584273288,0.251417769376181,0.373617935648498,"TarBase"
"ENSG00000080986",-0.13035195577266,0.655954631379962,2.55856114184026,"TarBase"
"ENSG00000081377",-0.0785852516890291,0.810964083175803,3.68885571319624,"TarBase"
"ENSG00000082153",-0.149461492301067,0.979206049149338,11.8590507324404,"TarBase"
"ENSG00000082212",-0.094367523972407,0.504725897920605,0.994780650978877,"TarBase"
"ENSG00000082438",-0.040803031193416,0.550094517958412,1.4017400552734,"TarBase"
"ENSG00000082515",-0.202409014866556,0.977315689981096,7.69545382389455,"TarBase"
"ENSG00000082516",-0.281638176283509,0.531190926275992,1.24385931523621,"TarBase"
"ENSG00000082781",0.0213681616742974,0.625708884688091,1.60301714595906,"TarBase"
"ENSG00000083099",0.0300415089775079,0.869565217391304,3.56007476444501,"TarBase"
"ENSG00000083290",-0.0515753201934826,0.586011342155009,1.80522613414848,"TarBase"
"ENSG00000083312",-0.17053987577922,0.890359168241966,4.6988682880161,"TarBase"
"ENSG00000083444",-0.0256156276657795,0.77882797731569,2.54378612761171,"TarBase"
"ENSG00000083520",-0.0526493360582091,0.833648393194707,3.40981348146689,"TarBase"
"ENSG00000083535",0.0589059523706191,0.962192816635161,7.42108488369983,"TarBase"
"ENSG00000083635",-0.169562243282987,0.601134215500945,1.3201468031607,"TarBase"
"ENSG00000083857",-0.0676270862391745,0.561436672967864,1.35338186410886,"TarBase"
"ENSG00000083937",-0.0888856477927498,0.897920604914934,3.90676889717505,"TarBase"
"ENSG00000084073",-0.20287559819425,0.843100189035917,3.55077304070465,"TarBase"
"ENSG00000084092",-0.167367680584299,0.578449905482042,1.2050857533571,"TarBase"
"ENSG00000084112",-0.0642332367499048,0.542533081285444,1.09579651107074,"TarBase"
"ENSG00000084652",-0.0171118852866703,0.962192816635161,7.45534923628257,"TarBase"
"ENSG00000084733",-0.0362958812805755,0.941398865784499,6.55603506033255,"TarBase"
"ENSG00000084754",-0.430581646598173,0.879017013232514,4.55437443209705,"TarBase"
"ENSG00000085063",0.0532277371058359,0.977315689981096,8.34963788396315,"TarBase"
"ENSG00000085365",0.052897239427527,0.831758034026465,3.16285452885841,"TarBase"
"ENSG00000085415",-0.220476946848508,0.801512287334594,3.86763230344666,"TarBase"
"ENSG00000085511",0.0508945506356104,0.841209829867675,3.35011639856438,"TarBase"
"ENSG00000085719",-0.352943003970062,0.684310018903592,2.2003480359406,"TarBase"
"ENSG00000085840",-0.170447322659821,0.584120982986768,1.48058487165067,"TarBase"
"ENSG00000085999",-0.0858253354463583,0.584120982986768,1.32975874452151,"TarBase"
"ENSG00000086062",-0.182116939685826,0.353497164461248,0.696767462452496,"TarBase"
"ENSG00000086189",-0.299498911766827,0.686200378071834,2.21430094388153,"TarBase"
"ENSG00000086200",-0.0515501583569654,0.827977315689981,2.80105446155432,"TarBase"
"ENSG00000086300",-0.00728986582564464,0.427221172022684,0.851566601743061,"TarBase"
"ENSG00000086598",-0.148861653398154,0.829867674858223,3.71510990810788,"TarBase"
"ENSG00000086712",-0.18779614468889,0.931947069943289,7.08886760679354,"TarBase"
"ENSG00000087074",0.0240911074988921,0.491493383742911,1.43271134111938,"TarBase"
"ENSG00000087086",0.0838292970287657,0.907372400756144,9.22757430027478,"TarBase"
"ENSG00000087087",0.0397894647605194,0.960302457466919,7.18610944403132,"TarBase"
"ENSG00000087191",0.0201231311621119,1,27.5412055954085,"TarBase"
"ENSG00000087263",-0.297312954137169,0.763705103969754,2.7886281777919,"TarBase"
"ENSG00000087266",0.0306973654355801,0.32703213610586,0.473281475787442,"TarBase"
"ENSG00000087269",-0.276430034629484,0.601134215500945,1.55350647168352,"TarBase"
"ENSG00000087299",-0.0638030378877964,0.714555765595463,2.44021521038423,"TarBase"
"ENSG00000087338",-0.0763586233276564,0.667296786389414,1.79184526454534,"TarBase"
"ENSG00000087448",-0.0458773696869182,0.53875236294896,1.03152318698419,"TarBase"
"ENSG00000087586",-0.189085878945482,0.610586011342155,3.84774708375162,"TarBase"
"ENSG00000087842",0.116156153677765,0.633270321361059,1.71537515209741,"TarBase"
"ENSG00000087884",-0.273028057317612,0.678638941398866,3.57997677642817,"TarBase"
"ENSG00000087903",0.290800204426072,0.793950850661626,3.24125440381565,"TarBase"
"ENSG00000088035",-0.167370625176662,0.712665406427221,1.85368559117753,"TarBase"
"ENSG00000088179",0.0839438760064219,0.848771266540643,3.48331496355266,"TarBase"
"ENSG00000088325",-0.259762574347355,0.846880907372401,6.1966295050094,"TarBase"
"ENSG00000088448",0.0277152082259425,0.701323251417769,1.98960411710391,"TarBase"
"ENSG00000088451",-0.343256873233808,0.746691871455577,2.90962003110066,"TarBase"
"ENSG00000088682",-0.261218060367706,0.844990548204159,3.92300811155656,"TarBase"
"ENSG00000088881",0.0814836885750758,0.357277882797732,0.737369926830299,"TarBase"
"ENSG00000088888",-0.0409047842936305,0.801512287334594,3.21917233525376,"TarBase"
"ENSG00000089009",-0.0515444044864134,1,283.148044252358,"TarBase"
"ENSG00000089022",-0.0232185078880592,0.869565217391304,4.43401013577224,"TarBase"
"ENSG00000089050",-0.0652150281835058,0.294896030245747,0.407866801593427,"TarBase"
"ENSG00000089053",-0.229565926228478,0.979206049149338,11.0623027041803,"TarBase"
"ENSG00000089154",-0.161366272111729,0.911153119092628,4.56302357836244,"TarBase"
"ENSG00000089159",0.0961315649469606,0.536862003780718,1.20408782352171,"TarBase"
"ENSG00000089177",0.189668134996262,0.725897920604915,2.20791635571678,"TarBase"
"ENSG00000089248",-0.0666114041651238,0.992438563327032,12.3856777757342,"TarBase"
"ENSG00000089351",-0.0396055211344601,0.570888468809074,1.27641343682013,"TarBase"
"ENSG00000089685",-0.436470354241725,0.943289224952741,13.3916740584784,"TarBase"
"ENSG00000090054",-0.00142591852876177,0.869565217391304,3.57801919776864,"TarBase"
"ENSG00000090060",0.0831598147055058,0.87523629489603,4.07284209939659,"TarBase"
"ENSG00000090432",-0.104704949373681,0.568998109640832,1.10704020386971,"TarBase"
"ENSG00000090447",-0.28128056552226,0.512287334593573,1.17581747049225,"TarBase"
"ENSG00000090612",0.126855159132922,0.32703213610586,0.531741583246409,"TarBase"
"ENSG00000090621",-0.234705559873419,0.714555765595463,2.11416051340499,"TarBase"
"ENSG00000090686",0.0391392348642038,0.969754253308129,8.80795444271769,"TarBase"
"ENSG00000090857",0.0257322081973689,0.627599243856333,1.53455532494296,"TarBase"
"ENSG00000090861",-0.0329117956653614,0.975425330812854,11.5670478422282,"TarBase"
"ENSG00000090889",-0.194868401663739,0.799621928166352,3.72682806029732,"TarBase"
"ENSG00000091039",0.0137216465640392,0.862003780718336,3.43859591875276,"TarBase"
"ENSG00000091073",0.047655102474714,0.701323251417769,1.99053934362616,"TarBase"
"ENSG00000091127",-0.321794452291123,0.79773156899811,3.749602752489,"TarBase"
"ENSG00000091317",-0.125325219341414,0.786389413988658,2.97398858470068,"TarBase"
"ENSG00000091527",-0.27064397266436,0.843100189035917,4.0056111587083,"TarBase"
"ENSG00000091622",0.00177647713577645,0.270321361058601,0.448077312167847,"TarBase"
"ENSG00000091651",-0.0300657008104249,0.941398865784499,6.50337503531282,"TarBase"
"ENSG00000092010",0.138518398365587,0.88468809073724,4.0513411139502,"TarBase"
"ENSG00000092140",-0.0959200163702826,0.695652173913043,2.00565577642033,"TarBase"
"ENSG00000092199",-0.564936371397686,1,87.3274773288116,"TarBase"
"ENSG00000092201",-0.198272937193657,0.977315689981096,10.4624410740552,"TarBase"
"ENSG00000092531",-0.160029217984499,0.75992438563327,2.32959345272785,"TarBase"
"ENSG00000092621",-0.12059583459385,0.998109640831758,33.1684361109263,"TarBase"
"ENSG00000092847",-0.0934146717563823,0.818525519848771,2.92779070202409,"TarBase"
"ENSG00000092853",0.037756066790324,0.964083175803403,8.65014067421812,"TarBase"
"ENSG00000093000",-0.134755262737505,0.763705103969754,2.33015571261708,"TarBase"
"ENSG00000093009",0.112444356438376,0.969754253308129,14.0330876782137,"TarBase"
"ENSG00000093167",0.0248082228708464,0.907372400756144,4.82666149413304,"TarBase"
"ENSG00000093183",-0.109795846698979,0.810964083175803,2.59773635451892,"TarBase"
"ENSG00000094804",-0.0763037185287197,0.931947069943289,7.36877134255092,"TarBase"
"ENSG00000094880",-0.0698809360266964,0.863894139886578,3.37010237412712,"TarBase"
"ENSG00000094916",0.331413575005431,0.994328922495274,16.3182615397459,"TarBase"
"ENSG00000094975",-0.00570558412465839,0.568998109640832,1.23210039965321,"TarBase"
"ENSG00000095002",-0.0982116290348726,0.924385633270321,6.08994800173117,"TarBase"
"ENSG00000095380",-0.238797833284852,0.958412098298677,8.87806338363766,"TarBase"
"ENSG00000095951",-0.12837928232056,0.66351606805293,1.90908561179325,"TarBase"
"ENSG00000096433",-0.0362676713620739,0.381852551984877,0.695243597424342,"TarBase"
"ENSG00000096746",-0.403222579342254,0.988657844990548,22.2283898452697,"TarBase"
"ENSG00000097007",0.0563466002101603,0.931947069943289,7.74757176350437,"TarBase"
"ENSG00000099194",-0.514096087185296,0.80718336483932,4.64418204429584,"TarBase"
"ENSG00000099203",-0.254414471791451,0.568998109640832,1.75913673843089,"TarBase"
"ENSG00000099219",0.02734848565599,0.491493383742911,0.910361885000651,"TarBase"
"ENSG00000099250",-0.177217034929302,0.508506616257089,1.40619235409002,"TarBase"
"ENSG00000099381",0.0320335759070271,0.784499054820416,2.62738725842881,"TarBase"
"ENSG00000099624",-0.14982020136159,0.712665406427221,2.4063569152268,"TarBase"
"ENSG00000099785",0.0335614594264309,0.366729678638941,0.693961600403311,"TarBase"
"ENSG00000099800",-0.739990975355236,0.977315689981096,23.1902910260913,"TarBase"
"ENSG00000099810",-0.253740793359494,0.459357277882798,1.050292890773,"TarBase"
"ENSG00000099901",-0.564800638709337,0.979206049149338,19.0815315316805,"TarBase"
"ENSG00000099917",0.113669722854761,0.969754253308129,7.89660532361837,"TarBase"
"ENSG00000100028",-0.35109310946028,0.998109640831758,22.0861438168901,"TarBase"
"ENSG00000100029",-0.385777259643307,0.914933837429111,6.20171414871,"TarBase"
"ENSG00000100030",0.105081459489244,0.931947069943289,5.43284810776261,"TarBase"
"ENSG00000100034",-0.177322099186438,0.659735349716446,1.70678007353013,"TarBase"
"ENSG00000100038",0.0605378738740705,0.869565217391304,4.59712688026749,"TarBase"
"ENSG00000100075",-0.359232232555404,0.758034026465028,3.31030318632037,"TarBase"
"ENSG00000100077",0.0936808194622819,0.799621928166352,2.78613246565869,"TarBase"
"ENSG00000100097",0.097582473328048,0.32703213610586,0.908228347379277,"TarBase"
"ENSG00000100129",0.263531190450033,1,25.1918828191799,"TarBase"
"ENSG00000100151",0.0732006738320931,0.508506616257089,0.954870295693742,"TarBase"
"ENSG00000100162",-0.267704702949269,0.965973534971645,10.6579736506135,"TarBase"
"ENSG00000100196",-0.0804261434465206,0.434782608695652,0.972825859140963,"TarBase"
"ENSG00000100201",0.093510312462013,0.996219281663516,18.9060666818446,"TarBase"
"ENSG00000100219",-0.183034362904844,0.631379962192817,2.18549651663827,"TarBase"
"ENSG00000100220",0.00107192470045024,0.979206049149338,10.4911784929433,"TarBase"
"ENSG00000100239",0.114797576573865,0.956521739130435,7.7841423148789,"TarBase"
"ENSG00000100243",-0.290152203433053,0.737240075614367,2.42232795351114,"TarBase"
"ENSG00000100258",-0.135789578228973,0.330812854442344,0.54267631318072,"TarBase"
"ENSG00000100292",0.0114912619312183,0.330812854442344,0.970546871499896,"TarBase"
"ENSG00000100297",0.00324242282742658,0.939508506616257,9.29324175106327,"TarBase"
"ENSG00000100316",0.169652656928242,1,325.335277088908,"TarBase"
"ENSG00000100325",-0.109997977106757,0.809073724007561,2.77732069556485,"TarBase"
"ENSG00000100335",-0.279953263369235,0.699432892249527,2.01207966626586,"TarBase"
"ENSG00000100344",-0.223238644651506,0.512287334593573,1.17110487956229,"TarBase"
"ENSG00000100345",-0.14674620257016,0.916824196597353,5.6969640644607,"TarBase"
"ENSG00000100350",-0.177535628998516,0.809073724007561,3.27967893771841,"TarBase"
"ENSG00000100354",0.377208347228806,0.986767485822306,11.9488758373552,"TarBase"
"ENSG00000100359",0.134992253168356,0.67296786389414,1.53610674029161,"TarBase"
"ENSG00000100364",-0.198379270496799,0.412098298676749,0.917563727894669,"TarBase"
"ENSG00000100410",-0.324255964833332,0.956521739130435,8.07669303200655,"TarBase"
"ENSG00000100441",0.0356712316778729,0.268431001890359,0.439376163800692,"TarBase"
"ENSG00000100445",-0.084910597565971,0.890359168241966,3.85353419009911,"TarBase"
"ENSG00000100462",-0.361201797444147,0.877126654064272,4.55003895836089,"TarBase"
"ENSG00000100479",-0.163352287684287,0.790170132325142,3.18747193586165,"TarBase"
"ENSG00000100485",0.15514499229706,0.773156899810964,2.77642602953163,"TarBase"
"ENSG00000100522",-0.178623449579571,0.818525519848771,3.02535059769415,"TarBase"
"ENSG00000100526",-0.464861266520935,0.867674858223062,6.05946537259421,"TarBase"
"ENSG00000100528",-0.122378513773408,0.994328922495274,13.81730220607,"TarBase"
"ENSG00000100575",-0.0866923466064818,0.76937618147448,2.03798808389854,"TarBase"
"ENSG00000100591",-0.165286425060308,0.982986767485822,12.3731858169906,"TarBase"
"ENSG00000100600",-0.0429639738332886,0.782608695652174,2.52127488957781,"TarBase"
"ENSG00000100605",-0.0907269514638617,0.661625708884688,1.61048549939285,"TarBase"
"ENSG00000100614",0.238380636893956,0.705103969754253,1.64142056380811,"TarBase"
"ENSG00000100625",-0.114504793367452,0.300567107750473,0.431906845371339,"TarBase"
"ENSG00000100632",-0.257663779571742,1,46.6948212608366,"TarBase"
"ENSG00000100647",0.124990103636163,0.534971644612476,1.14216193920342,"TarBase"
"ENSG00000100650",-0.147427959620885,1,27.1910011749039,"TarBase"
"ENSG00000100664",-0.0572247059747242,0.88468809073724,4.35728433398029,"TarBase"
"ENSG00000100711",-0.0872215315696287,0.699432892249527,1.78566007672066,"TarBase"
"ENSG00000100722",-0.0269498476424059,0.860113421550095,3.73544870005797,"TarBase"
"ENSG00000100731",0.10262243964988,0.888468809073724,4.02871847667337,"TarBase"
"ENSG00000100749",-0.0537381063900211,0.982986767485822,7.99257993857189,"TarBase"
"ENSG00000100802",-0.00373243151686167,0.31758034026465,0.457405973942815,"TarBase"
"ENSG00000100811",-0.0747458447046062,0.945179584120983,5.78357815695516,"TarBase"
"ENSG00000100813",0.117082848152398,0.98109640831758,9.71826290022912,"TarBase"
"ENSG00000100814",-0.0834599472290776,0.911153119092628,5.05321962884001,"TarBase"
"ENSG00000100815",0.153660656456861,0.652173913043478,1.93350432988135,"TarBase"
"ENSG00000100823",-0.448381716824079,0.996219281663516,20.3163100902266,"TarBase"
"ENSG00000100852",0.0669773031236165,0.733459357277883,1.94418254799352,"TarBase"
"ENSG00000100889",-0.0339250003317167,0.565217391304348,1.473480671755,"TarBase"
"ENSG00000100911",-0.00608184545712799,0.735349716446125,2.03566503342944,"TarBase"
"ENSG00000100926",-0.0510752365350454,0.601134215500945,1.3402036545406,"TarBase"
"ENSG00000100938",0.148009750877228,0.869565217391304,3.23557427238163,"TarBase"
"ENSG00000100941",-0.0351116495772324,0.998109640831758,29.090236730499,"TarBase"
"ENSG00000100983",-0.34007037598559,0.722117202268431,2.20339357818648,"TarBase"
"ENSG00000101003",-0.0652317277159417,0.877126654064272,4.00448249264972,"TarBase"
"ENSG00000101057",-0.108750698669549,0.933837429111531,8.58416664377017,"TarBase"
"ENSG00000101084",-0.0270130296853429,0.741020793950851,2.06010279511642,"TarBase"
"ENSG00000101126",0.147058914875209,0.941398865784499,5.35305672820628,"TarBase"
"ENSG00000101138",-0.061036894092477,0.812854442344045,2.50649064204603,"TarBase"
"ENSG00000101150",-0.191981059527092,0.780718336483932,2.53484209989713,"TarBase"
"ENSG00000101199",0.0190810682122438,0.710775047258979,1.87278116863118,"TarBase"
"ENSG00000101220",-0.623246435834976,0.763705103969754,4.76007331034238,"TarBase"
"ENSG00000101224",-0.136151023197654,0.468809073724008,0.921491384954312,"TarBase"
"ENSG00000101236",0.075369693470915,0.574669187145558,1.5097202327096,"TarBase"
"ENSG00000101294",-0.166292902810167,0.956521739130435,8.15771076498858,"TarBase"
"ENSG00000101346",-0.281443662762791,0.684310018903592,1.96546384296421,"TarBase"
"ENSG00000101363",-0.175481730360283,0.640831758034026,1.6096552874924,"TarBase"
"ENSG00000101367",-0.255223143226673,0.935727788279773,6.60505775023024,"TarBase"
"ENSG00000101391",-0.0820641698925977,0.877126654064272,3.85769335564801,"TarBase"
"ENSG00000101400",0.00564857489001301,0.325141776937618,0.591970084009102,"TarBase"
"ENSG00000101407",-0.0867041160384137,0.614366729678639,1.47929838954819,"TarBase"
"ENSG00000101412",0.0736041148353649,0.731568998109641,2.809097074661,"TarBase"
"ENSG00000101442",-0.0655171502160586,0.243856332703214,0.389076955554999,"TarBase"
"ENSG00000101447",-0.0689825996990872,0.306238185255198,0.619454782254116,"TarBase"
"ENSG00000101474",-0.153275023129573,0.871455576559546,3.81576158502685,"TarBase"
"ENSG00000101557",-0.260572113897693,0.837429111531191,3.4806963070255,"TarBase"
"ENSG00000101596",0.0488789963576035,0.669187145557656,1.5977298769685,"TarBase"
"ENSG00000101639",-0.0661173014519788,0.703213610586011,1.8875627895082,"TarBase"
"ENSG00000101680",-0.106949999909259,0.366729678638941,0.836928777334325,"TarBase"
"ENSG00000101782",0.195633601042154,0.803402646502836,2.85506136168736,"TarBase"
"ENSG00000101844",0.102482585445251,0.570888468809074,1.12730038802548,"TarBase"
"ENSG00000101849",-0.214857126771781,0.909262759924386,8.30712721022945,"TarBase"
"ENSG00000101868",0.0461820309754456,0.960302457466919,10.4089512550167,"TarBase"
"ENSG00000101871",-0.215575805869029,0.684310018903592,6.47004971683217,"TarBase"
"ENSG00000101882",-0.203651049545974,0.587901701323251,1.3592070886502,"TarBase"
"ENSG00000101888",-0.0342028526283624,0.313799621928166,0.439557916307074,"TarBase"
"ENSG00000101911",-0.309791673435364,0.661625708884688,2.09180873905078,"TarBase"
"ENSG00000101928",0.00238450317423102,0.735349716446125,1.79926463802377,"TarBase"
"ENSG00000101935",0.036728925728663,0.657844990548204,1.76074597170814,"TarBase"
"ENSG00000101966",0.110378193453859,0.911153119092628,4.84857276932081,"TarBase"
"ENSG00000102034",0.0295780333573594,0.457466918714556,1.11480584687178,"TarBase"
"ENSG00000102081",-0.0200501853271259,0.731568998109641,2.16073143865949,"TarBase"
"ENSG00000102100",-0.0983614770770524,0.400756143667297,0.613185675811423,"TarBase"
"ENSG00000102119",-0.321826909912189,0.948960302457467,7.25987522668791,"TarBase"
"ENSG00000102144",-0.265671949946659,0.998109640831758,32.9128570363917,"TarBase"
"ENSG00000102158",-0.27180287970787,0.858223062381853,5.90820984941952,"TarBase"
"ENSG00000102189",-0.0445316555562443,0.763705103969754,2.40327986030294,"TarBase"
"ENSG00000102221",0.06245452741118,0.67296786389414,2.13764389655035,"TarBase"
"ENSG00000102265",0.0759325049380416,0.86578449905482,3.98628601255393,"TarBase"
"ENSG00000102312",-0.120571927764474,0.258979206049149,0.379934895425754,"TarBase"
"ENSG00000102317",-0.311589048429218,1,38.8332371797982,"TarBase"
"ENSG00000102384",-0.0808803232428179,0.784499054820416,3.39552926889241,"TarBase"
"ENSG00000102393",-0.32764327585672,0.984877126654064,14.4600923799126,"TarBase"
"ENSG00000102401",0.0601400883906548,0.725897920604915,2.291103190847,"TarBase"
"ENSG00000102543",-0.00457977698956768,0.650283553875236,1.28535796846153,"TarBase"
"ENSG00000102554",-0.0076718365694163,0.372400756143667,0.682540317245854,"TarBase"
"ENSG00000102580",-0.0120297965035627,0.896030245746692,4.78170878907344,"TarBase"
"ENSG00000102781",0.067768823757712,0.536862003780718,1.00502288842665,"TarBase"
"ENSG00000102804",-0.115718632455988,0.869565217391304,5.62783587537197,"TarBase"
"ENSG00000102805",-0.06482864435794,0.610586011342155,1.29848297558276,"TarBase"
"ENSG00000102858",0.04982806409435,0.920604914933837,5.2906224714874,"TarBase"
"ENSG00000102897",-0.0306141929977031,0.523629489603025,1.00514880566223,"TarBase"
"ENSG00000102901",0.0153755156056346,0.775047258979206,2.35667845959723,"TarBase"
"ENSG00000102931",-0.0235518617081923,0.612476370510397,1.22525931532461,"TarBase"
"ENSG00000102934",-0.0183542019510417,0.255198487712665,0.79059207824152,"TarBase"
"ENSG00000102974",-0.0179878486621309,0.918714555765595,4.79974422405814,"TarBase"
"ENSG00000102977",-0.0560852494670216,0.523629489603025,1.01099600734013,"TarBase"
"ENSG00000103121",-0.0449507962486635,0.5765595463138,1.11568972266826,"TarBase"
"ENSG00000103194",-0.0831328833059347,0.964083175803403,8.72228859126311,"TarBase"
"ENSG00000103202",-0.530708409361921,0.482041587901701,2.07428510097017,"TarBase"
"ENSG00000103248",0.00720872620292294,0.480151228733459,0.885515785372163,"TarBase"
"ENSG00000103257",-0.328959456150012,0.689981096408318,3.02397325273816,"TarBase"
"ENSG00000103356",-0.296296357217291,0.465028355387524,0.926901365390525,"TarBase"
"ENSG00000103365",-0.187290483515939,0.877126654064272,4.21211189474423,"TarBase"
"ENSG00000103381",0.114177050365487,0.497164461247637,1.06405310994585,"TarBase"
"ENSG00000103423",-0.231211049010133,0.873345935727788,4.49187891538242,"TarBase"
"ENSG00000103495",-0.318831669562267,0.930056710775047,7.04926939107899,"TarBase"
"ENSG00000103653",-0.172528339638064,0.620037807183365,1.51175452996891,"TarBase"
"ENSG00000103742",0.055592613376486,0.347826086956522,0.648856835041904,"TarBase"
"ENSG00000103769",0.0435607861851436,0.988657844990548,14.4352134042318,"TarBase"
"ENSG00000103811",-0.0303874346891653,0.610586011342155,1.58725369845796,"TarBase"
"ENSG00000103855",-0.226872496386029,0.650283553875236,1.69283033124955,"TarBase"
"ENSG00000103942",-0.0903768076395854,0.620037807183365,1.44232946839475,"TarBase"
"ENSG00000103978",-0.02725345148857,0.693761814744801,1.76488057507939,"TarBase"
"ENSG00000103995",-0.0532851166605372,0.655954631379962,1.74080569481282,"TarBase"
"ENSG00000104044",-0.0633464174653057,0.342155009451796,0.566298630517726,"TarBase"
"ENSG00000104064",-0.102876895128014,0.546313799621928,1.35962724207997,"TarBase"
"ENSG00000104093",0.139289585582364,0.640831758034026,1.42877561783106,"TarBase"
"ENSG00000104129",-0.143940740600434,0.718336483931947,2.14754077221889,"TarBase"
"ENSG00000104131",-0.213228929291004,0.87523629489603,4.15890499635154,"TarBase"
"ENSG00000104147",-0.23795766596493,0.302457466918715,0.404917811788946,"TarBase"
"ENSG00000104164",-0.0505557835335077,0.559546313799622,1.14482316724355,"TarBase"
"ENSG00000104218",0.0578917981655927,0.839319470699433,3.06542382323331,"TarBase"
"ENSG00000104219",0.0800094771903292,0.483931947069943,0.951211436906647,"TarBase"
"ENSG00000104312",-0.12672550873237,0.359168241965974,0.662378222782297,"TarBase"
"ENSG00000104325",-0.0334931611977576,0.650283553875236,1.69207015663961,"TarBase"
"ENSG00000104331",-0.130700377836495,0.489603024574669,1.05683595300298,"TarBase"
"ENSG00000104343",0.133584979376232,0.570888468809074,0.964758486409845,"TarBase"
"ENSG00000104388",-0.0537723832983044,0.89413988657845,4.42012655654628,"TarBase"
"ENSG00000104442",-0.0854529278886313,0.790170132325142,2.91327100094296,"TarBase"
"ENSG00000104447",0.0584130796628361,0.684310018903592,1.96369991020168,"TarBase"
"ENSG00000104472",-0.233609017924201,0.620037807183365,1.68982386507663,"TarBase"
"ENSG00000104497",0.0849800227340593,0.257088846880907,0.917927487060618,"TarBase"
"ENSG00000104611",-0.0952644651395592,0.258979206049149,0.433101937124126,"TarBase"
"ENSG00000104626",-0.107423126946601,0.400756143667297,0.698289361354921,"TarBase"
"ENSG00000104635",-0.220270100394623,0.691871455576559,2.5202613895042,"TarBase"
"ENSG00000104687",-0.116642723123728,0.714555765595463,2.03564961757968,"TarBase"
"ENSG00000104691",-0.0261221194949869,0.65406427221172,1.49659163891377,"TarBase"
"ENSG00000104738",-0.185357955949695,0.965973534971645,9.36704000892373,"TarBase"
"ENSG00000104765",0.244016936826512,0.659735349716446,1.5202397863654,"TarBase"
"ENSG00000104805",0.0655287553387896,0.88468809073724,4.24074606120176,"TarBase"
"ENSG00000104823",-0.269229694528457,0.780718336483932,2.92629634726551,"TarBase"
"ENSG00000104825",-0.179570507467788,0.722117202268431,2.63544838111231,"TarBase"
"ENSG00000104833",0.138396948076333,0.376181474480151,0.600558706698966,"TarBase"
"ENSG00000104872",0.0535912820071869,0.973534971644612,9.87881398680099,"TarBase"
"ENSG00000104881",-0.0499769690226747,0.268431001890359,0.431864755539042,"TarBase"
"ENSG00000104889",-0.141911942269159,0.754253308128544,2.64859130169695,"TarBase"
"ENSG00000104915",-0.221009165550675,0.493383742911153,1.38260508410354,"TarBase"
"ENSG00000105011",-0.270341789616251,0.725897920604915,2.71824054417253,"TarBase"
"ENSG00000105088",0.0450215621836969,0.361058601134216,0.729029086741933,"TarBase"
"ENSG00000105176",0.0289800018687426,0.89413988657845,5.30633612031512,"TarBase"
"ENSG00000105185",-0.579595612889099,0.992438563327032,23.9331367575617,"TarBase"
"ENSG00000105186",-0.113296599106168,0.746691871455577,2.47473774848761,"TarBase"
"ENSG00000105202",-0.359997271456818,0.969754253308129,12.8972224505152,"TarBase"
"ENSG00000105221",0.105137671432054,0.877126654064272,4.29622380967085,"TarBase"
"ENSG00000105281",-0.334610460383664,0.892249527410208,7.44562856269463,"TarBase"
"ENSG00000105329",0.0135587937729792,0.466918714555766,1.20402851937658,"TarBase"
"ENSG00000105355",-0.0258090584365666,0.659735349716446,1.97996857923123,"TarBase"
"ENSG00000105364",-0.319273675864892,0.869565217391304,4.46509638704311,"TarBase"
"ENSG00000105379",-0.0540387936229291,0.988657844990548,15.0395536741584,"TarBase"
"ENSG00000105393",-0.0664446713020987,0.886578449905482,3.57449029959651,"TarBase"
"ENSG00000105397",0.138589558175552,0.708884688090737,1.90381451169853,"TarBase"
"ENSG00000105404",-0.117769259446392,0.99054820415879,13.3438243653052,"TarBase"
"ENSG00000105427",-0.0441815414200663,0.328922495274102,0.524336435173095,"TarBase"
"ENSG00000105438",-0.0989987424437213,0.818525519848771,2.82163452256248,"TarBase"
"ENSG00000105486",0.0429953197147049,0.814744801512287,3.32123190608117,"TarBase"
"ENSG00000105499",0.063442389046304,0.253308128544423,0.425512482689611,"TarBase"
"ENSG00000105559",0.163809065834459,0.402646502835539,0.750038924729942,"TarBase"
"ENSG00000105607",-0.181925420875215,0.7882797731569,3.02085942315819,"TarBase"
"ENSG00000105618",-0.220723159758502,0.89413988657845,4.11278461338165,"TarBase"
"ENSG00000105699",0.0119868038846319,0.489603024574669,0.863945415537661,"TarBase"
"ENSG00000105726",-0.168451562093379,0.578449905482042,1.20647941938224,"TarBase"
"ENSG00000105755",0.0955317212022725,0.665406427221172,1.57334621622143,"TarBase"
"ENSG00000105784",0.0788017197228573,0.300567107750473,0.453761623680689,"TarBase"
"ENSG00000105810",-0.155694143323079,0.429111531190926,1.01742026444302,"TarBase"
"ENSG00000105829",-0.176883625035445,0.816635160680529,3.26002816937762,"TarBase"
"ENSG00000105835",-0.107595126943812,0.67296786389414,1.77221443491718,"TarBase"
"ENSG00000105849",-0.174967563898157,0.735349716446125,2.37758155847565,"TarBase"
"ENSG00000105854",-0.156446827268106,0.550094517958412,1.21088305111396,"TarBase"
"ENSG00000105856",0.0357424940050372,0.417769376181474,0.744011148899144,"TarBase"
"ENSG00000105879",0.0206231570395588,0.472589792060492,0.819589608469113,"TarBase"
"ENSG00000105887",-0.0110681503941389,0.933837429111531,6.21312071616579,"TarBase"
"ENSG00000105926",-0.00599119791834147,0.877126654064272,4.507882662248,"TarBase"
"ENSG00000105976",-0.0284432801766228,0.480151228733459,0.850771775718898,"TarBase"
"ENSG00000105997",-0.0146180164925603,0.300567107750473,0.438354543731647,"TarBase"
"ENSG00000106004",-0.18338038281292,0.404536862003781,0.855793416473095,"TarBase"
"ENSG00000106012",-0.0465358221518077,0.570888468809074,1.46942064954364,"TarBase"
"ENSG00000106070",-0.293936312233211,0.765595463137996,2.92549525337974,"TarBase"
"ENSG00000106080",-0.00314335532755466,0.512287334593573,0.991665762129331,"TarBase"
"ENSG00000106105",-0.0192402477446585,0.952741020793951,6.92827302259437,"TarBase"
"ENSG00000106244",-0.247155643711135,0.99054820415879,12.5081648242827,"TarBase"
"ENSG00000106263",-0.442699869570845,0.933837429111531,6.52683493780191,"TarBase"
"ENSG00000106268",-0.064165855581695,0.960302457466919,7.81651564733715,"TarBase"
"ENSG00000106305",-0.354596178335267,0.909262759924386,7.28872465615435,"TarBase"
"ENSG00000106344",0.00611575938075763,0.973534971644612,9.11604684446775,"TarBase"
"ENSG00000106355",-0.178007673502182,0.979206049149338,8.13081795306592,"TarBase"
"ENSG00000106392",-0.0525247718642198,0.463137996219282,0.763921112968936,"TarBase"
"ENSG00000106397",-0.0928731607917067,0.4234404536862,0.929388989070492,"TarBase"
"ENSG00000106399",-0.177063495194501,0.958412098298677,7.38106644522631,"TarBase"
"ENSG00000106400",-0.0346195493913769,0.950850661625709,6.14833103748116,"TarBase"
"ENSG00000106459",0.0435495018188138,0.841209829867675,3.95695321256794,"TarBase"
"ENSG00000106460",0.0470985055888662,0.642722117202268,2.8838793027954,"TarBase"
"ENSG00000106462",-0.0589436555182582,0.935727788279773,7.23422003365321,"TarBase"
"ENSG00000106609",-0.163241088851646,0.697542533081285,2.2321528471672,"TarBase"
"ENSG00000106636",-0.0331585722741684,0.722117202268431,1.8997293482044,"TarBase"
"ENSG00000106638",-0.222956651137633,0.504725897920605,1.07610250822034,"TarBase"
"ENSG00000106683",-0.0253639232053424,0.476370510396975,1.00846937629652,"TarBase"
"ENSG00000106723",0.123908949425211,0.943289224952741,5.97333969742807,"TarBase"
"ENSG00000106771",0.0601249656516927,0.907372400756144,4.24782342194067,"TarBase"
"ENSG00000106785",-0.181651943125904,0.302457466918715,0.601844405521237,"TarBase"
"ENSG00000106799",-0.0212238507799365,0.47069943289225,0.927141980744594,"TarBase"
"ENSG00000106803",-0.189087591970137,0.992438563327032,17.6681289495026,"TarBase"
"ENSG00000106829",0.0242591720004822,0.939508506616257,7.29858318398215,"TarBase"
"ENSG00000107021",0.0805554703454551,0.674858223062382,1.55400105691676,"TarBase"
"ENSG00000107104",-0.0258927310545041,0.831758034026465,3.68408217247984,"TarBase"
"ENSG00000107175",0.0441853821981631,0.80718336483932,2.77864048546325,"TarBase"
"ENSG00000107242",0.0169076954385859,0.408317580340265,0.972332661015601,"TarBase"
"ENSG00000107262",-0.125277585632089,0.665406427221172,1.74491081654823,"TarBase"
"ENSG00000107263",-0.0263880121129579,0.76937618147448,2.54303158829961,"TarBase"
"ENSG00000107341",0.151445041672249,0.954631379962193,8.60040558706018,"TarBase"
"ENSG00000107371",-0.337314374681183,0.888468809073724,4.94882205097135,"TarBase"
"ENSG00000107554",-0.0626314751807774,0.553875236294896,1.39842748005154,"TarBase"
"ENSG00000107566",-0.0454915805328832,0.616257088846881,1.47933675122896,"TarBase"
"ENSG00000107581",-0.169541078878696,0.996219281663516,22.2136798014163,"TarBase"
"ENSG00000107625",-0.136637906710613,0.924385633270321,5.57656268447231,"TarBase"
"ENSG00000107651",-0.0181526827113751,0.756143667296786,2.2793418976878,"TarBase"
"ENSG00000107679",-0.0370039987926463,0.604914933837429,1.36528975550214,"TarBase"
"ENSG00000107731",-0.157976555882858,0.497164461247637,1.04530385901051,"TarBase"
"ENSG00000107779",0.0889256666141273,0.905482041587902,5.50426295724912,"TarBase"
"ENSG00000107789",-0.012610306005264,0.618147448015123,1.41805464770996,"TarBase"
"ENSG00000107798",-0.413895197092722,0.761814744801512,2.65867235265239,"TarBase"
"ENSG00000107815",-0.277305147575348,0.648393194706994,2.14216630400504,"TarBase"
"ENSG00000107833",-0.604947366408891,0.890359168241966,7.77999809082527,"TarBase"
"ENSG00000107929",0.00253778342451163,0.937618147448015,7.70357406734088,"TarBase"
"ENSG00000107937",-0.205448254387243,0.973534971644612,10.9771437567349,"TarBase"
"ENSG00000107949",-0.259350309607224,1,23.6043323979868,"TarBase"
"ENSG00000107951",-0.179714303984832,0.869565217391304,3.46901889404566,"TarBase"
"ENSG00000107957",-0.149198882349621,0.931947069943289,9.55571652430302,"TarBase"
"ENSG00000108021",-0.174678804873777,0.79773156899811,2.96429707994192,"TarBase"
"ENSG00000108055",0.0478177801767132,0.965973534971645,8.65481349820396,"TarBase"
"ENSG00000108064",-0.230432312077294,0.956521739130435,7.1537098772249,"TarBase"
"ENSG00000108091",-0.0847562851006127,0.803402646502836,2.92033541579331,"TarBase"
"ENSG00000108106",-0.218475118739118,0.792060491493384,3.29431679054623,"TarBase"
"ENSG00000108176",-0.027856136807737,0.765595463137996,2.34181190301025,"TarBase"
"ENSG00000108179",-0.553391413648372,0.741020793950851,3.85515587158552,"TarBase"
"ENSG00000108256",-0.0595581686108263,0.820415879017013,3.11780669990971,"TarBase"
"ENSG00000108298",-0.126370389248756,1,204.654176765623,"TarBase"
"ENSG00000108344",-0.0554225862181975,0.731568998109641,2.10301674789484,"TarBase"
"ENSG00000108395",0.0767401493398268,0.941398865784499,5.27112340189277,"TarBase"
"ENSG00000108424",-0.266877662270216,0.998109640831758,20.6534205798699,"TarBase"
"ENSG00000108433",-0.0206931292195478,0.671077504725898,1.57489883242935,"TarBase"
"ENSG00000108468",-0.131209258895167,0.977315689981096,9.25089702461571,"TarBase"
"ENSG00000108511",-0.0670847542717661,0.627599243856333,1.70537726817261,"TarBase"
"ENSG00000108561",-0.444514270155059,0.99054820415879,29.5279813862992,"TarBase"
"ENSG00000108582",0.0478242014633782,0.578449905482042,1.31315517808477,"TarBase"
"ENSG00000108588",-0.202806412593237,0.965973534971645,8.40384037467456,"TarBase"
"ENSG00000108590",0.0434129289599504,0.839319470699433,3.48101684383093,"TarBase"
"ENSG00000108591",-0.0203320006612594,0.914933837429111,5.33406866020626,"TarBase"
"ENSG00000108639",-0.511186707715027,0.718336483931947,3.87988192898203,"TarBase"
"ENSG00000108654",-0.200864020876327,1,29.1814721500843,"TarBase"
"ENSG00000108774",-0.0508666043371119,0.706994328922495,1.77431172032416,"TarBase"
"ENSG00000108828",-0.176670658309526,0.805293005671078,3.47261386759949,"TarBase"
"ENSG00000108861",0.0449086998392668,0.829867674858223,2.92203584424199,"TarBase"
"ENSG00000108946",0.144005136215694,0.952741020793951,5.81606746481875,"TarBase"
"ENSG00000108953",-0.173347288922533,1,47.6269746679176,"TarBase"
"ENSG00000109016",0.079382826753074,0.943289224952741,5.62289222355604,"TarBase"
"ENSG00000109046",0.0179929748956432,0.837429111531191,3.04173747630185,"TarBase"
"ENSG00000109062",-0.0645186946324103,0.497164461247637,1.0691560095141,"TarBase"
"ENSG00000109066",-0.136728074515552,0.55765595463138,1.31877548430059,"TarBase"
"ENSG00000109084",-0.10442383663169,0.756143667296786,2.39786242591177,"TarBase"
"ENSG00000109111",0.116661708403848,0.911153119092628,4.81593725616156,"TarBase"
"ENSG00000109113",-0.203882299486072,0.357277882797732,0.869711325027384,"TarBase"
"ENSG00000109133",-0.243621281699324,0.916824196597353,5.50253301006254,"TarBase"
"ENSG00000109171",0.0562803158628883,0.438563327032136,0.820477119604873,"TarBase"
"ENSG00000109184",0.0485752634123401,0.741020793950851,1.92606518754625,"TarBase"
"ENSG00000109220",-0.0362128088782311,0.54820415879017,1.21036052865763,"TarBase"
"ENSG00000109255",-0.267914976208266,0.580340264650284,1.60265666089532,"TarBase"
"ENSG00000109339",0.138045543515193,0.453686200378072,1.07774359035406,"TarBase"
"ENSG00000109475",0.0745044128390163,1,156.408925823163,"TarBase"
"ENSG00000109534",-0.6428914892351,0.911153119092628,11.7580178832959,"TarBase"
"ENSG00000109536",-0.0654080198869878,0.691871455576559,1.9256299692621,"TarBase"
"ENSG00000109586",-0.0942124125743883,0.633270321361059,1.59871727094463,"TarBase"
"ENSG00000109606",-0.25314698558974,0.958412098298677,6.719661819594,"TarBase"
"ENSG00000109674",-0.117701287528024,0.597353497164461,1.50567795627998,"TarBase"
"ENSG00000109736",-0.0285795085341349,0.735349716446125,2.11731390365365,"TarBase"
"ENSG00000109756",0.11524014316866,0.756143667296786,2.52962349125994,"TarBase"
"ENSG00000109805",-0.197891868213745,0.793950850661626,4.1003782603025,"TarBase"
"ENSG00000109814",-0.133322174380066,0.546313799621928,1.26494182505233,"TarBase"
"ENSG00000109854",-0.106569617526891,0.46124763705104,1.05963690738336,"TarBase"
"ENSG00000109861",-0.379002067230083,0.676748582230624,1.95565227403889,"TarBase"
"ENSG00000109929",0.110467890265742,0.87523629489603,3.92153048540627,"TarBase"
"ENSG00000110048",-0.115924908277269,0.459357277882798,0.830882931559576,"TarBase"
"ENSG00000110060",-0.216972104415152,0.536862003780718,1.21332486745195,"TarBase"
"ENSG00000110090",0.0948041024322283,0.506616257088847,1.13102256347303,"TarBase"
"ENSG00000110104",-0.506557217569077,0.485822306238185,1.51252452185676,"TarBase"
"ENSG00000110107",-0.280764428473589,0.882797731568998,4.58260968799453,"TarBase"
"ENSG00000110108",-0.361040237182399,0.499054820415879,1.72162773781063,"TarBase"
"ENSG00000110315",-0.0840299567109969,0.601134215500945,1.37417694701116,"TarBase"
"ENSG00000110321",-0.0757691427273399,0.948960302457467,6.72655694093818,"TarBase"
"ENSG00000110330",0.0955729358609256,0.614366729678639,1.50804602653144,"TarBase"
"ENSG00000110367",0.10987352237617,0.956521739130435,6.95208353734113,"TarBase"
"ENSG00000110422",0.0189278327655137,0.52930056710775,1.26801595668875,"TarBase"
"ENSG00000110429",0.0648635884601818,0.809073724007561,2.40212091561967,"TarBase"
"ENSG00000110492",-0.459296967483579,0.697542533081285,3.64567658759404,"TarBase"
"ENSG00000110696",-0.298492389437476,0.998109640831758,28.8658673098565,"TarBase"
"ENSG00000110713",0.0166589589897615,0.975425330812854,10.7419476941732,"TarBase"
"ENSG00000110723",-0.0631669358340837,0.463137996219282,0.954294910373383,"TarBase"
"ENSG00000110871",-0.0796049823425327,0.852551984877127,2.97698355021626,"TarBase"
"ENSG00000110888",-0.0349544172130967,0.334593572778828,0.571631974294919,"TarBase"
"ENSG00000110917",-0.368207723905132,0.795841209829868,3.38572238787293,"TarBase"
"ENSG00000110921",-0.0528640221771311,0.325141776937618,0.597582174971649,"TarBase"
"ENSG00000111052",0.015024455908532,0.368620037807183,0.567181994759582,"TarBase"
"ENSG00000111142",-0.243355672599718,0.994328922495274,17.9360786213929,"TarBase"
"ENSG00000111144",-0.0079655504942001,0.905482041587902,4.75595066551108,"TarBase"
"ENSG00000111145",-0.0230875898336454,0.243856332703214,0.423272665846454,"TarBase"
"ENSG00000111186",-0.0208599391259929,0.459357277882798,1.22706705915956,"TarBase"
"ENSG00000111206",-0.0628616545657696,0.708884688090737,2.14776258979098,"TarBase"
"ENSG00000111247",0.0776699850204114,0.655954631379962,1.89583827980581,"TarBase"
"ENSG00000111249",-0.105202615168227,0.485822306238185,1.23323919504938,"TarBase"
"ENSG00000111252",0.0608660177158052,0.551984877126654,1.1708888339984,"TarBase"
"ENSG00000111325",-0.0752623134523277,0.315689981096408,0.427309964552067,"TarBase"
"ENSG00000111358",-0.062664442601218,0.827977315689981,2.9011158068603,"TarBase"
"ENSG00000111361",-0.279868505372279,0.869565217391304,4.5694712268975,"TarBase"
"ENSG00000111412",-0.0346906626655905,0.66351606805293,1.74266162167176,"TarBase"
"ENSG00000111445",-0.0177010143568967,0.933837429111531,5.05751401151497,"TarBase"
"ENSG00000111450",-0.0905340795617864,0.391304347826087,0.726151326994724,"TarBase"
"ENSG00000111581",-0.157616583180575,0.886578449905482,4.0717447267148,"TarBase"
"ENSG00000111605",-0.1379736339305,0.926275992438563,5.26219608153792,"TarBase"
"ENSG00000111665",-0.235808817274835,0.584120982986768,2.32631711899283,"TarBase"
"ENSG00000111667",-0.166564006009123,0.716446124763705,1.70003336419043,"TarBase"
"ENSG00000111711",-0.0603253291666454,0.523629489603025,1.10068452499313,"TarBase"
"ENSG00000111716",-0.368009884020124,1,128.214783041037,"TarBase"
"ENSG00000111785",0.00612099233499022,0.706994328922495,2.05828026047128,"TarBase"
"ENSG00000111802",-0.0823211887331819,0.818525519848771,2.60676168546746,"TarBase"
"ENSG00000111832",-0.189064561687312,0.962192816635161,6.57442973616867,"TarBase"
"ENSG00000111845",-0.323918198205582,0.638941398865784,1.83654431074562,"TarBase"
"ENSG00000111885",-0.181877192448603,0.559546313799622,1.35992027789897,"TarBase"
"ENSG00000111911",-0.0856251118348778,0.758034026465028,2.47255392051926,"TarBase"
"ENSG00000111912",-0.0430530290588983,0.519848771266541,1.15629619372978,"TarBase"
"ENSG00000111961",0.0651344991884964,0.752362948960302,2.6428590074111,"TarBase"
"ENSG00000112029",-0.088581251514155,0.631379962192817,1.96407959216597,"TarBase"
"ENSG00000112039",-0.0741838584620646,0.476370510396975,0.983340458190919,"TarBase"
"ENSG00000112062",-0.1441203350135,0.691871455576559,1.96852841216452,"TarBase"
"ENSG00000112079",0.108606096643674,0.671077504725898,1.64119813023712,"TarBase"
"ENSG00000112081",-0.44035129483874,0.996219281663516,67.0483103833999,"TarBase"
"ENSG00000112118",-0.134082220671712,0.98109640831758,11.7558738336694,"TarBase"
"ENSG00000112200",0.0684906557588337,0.863894139886578,3.17837242198814,"TarBase"
"ENSG00000112234",-0.143171026297871,0.637051039697543,1.64026070734901,"TarBase"
"ENSG00000112242",-0.252884568412215,0.863894139886578,5.4865276484708,"TarBase"
"ENSG00000112249",0.109845207121053,0.922495274102079,5.67008253453114,"TarBase"
"ENSG00000112290",0.0557671439484033,0.703213610586011,1.80494163702161,"TarBase"
"ENSG00000112312",-0.111000518106218,0.992438563327032,20.0085426158875,"TarBase"
"ENSG00000112319",-0.0994217725846047,0.79773156899811,3.56617303711651,"TarBase"
"ENSG00000112339",0.00701374689852658,0.992438563327032,10.9555562409928,"TarBase"
"ENSG00000112343",0.329167281911741,0.459357277882798,0.769923072155203,"TarBase"
"ENSG00000112378",-0.403298832697665,0.784499054820416,3.47035701941877,"TarBase"
"ENSG00000112394",-0.18693784832379,0.782608695652174,2.82524065279659,"TarBase"
"ENSG00000112419",0.229581112498994,0.824196597353497,3.11151252355643,"TarBase"
"ENSG00000112531",-0.134782543001129,0.848771266540643,4.08631231869159,"TarBase"
"ENSG00000112576",-0.0492687856446887,0.655954631379962,1.77125717903059,"TarBase"
"ENSG00000112651",-0.196329217755201,0.684310018903592,1.76818279498559,"TarBase"
"ENSG00000112655",-0.0867691683902817,0.674858223062382,1.97532886883384,"TarBase"
"ENSG00000112658",-0.180146170990565,0.818525519848771,3.89555546566752,"TarBase"
"ENSG00000112697",0.0710970871687186,0.616257088846881,1.31930401334734,"TarBase"
"ENSG00000112699",-0.0949798606374659,0.928166351606805,7.19624524939694,"TarBase"
"ENSG00000112739",-0.035867505954325,0.888468809073724,4.544335239602,"TarBase"
"ENSG00000112742",-0.110932057924803,0.446124763705104,0.861085563261034,"TarBase"
"ENSG00000112759",-0.342410884717153,0.667296786389414,2.9076074654359,"TarBase"
"ENSG00000112769",-0.201642806979448,0.32703213610586,0.589815510240988,"TarBase"
"ENSG00000112773",-0.0675788033368281,0.383742911153119,0.817842220220791,"TarBase"
"ENSG00000112893",-0.202371139022111,0.584120982986768,1.61204670220866,"TarBase"
"ENSG00000112941",-0.145428001317097,0.720226843100189,2.20372046256467,"TarBase"
"ENSG00000112972",-0.200879251100915,0.720226843100189,2.21101665998078,"TarBase"
"ENSG00000112977",-0.230008753733286,0.637051039697543,1.756139377394,"TarBase"
"ENSG00000112984",-0.20792068610791,0.395085066162571,1.00622074656659,"TarBase"
"ENSG00000113163",0.141786339967607,0.869565217391304,3.41271651971053,"TarBase"
"ENSG00000113240",0.0418410406318478,0.631379962192817,1.32620297659418,"TarBase"
"ENSG00000113269",-0.0084371869748603,0.846880907372401,3.52022631656653,"TarBase"
"ENSG00000113300",0.266395850911909,0.975425330812854,6.85229537194433,"TarBase"
"ENSG00000113356",-0.274648065452305,0.476370510396975,1.24758307461653,"TarBase"
"ENSG00000113368",-0.349834553393866,0.833648393194707,5.52737508807846,"TarBase"
"ENSG00000113384",0.0682698715571284,0.831758034026465,3.19772832450791,"TarBase"
"ENSG00000113441",0.0319962593557992,0.655954631379962,1.67745775961441,"TarBase"
"ENSG00000113448",0.118808670035974,0.610586011342155,1.85003210771967,"TarBase"
"ENSG00000113456",-0.0385135801679814,0.801512287334594,2.73390504179361,"TarBase"
"ENSG00000113460",-0.332236041445687,0.924385633270321,6.51677747857044,"TarBase"
"ENSG00000113552",-0.211794782402205,0.850661625708885,3.44595281404052,"TarBase"
"ENSG00000113569",-0.297473607808335,0.933837429111531,7.0138784944207,"TarBase"
"ENSG00000113580",-0.135525138721334,0.652173913043478,1.75679409100697,"TarBase"
"ENSG00000113594",-0.0710296227080443,0.330812854442344,0.469158287939511,"TarBase"
"ENSG00000113615",0.0106126303540355,0.714555765595463,2.14396896266727,"TarBase"
"ENSG00000113648",-0.120384257648158,0.914933837429111,5.38421007212117,"TarBase"
"ENSG00000113658",-0.0737167589236749,0.746691871455577,2.41063740982207,"TarBase"
"ENSG00000113732",-0.381696315477957,0.858223062381853,7.25839186297213,"TarBase"
"ENSG00000113739",-0.244390750045517,0.616257088846881,3.5238315824351,"TarBase"
"ENSG00000113810",0.00354470735001515,0.947069943289225,8.02028908481576,"TarBase"
"ENSG00000113812",-0.00829738511311754,0.742911153119093,2.18132467048551,"TarBase"
"ENSG00000113845",-0.176491007518313,0.98109640831758,10.8040539059887,"TarBase"
"ENSG00000114023",-0.543745777088543,0.947069943289225,8.46692239456953,"TarBase"
"ENSG00000114062",0.00816218501820213,0.710775047258979,1.86657013771297,"TarBase"
"ENSG00000114120",-0.0410346912591368,0.746691871455577,2.21346208956154,"TarBase"
"ENSG00000114126",0.144385773078537,0.933837429111531,6.03174180287913,"TarBase"
"ENSG00000114127",0.101353366539242,0.75047258979206,2.33443827278243,"TarBase"
"ENSG00000114209",-0.0552383742849117,0.833648393194707,3.02241519842013,"TarBase"
"ENSG00000114331",0.0814171737874469,0.754253308128544,2.4266505079035,"TarBase"
"ENSG00000114346",-0.11484480418816,0.792060491493384,2.91254257333476,"TarBase"
"ENSG00000114353",-0.0164294531327286,0.55765595463138,1.38367807285364,"TarBase"
"ENSG00000114416",0.0385034756095932,0.918714555765595,5.00678384022836,"TarBase"
"ENSG00000114450",-0.151323922220063,0.684310018903592,1.775642812729,"TarBase"
"ENSG00000114491",-0.291474338469781,0.899810964083176,4.80835387895892,"TarBase"
"ENSG00000114503",-0.100431949617394,0.954631379962193,7.06443912053566,"TarBase"
"ENSG00000114520",0.0450000544814058,0.873345935727788,3.73075118238023,"TarBase"
"ENSG00000114631",-0.190560560562898,0.516068052930057,1.12971865006474,"TarBase"
"ENSG00000114686",-0.483867650829982,0.962192816635161,11.2409164287884,"TarBase"
"ENSG00000114738",-0.245617009880127,0.444234404536862,1.02791726425893,"TarBase"
"ENSG00000114767",-0.3422874976337,0.684310018903592,2.31669240162004,"TarBase"
"ENSG00000114770",0.0096065619274803,0.776937618147448,2.38214855674342,"TarBase"
"ENSG00000114779",-0.171378360182336,0.603024574669187,1.4334894311162,"TarBase"
"ENSG00000114796",0.0456216090985876,0.396975425330813,0.814810663455389,"TarBase"
"ENSG00000114850",-0.352900461392585,0.967863894139887,10.7091377023153,"TarBase"
"ENSG00000114904",0.0245018511727749,0.931947069943289,4.38194839952392,"TarBase"
"ENSG00000114978",-0.0431908849409123,0.907372400756144,4.62675997006687,"TarBase"
"ENSG00000114988",-0.161036229157709,0.593572778827977,1.4639781646303,"TarBase"
"ENSG00000114999",-0.234403970905341,0.720226843100189,2.44250008283258,"TarBase"
"ENSG00000115084",-0.198722359520411,0.731568998109641,2.16813419301341,"TarBase"
"ENSG00000115091",0.00442296587462941,0.882797731568998,3.81319348848437,"TarBase"
"ENSG00000115107",-0.262206252850034,0.287334593572779,0.500868258267655,"TarBase"
"ENSG00000115109",0.16343263346676,0.75992438563327,2.23030564680032,"TarBase"
"ENSG00000115159",0.0696461781422147,0.637051039697543,1.63345278825995,"TarBase"
"ENSG00000115163",-0.0753381722473388,0.478260869565217,1.01958393127729,"TarBase"
"ENSG00000115234",-0.419223699194821,0.899810964083176,5.05843676243434,"TarBase"
"ENSG00000115241",-0.223612873980863,0.986767485822306,11.2052327460349,"TarBase"
"ENSG00000115268",-0.089765014985078,1,266.2703872152,"TarBase"
"ENSG00000115271",0.0532032783520427,0.706994328922495,1.78692403380064,"TarBase"
"ENSG00000115275",-0.133950717053018,0.536862003780718,1.59885248810699,"TarBase"
"ENSG00000115306",-0.0053432903588887,0.897920604914934,4.16882275118423,"TarBase"
"ENSG00000115318",-0.156778666132276,0.328922495274102,0.515753599173989,"TarBase"
"ENSG00000115355",-0.0166438122740235,0.826086956521739,3.10767195053396,"TarBase"
"ENSG00000115364",-0.148409380787534,0.888468809073724,3.64783270576983,"TarBase"
"ENSG00000115392",0.116993771237832,0.882797731568998,4.22387449132545,"TarBase"
"ENSG00000115414",-0.00169688463202008,0.368620037807183,0.718071331588314,"TarBase"
"ENSG00000115415",0.0408838362592351,0.597353497164461,1.29100579204241,"TarBase"
"ENSG00000115425",-0.131269344025131,0.523629489603025,1.08188042788276,"TarBase"
"ENSG00000115514",-0.0939320725708429,0.822306238185255,3.07244695074301,"TarBase"
"ENSG00000115541",-0.514906038094506,1,57.0401369646145,"TarBase"
"ENSG00000115641",-0.138262979193395,0.410207939508507,0.772771064221051,"TarBase"
"ENSG00000115652",-0.0439114360951087,0.66351606805293,1.76829130306404,"TarBase"
"ENSG00000115738",-0.317299830233041,0.841209829867675,10.8521460169034,"TarBase"
"ENSG00000115760",0.173080622428626,0.964083175803403,8.23551511778604,"TarBase"
"ENSG00000115761",-0.319122767818075,0.888468809073724,5.10243077385886,"TarBase"
"ENSG00000115806",-0.0290784132583239,0.930056710775047,4.96281066094404,"TarBase"
"ENSG00000115816",-0.153399948760558,0.860113421550095,4.18149337392436,"TarBase"
"ENSG00000115866",-0.207254626945758,0.967863894139887,7.95290866228006,"TarBase"
"ENSG00000115963",-0.31916764280108,0.361058601134216,0.868676746389229,"TarBase"
"ENSG00000116005",-0.0337415260034569,0.765595463137996,3.26512012215919,"TarBase"
"ENSG00000116017",0.405139922496255,0.773156899810964,2.54118133174752,"TarBase"
"ENSG00000116062",-0.0830143298745739,0.909262759924386,4.92598284694298,"TarBase"
"ENSG00000116095",-0.0823251844085642,0.499054820415879,0.972083776765408,"TarBase"
"ENSG00000116096",-0.239196730673752,0.368620037807183,0.770311063083167,"TarBase"
"ENSG00000116133",-0.45221284415364,0.684310018903592,2.60227901980615,"TarBase"
"ENSG00000116161",-0.0630845159430643,1,40.2402347753148,"TarBase"
"ENSG00000116191",0.122837905395394,0.765595463137996,2.51360958130039,"TarBase"
"ENSG00000116199",-0.0274263597861942,0.716446124763705,1.87285168398487,"TarBase"
"ENSG00000116212",-0.0633794276411114,0.640831758034026,1.49004727551246,"TarBase"
"ENSG00000116221",-0.193868692129518,0.994328922495274,15.9191452414729,"TarBase"
"ENSG00000116237",-0.246580031246968,0.695652173913043,2.30843010773442,"TarBase"
"ENSG00000116260",-0.129863629377087,0.389413988657845,0.730223861269356,"TarBase"
"ENSG00000116285",0.0321634122839816,0.387523629489603,0.643850125236964,"TarBase"
"ENSG00000116353",-0.22362478570451,0.792060491493384,3.02661933079877,"TarBase"
"ENSG00000116396",-0.154828772969227,0.32703213610586,0.630728290121906,"TarBase"
"ENSG00000116406",-0.022574098450284,0.580340264650284,1.21487684149611,"TarBase"
"ENSG00000116489",0.0294657608037818,0.988657844990548,10.8474388472093,"TarBase"
"ENSG00000116649",-0.49371846353629,0.697542533081285,3.30114588478992,"TarBase"
"ENSG00000116670",-0.288301735970181,0.614366729678639,1.80875272526707,"TarBase"
"ENSG00000116685",-0.159270436227136,0.419659735349716,0.800159036112892,"TarBase"
"ENSG00000116704",0.154055139098557,0.68241965973535,1.62741830500385,"TarBase"
"ENSG00000116711",-0.161976934529176,0.421550094517958,0.809881082221984,"TarBase"
"ENSG00000116717",0.109819634128015,0.701323251417769,3.67090348738036,"TarBase"
"ENSG00000116741",-0.12657899036892,0.362948960302457,0.834307563941383,"TarBase"
"ENSG00000116747",-0.285858204161405,0.879017013232514,5.3540581866223,"TarBase"
"ENSG00000116750",-0.317473423656787,0.943289224952741,8.15827446082241,"TarBase"
"ENSG00000116761",0.066648628497508,0.542533081285444,1.98613995697699,"TarBase"
"ENSG00000116786",0.0394543222938034,0.680529300567108,1.64212239978587,"TarBase"
"ENSG00000116815",-0.0464113203095176,0.43289224952741,0.723462638182312,"TarBase"
"ENSG00000116830",-0.259458132317158,0.799621928166352,3.22760893537026,"TarBase"
"ENSG00000116898",-0.30005059896638,0.979206049149338,8.27560288876567,"TarBase"
"ENSG00000116922",-0.178398727290872,0.76937618147448,2.91345531070513,"TarBase"
"ENSG00000116962",-0.144360930887374,0.720226843100189,2.76102359475812,"TarBase"
"ENSG00000116984",-0.203655484070948,0.911153119092628,5.73505221481591,"TarBase"
"ENSG00000117010",0.0811662045935374,0.618147448015123,1.29052846438557,"TarBase"
"ENSG00000117054",-0.195314822609688,0.954631379962193,6.7034234186293,"TarBase"
"ENSG00000117114",-0.0619763734192486,0.718336483931947,2.03723767045004,"TarBase"
"ENSG00000117174",-0.185974451668652,0.896030245746692,4.42465122410783,"TarBase"
"ENSG00000117280",-0.00171360584482922,0.701323251417769,1.82146043598637,"TarBase"
"ENSG00000117298",-0.0837321936847464,0.665406427221172,1.91012199885551,"TarBase"
"ENSG00000117318",-0.384114422780364,0.733459357277883,4.43544322778071,"TarBase"
"ENSG00000117360",-0.0578802140801866,0.943289224952741,5.50880234936328,"TarBase"
"ENSG00000117385",-0.118058712911483,0.491493383742911,1.0049568829689,"TarBase"
"ENSG00000117399",-0.392863335811825,0.782608695652174,5.91278601225906,"TarBase"
"ENSG00000117448",-0.268131214338222,0.945179584120983,6.63918704166774,"TarBase"
"ENSG00000117479",-0.0863683546696252,0.325141776937618,0.539871493925139,"TarBase"
"ENSG00000117500",-0.0192144471302549,0.79773156899811,2.84433226206694,"TarBase"
"ENSG00000117519",-0.292644024429701,0.710775047258979,2.66933858439433,"TarBase"
"ENSG00000117543",-0.388943471883738,0.782608695652174,3.08571370768412,"TarBase"
"ENSG00000117569",0.0922544255251943,0.98109640831758,8.75453131254629,"TarBase"
"ENSG00000117586",0.0852083679986998,0.482041587901701,0.948036673097174,"TarBase"
"ENSG00000117592",-0.522985178022958,0.998109640831758,33.5727386253691,"TarBase"
"ENSG00000117597",-0.0937897284610619,0.671077504725898,1.77345439572416,"TarBase"
"ENSG00000117632",0.0683590817844903,1,55.0147503606968,"TarBase"
"ENSG00000117650",-0.145438250393635,0.629489603024575,1.71699767049066,"TarBase"
"ENSG00000117676",0.0729254311543628,0.325141776937618,0.571864608109685,"TarBase"
"ENSG00000117682",-0.00591366621914621,0.695652173913043,1.58467719745542,"TarBase"
"ENSG00000117724",-0.246322031950901,0.935727788279773,10.9108130486501,"TarBase"
"ENSG00000117791",0.00589477420032253,0.357277882797732,0.59807535395898,"TarBase"
"ENSG00000117862",-0.165131935428611,0.818525519848771,3.29103741172426,"TarBase"
"ENSG00000117868",-0.059597630526141,0.867674858223062,3.87787296770272,"TarBase"
"ENSG00000117877",-0.255196273891621,0.531190926275992,1.20549845905675,"TarBase"
"ENSG00000117899",-0.297607724475429,0.890359168241966,4.79873818370287,"TarBase"
"ENSG00000117906",-0.112837627564338,0.850661625708885,3.3967978857323,"TarBase"
"ENSG00000118058",0.105538650266062,0.822306238185255,2.81529578953317,"TarBase"
"ENSG00000118193",0.00223432495097513,0.716446124763705,2.44820172238565,"TarBase"
"ENSG00000118276",-0.0890176887693466,0.370510396975425,0.630025424640504,"TarBase"
"ENSG00000118363",-0.307610497689919,1,21.4179840418457,"TarBase"
"ENSG00000118495",-0.0235666208476814,0.697542533081285,2.10581021357979,"TarBase"
"ENSG00000118496",-0.108863615873558,0.247637051039698,0.445421724830598,"TarBase"
"ENSG00000118518",0.130528607651566,0.746691871455577,1.94048772752676,"TarBase"
"ENSG00000118600",-0.15637225741945,0.431001890359168,0.737983901816253,"TarBase"
"ENSG00000118640",-0.0290276136090937,0.646502835538752,2.94021103586941,"TarBase"
"ENSG00000118655",-0.203810537960774,0.525519848771267,1.16199000791097,"TarBase"
"ENSG00000118855",-0.117661800685523,0.593572778827977,1.31541403126239,"TarBase"
"ENSG00000118960",-0.0510707271883561,0.616257088846881,1.34613423742844,"TarBase"
"ENSG00000118971",-0.12631375584156,0.491493383742911,1.38126155287052,"TarBase"
"ENSG00000119004",-0.0856298388522534,0.786389413988658,2.88281950246584,"TarBase"
"ENSG00000119048",-0.0615230181303361,0.701323251417769,1.85379589742956,"TarBase"
"ENSG00000119138",-0.123236387757602,0.342155009451796,0.684260856987212,"TarBase"
"ENSG00000119280",-0.212582901757729,0.459357277882798,0.973863107159235,"TarBase"
"ENSG00000119285",-0.350368009922763,0.867674858223062,4.09291650146922,"TarBase"
"ENSG00000119314",0.0408745254225711,0.68241965973535,1.98294313680645,"TarBase"
"ENSG00000119318",-0.129874603529576,0.877126654064272,4.18628703007094,"TarBase"
"ENSG00000119328",-0.0560308097882216,0.44234404536862,0.732251201016055,"TarBase"
"ENSG00000119396",0.068519517741669,0.574669187145558,1.22752131102163,"TarBase"
"ENSG00000119403",-0.174282401808973,0.540642722117202,1.34681851121024,"TarBase"
"ENSG00000119408",-0.195781790508664,0.582230623818526,1.59662513573085,"TarBase"
"ENSG00000119414",0.0420459299550605,0.88468809073724,3.85719241775359,"TarBase"
"ENSG00000119487",-0.0461454211621657,0.964083175803403,7.51987443618234,"TarBase"
"ENSG00000119523",-0.0758580299026949,0.546313799621928,1.24568584706041,"TarBase"
"ENSG00000119537",-0.240781423025864,0.610586011342155,1.59027312501137,"TarBase"
"ENSG00000119541",0.0725993783091707,0.559546313799622,1.15439702099654,"TarBase"
"ENSG00000119616",-0.0917041777848181,0.621928166351607,1.67892398086774,"TarBase"
"ENSG00000119638",-0.120559135454599,0.691871455576559,1.93442484587958,"TarBase"
"ENSG00000119705",-0.464813340916934,0.992438563327032,23.5117825296554,"TarBase"
"ENSG00000119711",-0.0260705541827318,0.555765595463138,1.17112638895821,"TarBase"
"ENSG00000119725",0.0442583315662561,0.720226843100189,1.68828453478034,"TarBase"
"ENSG00000119729",-0.0840048269749105,0.67296786389414,1.70871970890919,"TarBase"
"ENSG00000119760",0.157113259754651,0.763705103969754,2.00519254739868,"TarBase"
"ENSG00000119777",-0.153591841398829,0.455576559546314,0.823690845212318,"TarBase"
"ENSG00000119787",-0.117056191702649,0.924385633270321,6.37444617403466,"TarBase"
"ENSG00000119812",-0.220645442313905,0.867674858223062,3.81830274067692,"TarBase"
"ENSG00000119899",-0.0181303632948413,0.610586011342155,1.63731207105528,"TarBase"
"ENSG00000119912",-0.0236818554632279,0.886578449905482,5.70068415545977,"TarBase"
"ENSG00000119969",-0.0539981882699615,0.994328922495274,17.0717836885985,"TarBase"
"ENSG00000119986",-0.0131146511148174,0.395085066162571,0.710594256402113,"TarBase"
"ENSG00000120063",-0.00953030281833663,0.565217391304348,1.16304050399656,"TarBase"
"ENSG00000120093",0.048361532098293,0.310018903591682,0.459421758745984,"TarBase"
"ENSG00000120129",-0.180332087379775,0.251417769376181,0.580320729649582,"TarBase"
"ENSG00000120137",0.182274545381282,0.80718336483932,2.78370963296763,"TarBase"
"ENSG00000120162",-0.0165668367429246,0.45179584120983,1.03267215137662,"TarBase"
"ENSG00000120253",-0.0166526500317235,0.98109640831758,9.11370248857282,"TarBase"
"ENSG00000120265",-0.253152977446367,0.998109640831758,18.8190050901318,"TarBase"
"ENSG00000120334",-0.0925529721363745,0.519848771266541,1.08775001385087,"TarBase"
"ENSG00000120437",-0.352555211681243,0.956521739130435,10.4048122424838,"TarBase"
"ENSG00000120519",0.029671031963504,0.533081285444234,1.19755021744031,"TarBase"
"ENSG00000120526",-0.0830027961471807,0.722117202268431,1.89900923263948,"TarBase"
"ENSG00000120539",0.026190077561446,0.722117202268431,2.21662260553888,"TarBase"
"ENSG00000120549",-0.01677881276264,0.419659735349716,1.1484218200655,"TarBase"
"ENSG00000120685",-0.119515583939085,0.674858223062382,1.81667413805416,"TarBase"
"ENSG00000120686",-0.0976071565786591,0.854442344045369,3.62793481259512,"TarBase"
"ENSG00000120693",-0.0632749861421482,0.593572778827977,1.26457673472709,"TarBase"
"ENSG00000120697",-0.346775716923523,0.877126654064272,5.26250976928386,"TarBase"
"ENSG00000120699",-0.23727781109392,0.922495274102079,6.72808756451339,"TarBase"
"ENSG00000120709",0.0297145332823007,0.66351606805293,1.62888694342873,"TarBase"
"ENSG00000120738",-0.212793683973602,0.463137996219282,1.90207055181378,"TarBase"
"ENSG00000120742",-0.227508518692862,0.735349716446125,3.12806433151254,"TarBase"
"ENSG00000120784",-0.0742358888186197,0.438563327032136,1.08392936713658,"TarBase"
"ENSG00000120802",-0.185179530107635,0.873345935727788,5.7776338555421,"TarBase"
"ENSG00000120942",-0.232148546542485,0.633270321361059,1.58854744615739,"TarBase"
"ENSG00000120948",-0.350849673703934,0.973534971644612,12.0973898252355,"TarBase"
"ENSG00000121022",-0.137583897430681,0.952741020793951,6.80923781819774,"TarBase"
"ENSG00000121060",-0.120253610188877,0.676748582230624,1.78173219505615,"TarBase"
"ENSG00000121073",-0.225519232877529,0.880907372400756,4.67887979083233,"TarBase"
"ENSG00000121104",-0.0310130891128488,0.606805293005671,1.68029324422397,"TarBase"
"ENSG00000121152",0.0122116293155337,0.890359168241966,3.99149540766856,"TarBase"
"ENSG00000121211",-0.0924765938995401,0.686200378071834,1.72390960481192,"TarBase"
"ENSG00000121413",-0.0242107882620084,0.304347826086957,0.486331926957945,"TarBase"
"ENSG00000121579",-0.336210225785652,0.947069943289225,6.62460479086691,"TarBase"
"ENSG00000121621",0.0108583680249844,0.578449905482042,1.35187803689621,"TarBase"
"ENSG00000121680",0.126425139922017,0.758034026465028,1.9228864327357,"TarBase"
"ENSG00000121691",-0.155457121280368,0.561436672967864,1.2125860687865,"TarBase"
"ENSG00000121864",-0.0473453828901844,0.425330812854442,0.661779239592633,"TarBase"
"ENSG00000121897",-0.15446234241035,0.408317580340265,0.730647635756115,"TarBase"
"ENSG00000121940",-0.031247717387323,0.803402646502836,2.75919535925009,"TarBase"
"ENSG00000122042",0.0118949708770457,0.534971644612476,1.25226311158128,"TarBase"
"ENSG00000122359",-0.0211361980113132,0.843100189035917,3.16882229998011,"TarBase"
"ENSG00000122376",-0.0847952030347773,0.786389413988658,3.304624952803,"TarBase"
"ENSG00000122417",0.170645874774526,0.746691871455577,2.0679276663317,"TarBase"
"ENSG00000122435",-0.154844521075967,0.773156899810964,2.34762351614132,"TarBase"
"ENSG00000122483",0.0928392872248791,0.86578449905482,4.06046771550428,"TarBase"
"ENSG00000122550",0.00516567984206168,0.744801512287335,2.11312417611224,"TarBase"
"ENSG00000122565",-0.371102447212152,0.973534971644612,11.924910525446,"TarBase"
"ENSG00000122566",-0.495546386932355,1,164.606731810054,"TarBase"
"ENSG00000122705",0.15825411980083,0.998109640831758,17.9716516284129,"TarBase"
"ENSG00000122707",-0.0568647385683208,0.465028355387524,0.855339813325438,"TarBase"
"ENSG00000122783",-0.20116985097094,0.669187145557656,1.90201985323754,"TarBase"
"ENSG00000122786",0.119591987634663,0.877126654064272,4.37407269374274,"TarBase"
"ENSG00000122884",-0.044151984094671,0.746691871455577,2.45697345931339,"TarBase"
"ENSG00000122912",0.251380819416629,0.920604914933837,5.69835594248545,"TarBase"
"ENSG00000122952",-0.358045033156229,0.960302457466919,11.941713862498,"TarBase"
"ENSG00000123080",0.0300935465840046,0.75047258979206,2.5035205255277,"TarBase"
"ENSG00000123091",0.116249476623895,0.54820415879017,1.14015827976084,"TarBase"
"ENSG00000123131",-0.359020634868325,0.988657844990548,16.1624637837312,"TarBase"
"ENSG00000123136",-0.218401530110564,0.967863894139887,10.7175798301167,"TarBase"
"ENSG00000123179",-0.308836865532407,0.563327032136106,1.38319668722167,"TarBase"
"ENSG00000123191",-0.154797064084828,0.584120982986768,1.41822227543448,"TarBase"
"ENSG00000123219",-0.0136613822643113,0.911153119092628,4.89472032569419,"TarBase"
"ENSG00000123268",-0.037060942421898,0.712665406427221,2.03744406395571,"TarBase"
"ENSG00000123374",-0.192962978064982,0.589792060491493,1.44523035290654,"TarBase"
"ENSG00000123416",-0.508161093347808,1,115.312274479752,"TarBase"
"ENSG00000123472",0.0253311363364557,0.684310018903592,1.62809669061333,"TarBase"
"ENSG00000123473",0.0740781617286736,0.776937618147448,2.40967507975344,"TarBase"
"ENSG00000123485",-0.180237008909136,0.448015122873346,1.01453600734115,"TarBase"
"ENSG00000123552",-0.164578071114507,0.608695652173913,1.42250439522187,"TarBase"
"ENSG00000123575",0.185660841173041,0.888468809073724,4.34798125168973,"TarBase"
"ENSG00000123643",-0.119380045542778,0.455576559546314,0.885902955114493,"TarBase"
"ENSG00000123728",-0.0483292917574808,0.449905482041588,0.760922247501618,"TarBase"
"ENSG00000123737",-0.211002873785339,0.890359168241966,4.87158602483365,"TarBase"
"ENSG00000123739",0.0315340538322574,0.708884688090737,1.92875569083313,"TarBase"
"ENSG00000123908",-0.0577379729630321,0.87523629489603,3.476621668916,"TarBase"
"ENSG00000123933",-0.0183240272186041,0.5765595463138,1.26641165396151,"TarBase"
"ENSG00000123975",-0.430744942112065,0.952741020793951,19.7649864574724,"TarBase"
"ENSG00000123983",-0.0465024459301576,0.76937618147448,2.46878946954966,"TarBase"
"ENSG00000123989",-0.210322466951413,0.245746691871456,0.372238809868948,"TarBase"
"ENSG00000124120",0.0617050449363705,0.68241965973535,1.59409738167554,"TarBase"
"ENSG00000124155",0.0242519514107624,0.818525519848771,2.82363011886654,"TarBase"
"ENSG00000124160",0.0243570741241413,0.444234404536862,0.763481345928626,"TarBase"
"ENSG00000124164",-0.048257261889567,0.833648393194707,3.07159238728562,"TarBase"
"ENSG00000124193",-0.325308135145028,0.867674858223062,4.21384102200718,"TarBase"
"ENSG00000124198",0.0805640143626083,0.784499054820416,2.54255194017727,"TarBase"
"ENSG00000124207",-0.247130873400965,0.988657844990548,11.6683569680997,"TarBase"
"ENSG00000124226",-0.0630104302047079,0.89413988657845,4.82097982283376,"TarBase"
"ENSG00000124279",-0.118309553040368,0.289224952741021,0.431475996545258,"TarBase"
"ENSG00000124333",0.0443421700204625,0.731568998109641,1.99342841180476,"TarBase"
"ENSG00000124383",-0.132915440859604,0.852551984877127,3.91932032911713,"TarBase"
"ENSG00000124541",-0.142594835318565,0.773156899810964,2.51290670979262,"TarBase"
"ENSG00000124570",-0.388216945328006,0.633270321361059,2.26621313014594,"TarBase"
"ENSG00000124587",0.087442749743606,0.398865784499055,0.784106559325398,"TarBase"
"ENSG00000124593",-0.403092920096997,0.767485822306238,2.920888933062,"TarBase"
"ENSG00000124614",-0.0409856297788445,0.994328922495274,16.5703401386996,"TarBase"
"ENSG00000124641",-0.222609001202915,0.245746691871456,0.390886222257297,"TarBase"
"ENSG00000124733",-0.198375543095155,0.982986767485822,10.4200605489946,"TarBase"
"ENSG00000124762",0.322874907023367,0.527410207939509,2.11457951303562,"TarBase"
"ENSG00000124767",-0.320683951491255,0.984877126654064,13.36535468592,"TarBase"
"ENSG00000124783",-0.299549616512159,0.954631379962193,8.24848586443683,"TarBase"
"ENSG00000124784",-0.141113463547831,0.930056710775047,6.25455647439767,"TarBase"
"ENSG00000124942",-0.0706428476516006,0.357277882797732,0.735333356529748,"TarBase"
"ENSG00000125148",-0.0742257095520975,0.886578449905482,5.27621497498984,"TarBase"
"ENSG00000125257",-0.377435046353355,0.782608695652174,5.07305070307836,"TarBase"
"ENSG00000125354",0.195662179031565,0.812854442344045,3.19139087413344,"TarBase"
"ENSG00000125450",-0.0263345596720606,0.975425330812854,7.65020616413891,"TarBase"
"ENSG00000125630",-0.273981955823465,0.799621928166352,3.14046797324205,"TarBase"
"ENSG00000125676",0.133571981846869,0.992438563327032,13.5932253774661,"TarBase"
"ENSG00000125691",0.0500455323794663,1,148.562429184632,"TarBase"
"ENSG00000125746",0.0588208701083411,0.744801512287335,2.66182706475819,"TarBase"
"ENSG00000125812",0.0128324703648188,0.398865784499055,0.698151543496911,"TarBase"
"ENSG00000125817",-0.189826685742114,0.383742911153119,0.649660580291678,"TarBase"
"ENSG00000125818",-0.0826274241289132,0.952741020793951,6.76047310521133,"TarBase"
"ENSG00000125826",-0.0898053819500805,0.586011342155009,1.14816470156711,"TarBase"
"ENSG00000125827",-0.225204108521496,0.415879017013232,0.707575768145236,"TarBase"
"ENSG00000125834",0.0227402315944283,0.652173913043478,1.46870420743158,"TarBase"
"ENSG00000125835",-0.548989905867894,1,53.9852863939889,"TarBase"
"ENSG00000125844",-0.116067994339578,0.642722117202268,1.80298119096982,"TarBase"
"ENSG00000125870",-0.419522925849188,0.905482041587902,7.10917430304125,"TarBase"
"ENSG00000125871",0.0163417935445117,0.824196597353497,2.96916930167837,"TarBase"
"ENSG00000125875",0.05670395196444,0.434782608695652,0.784252945490141,"TarBase"
"ENSG00000125885",0.107833943648339,0.780718336483932,2.24299516571951,"TarBase"
"ENSG00000125901",-0.478624812759955,0.818525519848771,4.35579601079082,"TarBase"
"ENSG00000125944",-0.329674165886872,0.975425330812854,9.9145519446642,"TarBase"
"ENSG00000125968",-0.192342056323098,0.516068052930057,1.8601764637172,"TarBase"
"ENSG00000125977",-0.119834707812856,0.996219281663516,13.0291644084759,"TarBase"
"ENSG00000126003",-0.0498405099201765,0.344045368620038,0.605919719223038,"TarBase"
"ENSG00000126016",-0.434582233424456,0.665406427221172,5.07378482764486,"TarBase"
"ENSG00000126067",-0.250922442072483,0.998109640831758,18.9833525577568,"TarBase"
"ENSG00000126215",-0.173807857508216,0.495274102079395,0.996472752459469,"TarBase"
"ENSG00000126246",-0.040698782835853,0.257088846880907,0.364855963543934,"TarBase"
"ENSG00000126247",-0.426626332746027,0.693761814744801,2.33784742281564,"TarBase"
"ENSG00000126391",0.0633786234862719,0.483931947069943,1.08639576190517,"TarBase"
"ENSG00000126453",0.17113726648496,0.837429111531191,3.215191869538,"TarBase"
"ENSG00000126709",0.25768669851267,0.563327032136106,1.12756216897404,"TarBase"
"ENSG00000126777",-0.0252316420859391,0.899810964083176,4.30775645980171,"TarBase"
"ENSG00000126787",-0.256154578979481,0.758034026465028,3.8486040843918,"TarBase"
"ENSG00000126790",-0.164939238323882,0.591682419659735,1.56004193559269,"TarBase"
"ENSG00000126821",0.00504592135422358,0.238185255198488,0.370117238773549,"TarBase"
"ENSG00000126878",-0.128551439147025,0.574669187145558,1.46745585069754,"TarBase"
"ENSG00000127022",-0.200740769804721,0.979206049149338,12.7412010881165,"TarBase"
"ENSG00000127080",0.124705302736697,0.525519848771267,0.961154412947441,"TarBase"
"ENSG00000127314",-0.0720741222846831,0.931947069943289,5.78497124399279,"TarBase"
"ENSG00000127334",-0.188338431079656,0.398865784499055,0.709385095023661,"TarBase"
"ENSG00000127418",0.0770018037824028,0.438563327032136,0.753778040170945,"TarBase"
"ENSG00000127423",-0.00602978897136473,0.661625708884688,1.45255816586273,"TarBase"
"ENSG00000127452",-0.0988098098537915,0.510396975425331,1.09824550993962,"TarBase"
"ENSG00000127481",0.178801357756382,0.939508506616257,5.18127435194487,"TarBase"
"ENSG00000127564",-0.0742127336163904,0.559546313799622,1.36190508247257,"TarBase"
"ENSG00000127586",-0.0848461562810828,0.621928166351607,1.41694682315355,"TarBase"
"ENSG00000127603",0.0184139515251988,0.954631379962193,6.9049574411793,"TarBase"
"ENSG00000127616",0.00129601536476961,0.992438563327032,10.159909651815,"TarBase"
"ENSG00000127804",-0.15818481451622,0.890359168241966,4.94830396784658,"TarBase"
"ENSG00000127838",-0.133840116586461,0.926275992438563,5.13541670617435,"TarBase"
"ENSG00000127947",0.0318378984506289,0.65406427221172,2.49851268194578,"TarBase"
"ENSG00000127955",0.00471014934505061,0.771266540642722,2.42189400870446,"TarBase"
"ENSG00000128050",-0.520397648398742,0.994328922495274,19.5132238534934,"TarBase"
"ENSG00000128059",-0.276358299059321,0.873345935727788,4.81724184732636,"TarBase"
"ENSG00000128228",-0.463673212416112,0.637051039697543,4.43441462224365,"TarBase"
"ENSG00000128272",-0.192813615878411,0.992438563327032,24.1052165228934,"TarBase"
"ENSG00000128283",-0.31356314021513,0.604914933837429,1.99074214150812,"TarBase"
"ENSG00000128294",-0.0571536698605233,0.589792060491493,1.42011184221371,"TarBase"
"ENSG00000128309",0.12063533609747,0.862003780718336,2.81965567148749,"TarBase"
"ENSG00000128463",-0.293185603571694,0.965973534971645,7.70443461133708,"TarBase"
"ENSG00000128567",-0.103166505898283,0.444234404536862,0.946315176027563,"TarBase"
"ENSG00000128585",0.0928065739291583,0.890359168241966,4.06790945825864,"TarBase"
"ENSG00000128590",0.0260114116037005,0.396975425330813,0.903949365463169,"TarBase"
"ENSG00000128595",-0.335803932682043,0.935727788279773,7.12487114420857,"TarBase"
"ENSG00000128607",0.120323762180974,0.835538752362949,3.09575706284481,"TarBase"
"ENSG00000128626",-0.232301851454421,0.90359168241966,5.25119796300386,"TarBase"
"ENSG00000128654",0.0283059374789019,0.965973534971645,6.21303704433419,"TarBase"
"ENSG00000128694",-0.13466142236139,0.400756143667297,0.684796014072279,"TarBase"
"ENSG00000128708",0.0462487358386685,0.901701323251418,4.37118687962794,"TarBase"
"ENSG00000128709",-0.0980263547059112,0.33648393194707,0.583275079263722,"TarBase"
"ENSG00000128714",-0.36277344170691,0.457466918714556,1.33014061057193,"TarBase"
"ENSG00000128791",-0.197657023533021,0.383742911153119,0.699223125245799,"TarBase"
"ENSG00000128805",-0.299854775086763,0.374291115311909,0.844313988818609,"TarBase"
"ENSG00000128872",-0.0995793911015442,0.413988657844991,0.693619877222278,"TarBase"
"ENSG00000128915",-0.110067781888821,0.603024574669187,1.17021453113374,"TarBase"
"ENSG00000128923",0.00399937879546918,0.648393194706994,1.48736202998519,"TarBase"
"ENSG00000128928",-0.187834445184797,0.896030245746692,4.1250715459342,"TarBase"
"ENSG00000128944",-0.142948551507738,0.773156899810964,3.01323478660622,"TarBase"
"ENSG00000128951",-0.273323662488583,0.897920604914934,7.76459572170912,"TarBase"
"ENSG00000128973",-0.247106327313245,0.680529300567108,2.04896042054853,"TarBase"
"ENSG00000128989",-0.152020827704452,0.756143667296786,2.29056441350824,"TarBase"
"ENSG00000129055",0.0195414890440538,0.952741020793951,5.81670147770648,"TarBase"
"ENSG00000129116",-0.0953817051917017,0.744801512287335,2.63896672094136,"TarBase"
"ENSG00000129128",-0.230039489773968,0.931947069943289,5.96701620226309,"TarBase"
"ENSG00000129187",-0.179437753819163,0.419659735349716,0.910198426827445,"TarBase"
"ENSG00000129235",-0.528446345861819,0.958412098298677,10.5205650914037,"TarBase"
"ENSG00000129317",-0.113656972303737,0.616257088846881,1.32607988089879,"TarBase"
"ENSG00000129347",-0.204559307342337,0.831758034026465,3.5931210763247,"TarBase"
"ENSG00000129351",-0.355524939424565,0.99054820415879,21.8780279375589,"TarBase"
"ENSG00000129353",0.0276842109704391,0.655954631379962,1.83840110023606,"TarBase"
"ENSG00000129460",-0.103333485616227,0.947069943289225,7.03988261368523,"TarBase"
"ENSG00000129493",-0.0568847497801267,0.553875236294896,1.13293205392251,"TarBase"
"ENSG00000129515",-0.133012488512731,0.909262759924386,5.42809122703638,"TarBase"
"ENSG00000129534",0.0419417946632746,0.737240075614367,2.33196448715311,"TarBase"
"ENSG00000130024",-0.167062206046366,0.563327032136106,1.29761927049402,"TarBase"
"ENSG00000130066",0.105611130079235,0.457466918714556,1.69927003876151,"TarBase"
"ENSG00000130164",-0.261528546947252,0.705103969754253,3.18335470590402,"TarBase"
"ENSG00000130165",-0.220512627004919,0.979206049149338,8.94706484326463,"TarBase"
"ENSG00000130177",-0.143121813423369,0.455576559546314,0.919663716769042,"TarBase"
"ENSG00000130193",-0.241092386672871,0.453686200378072,0.926349479829087,"TarBase"
"ENSG00000130202",0.260361385489741,0.722117202268431,2.00837213987525,"TarBase"
"ENSG00000130204",-0.390099323719505,0.790170132325142,3.4197357224372,"TarBase"
"ENSG00000130309",-0.313368004158559,0.693761814744801,2.43684789466097,"TarBase"
"ENSG00000130338",0.114471381852887,0.901701323251418,4.38100790791518,"TarBase"
"ENSG00000130340",-0.0735376419567491,0.80718336483932,2.89631603244293,"TarBase"
"ENSG00000130396",0.0793124340563117,0.87523629489603,4.20372402101693,"TarBase"
"ENSG00000130429",-0.379671669553635,0.597353497164461,1.91553029989232,"TarBase"
"ENSG00000130479",0.0395321501040753,0.342155009451796,0.552396543887896,"TarBase"
"ENSG00000130529",0.0433248236273307,0.591682419659735,1.75968716759098,"TarBase"
"ENSG00000130669",-0.00630738542021021,0.595463137996219,1.38187715470999,"TarBase"
"ENSG00000130725",-0.0715507845435804,0.674858223062382,1.7167858873618,"TarBase"
"ENSG00000130726",-0.161827849275066,0.967863894139887,8.43227637772524,"TarBase"
"ENSG00000130770",-0.129045629329312,1,65.0435961268454,"TarBase"
"ENSG00000130772",-0.0234410199768928,0.472589792060492,0.850774250492055,"TarBase"
"ENSG00000130779",-0.0138155828989025,0.962192816635161,5.62396838569752,"TarBase"
"ENSG00000130810",-0.201888188910018,0.448015122873346,0.897461395800717,"TarBase"
"ENSG00000130816",-0.137270589818515,0.984877126654064,12.9543186840005,"TarBase"
"ENSG00000130818",-0.0505875707122962,0.319470699432892,0.492483992748547,"TarBase"
"ENSG00000130826",-0.573058188167696,0.956521739130435,13.2781236716631,"TarBase"
"ENSG00000130935",-0.211810841157027,0.947069943289225,6.31639679351366,"TarBase"
"ENSG00000131013",0.14709981138536,0.926275992438563,4.80542445381714,"TarBase"
"ENSG00000131018",0.240111011675524,0.678638941398866,2.04548708216686,"TarBase"
"ENSG00000131051",-0.0554615914883905,1,30.5968100613911,"TarBase"
"ENSG00000131069",0.0258340321838455,0.497164461247637,0.914192428386565,"TarBase"
"ENSG00000131153",-0.134957943804218,0.831758034026465,3.64313588008585,"TarBase"
"ENSG00000131187",-0.20113701653537,0.266540642722117,0.447395032497547,"TarBase"
"ENSG00000131196",0.0751731193278157,0.266540642722117,0.423523116096256,"TarBase"
"ENSG00000131238",-0.248629375134443,0.87523629489603,3.71357337969653,"TarBase"
"ENSG00000131263",0.00139420786091448,0.907372400756144,4.14950060900405,"TarBase"
"ENSG00000131351",0.0737800544965783,0.75992438563327,2.07227268587136,"TarBase"
"ENSG00000131374",0.293970460328458,0.818525519848771,3.84641800780257,"TarBase"
"ENSG00000131437",0.213434740169271,0.833648393194707,2.75617172923273,"TarBase"
"ENSG00000131459",0.0222313443881491,0.561436672967864,1.26454045242999,"TarBase"
"ENSG00000131462",-0.340730539801019,0.952741020793951,10.7176175594492,"TarBase"
"ENSG00000131467",-0.257358293322103,0.91304347826087,5.23460623058708,"TarBase"
"ENSG00000131470",0.0207563430399859,0.827977315689981,3.73529735400038,"TarBase"
"ENSG00000131473",-0.346313457109196,0.982986767485822,13.6799736193162,"TarBase"
"ENSG00000131507",-0.0367894122968591,0.943289224952741,6.63576605916985,"TarBase"
"ENSG00000131626",0.0354462504664768,0.733459357277883,1.9133851058983,"TarBase"
"ENSG00000131652",-0.158499701111112,0.703213610586011,1.93368313878426,"TarBase"
"ENSG00000131724",0.0229149265217191,0.5765595463138,1.12823905172056,"TarBase"
"ENSG00000131732",-0.152302033017799,0.848771266540643,3.82235251579021,"TarBase"
"ENSG00000131747",-0.168557335609973,0.756143667296786,3.65366066168129,"TarBase"
"ENSG00000131844",-0.145585847844455,0.689981096408318,1.82582900757317,"TarBase"
"ENSG00000131871",-0.0130225539195869,0.911153119092628,7.10643705314916,"TarBase"
"ENSG00000131873",-0.0663984568578709,0.741020793950851,2.46524757937175,"TarBase"
"ENSG00000131941",0.0586534906756152,0.646502835538752,1.60636231673707,"TarBase"
"ENSG00000131979",-0.0475786861400165,0.448015122873346,1.14247660529388,"TarBase"
"ENSG00000132003",0.0208958495352482,0.266540642722117,0.400480431240584,"TarBase"
"ENSG00000132005",-0.0115673161676153,0.255198487712665,0.413911958275557,"TarBase"
"ENSG00000132024",0.0888264665186566,0.66351606805293,1.49785352253659,"TarBase"
"ENSG00000132182",-0.176991772660398,0.837429111531191,4.272832150233,"TarBase"
"ENSG00000132323",-0.147890685357299,0.776937618147448,2.90971583999948,"TarBase"
"ENSG00000132359",0.0626878090464729,0.680529300567108,3.0730032429534,"TarBase"
"ENSG00000132382",-0.436896597190059,0.780718336483932,3.26868570818066,"TarBase"
"ENSG00000132388",0.00977135141692348,0.914933837429111,5.76102806370898,"TarBase"
"ENSG00000132405",-0.0931640052574943,0.584120982986768,1.43506129911968,"TarBase"
"ENSG00000132406",-0.200351384263442,0.404536862003781,0.712405193294427,"TarBase"
"ENSG00000132423",-0.175493639631538,0.76937618147448,2.59064229759258,"TarBase"
"ENSG00000132432",-0.295203187736736,1,25.7478472410926,"TarBase"
"ENSG00000132436",-0.005026602139812,0.671077504725898,1.73721881855123,"TarBase"
"ENSG00000132463",-0.302448545431167,0.79773156899811,3.5852558567384,"TarBase"
"ENSG00000132471",0.349181895366852,0.882797731568998,3.76896377925607,"TarBase"
"ENSG00000132507",-0.412669543069367,0.982986767485822,13.5102816218082,"TarBase"
"ENSG00000132510",-0.0339845564993702,0.275992438563327,0.372323037858275,"TarBase"
"ENSG00000132541",-0.164946187191797,0.846880907372401,3.65157411457844,"TarBase"
"ENSG00000132549",0.156438057687198,0.911153119092628,5.25760240797889,"TarBase"
"ENSG00000132589",-0.128461388938982,0.485822306238185,1.09051904660467,"TarBase"
"ENSG00000132591",-0.221155037373142,0.77882797731569,2.79633063030385,"TarBase"
"ENSG00000132603",-0.386782327357977,0.752362948960302,2.87725487111134,"TarBase"
"ENSG00000132604",0.0568803299138784,0.676748582230624,1.76568082722566,"TarBase"
"ENSG00000132646",-0.0761274876196136,0.90359168241966,6.25636660740626,"TarBase"
"ENSG00000132661",-0.176188031550353,0.546313799621928,1.27775350328134,"TarBase"
"ENSG00000132763",-0.146707313211844,0.474480151228733,1.35126498693158,"TarBase"
"ENSG00000132773",-0.307157369692741,0.514177693761815,1.14729110548721,"TarBase"
"ENSG00000132780",-0.197853306784003,1,30.2925750358119,"TarBase"
"ENSG00000132824",0.157849153616082,0.905482041587902,4.30246548386997,"TarBase"
"ENSG00000132837",0.117643134045811,0.476370510396975,1.28386990639682,"TarBase"
"ENSG00000132912",0.127824619863244,0.839319470699433,2.86093392085072,"TarBase"
"ENSG00000132953",-0.124718645829924,0.824196597353497,3.43882551152951,"TarBase"
"ENSG00000132964",0.0021970427042054,0.640831758034026,1.66698431763697,"TarBase"
"ENSG00000133027",-0.242542576544833,0.918714555765595,4.73951623996543,"TarBase"
"ENSG00000133104",-0.0274187967780686,0.833648393194707,3.12219876789309,"TarBase"
"ENSG00000133112",0.324331953986779,1,101.183972178663,"TarBase"
"ENSG00000133114",-0.0930523172643704,0.676748582230624,1.45051787355874,"TarBase"
"ENSG00000133119",-0.171733406839831,0.911153119092628,5.35650995132591,"TarBase"
"ENSG00000133131",0.0811922605246805,0.540642722117202,1.16231468994015,"TarBase"
"ENSG00000133134",-0.00356947874375504,0.984877126654064,12.9917604765879,"TarBase"
"ENSG00000133135",-0.0568655432334211,0.217391304347826,0.369835351900446,"TarBase"
"ENSG00000133169",-0.0455499716333612,0.705103969754253,2.79648939754724,"TarBase"
"ENSG00000133195",0.0150915695600596,0.911153119092628,7.4838774071564,"TarBase"
"ENSG00000133302",-0.00968013797947686,0.790170132325142,2.60984695604086,"TarBase"
"ENSG00000133318",0.17220906105128,0.988657844990548,10.4886293856598,"TarBase"
"ENSG00000133398",-0.0517157169199076,0.627599243856333,1.5704822110006,"TarBase"
"ENSG00000133641",-0.220209367585263,0.803402646502836,2.87885600088818,"TarBase"
"ENSG00000133678",0.0144407242961478,0.612476370510397,1.28165101711735,"TarBase"
"ENSG00000133740",-0.145779680527048,0.482041587901701,1.16015085046118,"TarBase"
"ENSG00000133773",-0.194476168105441,0.930056710775047,6.7604345842207,"TarBase"
"ENSG00000133789",-0.0123281995868111,0.620037807183365,1.41555079565801,"TarBase"
"ENSG00000133818",-0.0636205894008654,0.659735349716446,1.70293949177336,"TarBase"
"ENSG00000133884",-0.0084231756478678,0.756143667296786,2.29243787136926,"TarBase"
"ENSG00000133983",-0.230843103995525,0.969754253308129,7.55236948647639,"TarBase"
"ENSG00000134001",-0.237083263173487,0.964083175803403,7.59583864358301,"TarBase"
"ENSG00000134057",-0.321273557858074,0.873345935727788,10.023543922074,"TarBase"
"ENSG00000134058",-0.0120427130617129,0.786389413988658,2.32450372623701,"TarBase"
"ENSG00000134108",0.121472713548638,0.897920604914934,4.72388603266013,"TarBase"
"ENSG00000134152",-0.149718558910142,0.714555765595463,1.90145388579031,"TarBase"
"ENSG00000134153",-0.0234692613649521,0.97164461247637,9.34456846302043,"TarBase"
"ENSG00000134186",-0.043278810999868,0.969754253308129,8.26387205645117,"TarBase"
"ENSG00000134222",-0.201203934670224,0.457466918714556,1.60223772627119,"TarBase"
"ENSG00000134247",-0.157147511947319,0.55765595463138,1.24231947074857,"TarBase"
"ENSG00000134253",-0.0328576095971545,0.285444234404537,0.460330372205483,"TarBase"
"ENSG00000134255",-0.0359220496019176,0.80718336483932,2.84801983432509,"TarBase"
"ENSG00000134285",0.17817867871983,0.563327032136106,1.12877850503842,"TarBase"
"ENSG00000134294",-0.0852974502680106,0.593572778827977,1.63010829103355,"TarBase"
"ENSG00000134318",-0.0412619307545506,0.837429111531191,3.72614033732069,"TarBase"
"ENSG00000134375",-0.43778917515083,0.992438563327032,16.2944219961685,"TarBase"
"ENSG00000134419",0.110620417377179,1,205.548314877027,"TarBase"
"ENSG00000134452",-0.0106082387047795,0.625708884688091,1.66573102514102,"TarBase"
"ENSG00000134453",-0.117792417631653,0.933837429111531,6.89684462219719,"TarBase"
"ENSG00000134480",-0.269084406630601,0.826086956521739,3.02928616333294,"TarBase"
"ENSG00000134508",-0.271763513824494,0.604914933837429,1.89360986309313,"TarBase"
"ENSG00000134590",-0.119088942925349,0.332703213610586,0.556682657089193,"TarBase"
"ENSG00000134602",-0.259973727090632,0.559546313799622,1.28731311555209,"TarBase"
"ENSG00000134644",0.123248240240459,0.992438563327032,15.9200236398907,"TarBase"
"ENSG00000134686",-0.0809102977853045,0.540642722117202,1.11829222550539,"TarBase"
"ENSG00000134690",-0.0888017653420157,0.739130434782609,3.66059639839382,"TarBase"
"ENSG00000134697",-0.260215296119566,0.958412098298677,8.1818479459601,"TarBase"
"ENSG00000134748",0.057733797643005,0.933837429111531,5.39960739883349,"TarBase"
"ENSG00000134755",-0.0327415554731177,0.378071833648393,0.561398768290909,"TarBase"
"ENSG00000134759",-0.196316055898367,0.967863894139887,9.12198107444967,"TarBase"
"ENSG00000134769",-0.0697711409029554,0.841209829867675,5.16872614651877,"TarBase"
"ENSG00000134809",-0.433086410567029,0.982986767485822,12.672510701819,"TarBase"
"ENSG00000134824",-0.241220618585494,0.378071833648393,0.612554093101152,"TarBase"
"ENSG00000134825",-0.338170895333423,0.998109640831758,20.2957730133229,"TarBase"
"ENSG00000134851",-0.0238936759568514,0.888468809073724,3.96361835519617,"TarBase"
"ENSG00000134874",-0.142648222642475,0.833648393194707,3.70623292892403,"TarBase"
"ENSG00000134901",-0.160549672200168,0.385633270321361,0.602950238379987,"TarBase"
"ENSG00000134910",-0.277780889343228,0.928166351606805,6.16398559122727,"TarBase"
"ENSG00000134970",-0.0400582150429192,0.285444234404537,0.46378549939085,"TarBase"
"ENSG00000134986",-0.0523423105782352,0.270321361058601,0.366847356435561,"TarBase"
"ENSG00000134987",-0.221472928397438,0.621928166351607,1.54841423989,"TarBase"
"ENSG00000135040",0.00565347535379046,0.741020793950851,2.22392752100117,"TarBase"
"ENSG00000135047",-0.0745695675305786,0.958412098298677,7.36208021870522,"TarBase"
"ENSG00000135069",-0.301973795485972,0.969754253308129,17.6386850088502,"TarBase"
"ENSG00000135093",0.16565861376181,0.582230623818526,1.16540020009895,"TarBase"
"ENSG00000135116",-0.147163177887642,0.361058601134216,0.730538976214432,"TarBase"
"ENSG00000135249",0.0783313572650431,0.809073724007561,2.8304448852939,"TarBase"
"ENSG00000135269",-0.0260473225828573,0.480151228733459,1.18249766588095,"TarBase"
"ENSG00000135316",-0.291824471451163,0.731568998109641,2.2963448392925,"TarBase"
"ENSG00000135334",-0.159490856395798,0.782608695652174,2.90805029029692,"TarBase"
"ENSG00000135336",-0.0420312061760638,0.877126654064272,3.30820957972313,"TarBase"
"ENSG00000135372",-0.238406802758495,0.814744801512287,3.4648967488969,"TarBase"
"ENSG00000135387",-0.118178134067973,0.931947069943289,5.19780471669955,"TarBase"
"ENSG00000135390",-0.237160023008577,1,55.1129193785173,"TarBase"
"ENSG00000135414",0.192343122274242,0.665406427221172,1.52823340377907,"TarBase"
"ENSG00000135424",0.0538781744981144,0.338374291115312,0.591136960652975,"TarBase"
"ENSG00000135446",-0.563324720297583,0.780718336483932,6.16382170162142,"TarBase"
"ENSG00000135451",-0.321565371687753,0.848771266540643,4.63055479338656,"TarBase"
"ENSG00000135476",-0.167307887488433,0.637051039697543,2.00189190493171,"TarBase"
"ENSG00000135486",-0.477508812221801,1,176.582133186483,"TarBase"
"ENSG00000135535",-0.239364991579258,0.589792060491493,2.0204162260667,"TarBase"
"ENSG00000135537",-0.0186860892480326,0.459357277882798,0.892630748961114,"TarBase"
"ENSG00000135549",-0.0829981064289934,0.32703213610586,0.571811769471332,"TarBase"
"ENSG00000135617",0.0375670730119162,0.465028355387524,0.849733747618904,"TarBase"
"ENSG00000135631",-0.159678016821558,0.285444234404537,0.459685644934493,"TarBase"
"ENSG00000135637",-0.00900249046262422,0.618147448015123,1.48121681534133,"TarBase"
"ENSG00000135677",0.0369119062616696,0.693761814744801,1.75418010920103,"TarBase"
"ENSG00000135678",0.0777370791257634,0.368620037807183,0.781186092544252,"TarBase"
"ENSG00000135679",0.249790474283711,0.939508506616257,7.71364679262567,"TarBase"
"ENSG00000135698",-0.240973697552886,0.880907372400756,4.44169922388529,"TarBase"
"ENSG00000135723",-0.273287520398723,0.650283553875236,2.36063943913955,"TarBase"
"ENSG00000135750",-0.127976358574972,0.251417769376181,0.44719071230271,"TarBase"
"ENSG00000135763",-0.329590059311923,0.661625708884688,2.13345075471147,"TarBase"
"ENSG00000135776",-0.135315979929258,0.795841209829868,3.1494217360298,"TarBase"
"ENSG00000135862",-0.0616203604261025,0.790170132325142,3.01370495819969,"TarBase"
"ENSG00000135913",0.0799173762096574,0.839319470699433,3.39631431093998,"TarBase"
"ENSG00000135945",0.021831221973987,0.799621928166352,2.92122776010545,"TarBase"
"ENSG00000135968",0.288804908923835,0.954631379962193,5.35093549573673,"TarBase"
"ENSG00000135976",0.153720041460088,0.693761814744801,1.82640703262237,"TarBase"
"ENSG00000136026",-0.273148434801675,0.77882797731569,2.80186261617771,"TarBase"
"ENSG00000136044",0.150515683248845,0.648393194706994,1.46266665225096,"TarBase"
"ENSG00000136048",0.22140946482591,0.410207939508507,0.979365080125414,"TarBase"
"ENSG00000136051",0.086915525388685,0.66351606805293,1.38492246082412,"TarBase"
"ENSG00000136052",0.0288363926918779,0.429111531190926,0.772966674544681,"TarBase"
"ENSG00000136098",-0.0275302942286645,0.591682419659735,1.26402774286748,"TarBase"
"ENSG00000136122",-0.154398134551769,0.514177693761815,1.05831539469355,"TarBase"
"ENSG00000136159",-0.180895312281715,0.87523629489603,3.80796059099077,"TarBase"
"ENSG00000136193",0.0183086909628624,0.805293005671078,2.6479312733349,"TarBase"
"ENSG00000136205",-0.0620534873871288,0.480151228733459,1.26426213376559,"TarBase"
"ENSG00000136237",-0.160498889247841,0.427221172022684,0.938347506844338,"TarBase"
"ENSG00000136238",-0.181772109254086,0.99054820415879,9.74109456637495,"TarBase"
"ENSG00000136240",-0.434288578008694,0.863894139886578,5.35815562439819,"TarBase"
"ENSG00000136279",0.089483690863696,0.90359168241966,4.56304053386275,"TarBase"
"ENSG00000136444",-0.192673232974572,0.453686200378072,0.85249683382396,"TarBase"
"ENSG00000136450",-0.258142361420821,0.77882797731569,2.85225867152934,"TarBase"
"ENSG00000136490",-0.126315204819226,0.2117202268431,0.374896114521358,"TarBase"
"ENSG00000136492",0.139402596922545,0.943289224952741,7.61562946875967,"TarBase"
"ENSG00000136527",-0.411119339832273,0.977315689981096,12.1515453731226,"TarBase"
"ENSG00000136536",0.0729296101998996,0.746691871455577,2.20100406619365,"TarBase"
"ENSG00000136603",0.148032477851698,0.65406427221172,1.79831913577583,"TarBase"
"ENSG00000136636",-0.100922111992721,0.68241965973535,1.73708930816704,"TarBase"
"ENSG00000136699",-0.119580266299642,0.737240075614367,2.88508144750017,"TarBase"
"ENSG00000136754",0.216881532328623,0.930056710775047,5.87492212825175,"TarBase"
"ENSG00000136770",-0.0665248095688871,0.79773156899811,3.63309451813057,"TarBase"
"ENSG00000136802",-0.0581283577201082,0.410207939508507,0.737596908698408,"TarBase"
"ENSG00000136813",-0.248291590820651,0.860113421550095,4.26113204633413,"TarBase"
"ENSG00000136816",0.0184090605813973,0.546313799621928,1.10727547321383,"TarBase"
"ENSG00000136824",0.0175785638083556,0.935727788279773,4.82005252630791,"TarBase"
"ENSG00000136830",-0.101756746268644,0.46124763705104,1.17859315811962,"TarBase"
"ENSG00000136867",0.0183482125657774,0.232514177693762,0.359060308172712,"TarBase"
"ENSG00000136868",-0.255268110366881,0.827977315689981,3.91311685033605,"TarBase"
"ENSG00000136874",0.0615436417978707,0.648393194706994,1.45904980505689,"TarBase"
"ENSG00000136875",-0.205905470612425,0.852551984877127,3.62791592040107,"TarBase"
"ENSG00000136877",-0.200655725306016,0.546313799621928,1.16237945932266,"TarBase"
"ENSG00000136888",-0.183707199596663,0.975425330812854,10.0593676411094,"TarBase"
"ENSG00000136928",-0.0313948613392691,0.30812854442344,0.634579217093546,"TarBase"
"ENSG00000136937",-0.0367252158020519,0.792060491493384,2.75883338506181,"TarBase"
"ENSG00000136950",-0.0821239708598533,0.848771266540643,3.79670846084442,"TarBase"
"ENSG00000136997",-0.407028130356703,0.347826086956522,2.02390859972243,"TarBase"
"ENSG00000137074",0.0354160862417171,0.954631379962193,6.59832706577993,"TarBase"
"ENSG00000137076",-0.0855910219336495,0.610586011342155,1.82856787950246,"TarBase"
"ENSG00000137100",0.121361224563298,0.988657844990548,11.8197609747465,"TarBase"
"ENSG00000137177",0.0128697057944582,0.735349716446125,2.21198947205323,"TarBase"
"ENSG00000137193",-0.142960552948098,0.262759924385633,0.446116142877442,"TarBase"
"ENSG00000137210",-0.244883649865157,0.964083175803403,7.72643997088043,"TarBase"
"ENSG00000137269",-0.083940461352627,0.431001890359168,0.88595942515798,"TarBase"
"ENSG00000137273",-0.063599919765021,0.302457466918715,0.558251439883394,"TarBase"
"ENSG00000137285",-0.166112227887417,0.892249527410208,6.47330963826708,"TarBase"
"ENSG00000137309",-0.112561917974379,0.831758034026465,3.59599564701154,"TarBase"
"ENSG00000137310",-0.0673926520499759,0.570888468809074,1.49464853899967,"TarBase"
"ENSG00000137337",0.0103128018583692,0.655954631379962,1.6864134552598,"TarBase"
"ENSG00000137409",-0.00521931818067313,0.843100189035917,2.99120085485696,"TarBase"
"ENSG00000137478",0.0242028672799064,0.90359168241966,4.96728302073351,"TarBase"
"ENSG00000137494",-0.0225821170490397,0.449905482041588,0.828719057902464,"TarBase"
"ENSG00000137497",0.147997796137397,0.775047258979206,2.52831638657698,"TarBase"
"ENSG00000137513",-0.265840805634903,0.869565217391304,4.28468153753026,"TarBase"
"ENSG00000137575",-0.10510459092972,0.890359168241966,4.69442032487663,"TarBase"
"ENSG00000137692",-0.242181550100355,0.816635160680529,3.18269695187954,"TarBase"
"ENSG00000137693",0.0869981656243675,0.703213610586011,1.90322663838459,"TarBase"
"ENSG00000137700",-0.140958479586231,0.472589792060492,0.974569739859396,"TarBase"
"ENSG00000137713",-0.166926973039595,0.661625708884688,1.69399717434355,"TarBase"
"ENSG00000137807",-0.0664235999386773,0.697542533081285,2.42565866684538,"TarBase"
"ENSG00000137814",-0.0998575458990782,0.553875236294896,1.20877837894356,"TarBase"
"ENSG00000137818",0.119162055064274,1,606.49539311042,"TarBase"
"ENSG00000137876",-0.091905128283744,0.926275992438563,6.14978586763998,"TarBase"
"ENSG00000137944",-0.176721477824865,0.53875236294896,0.977251695895412,"TarBase"
"ENSG00000137955",-0.253813489079977,0.994328922495274,16.7787098617699,"TarBase"
"ENSG00000137962",-0.0771449503492952,0.323251417769376,0.63066017515438,"TarBase"
"ENSG00000137992",-0.0842258952166097,0.56710775047259,1.2025072203996,"TarBase"
"ENSG00000138029",-0.245193386659101,0.775047258979206,3.25647061018166,"TarBase"
"ENSG00000138031",-0.0718746904665644,0.844990548204159,4.14845464709389,"TarBase"
"ENSG00000138073",-0.265412096969739,0.555765595463138,1.38271549723663,"TarBase"
"ENSG00000138081",0.102590312874625,0.782608695652174,2.43226884662033,"TarBase"
"ENSG00000138092",0.0611107574519654,0.718336483931947,2.00950107007764,"TarBase"
"ENSG00000138095",-0.131183096096956,0.956521739130435,7.49696632930048,"TarBase"
"ENSG00000138160",-0.0247562740732828,0.763705103969754,2.86651200988519,"TarBase"
"ENSG00000138180",-0.056313178275993,0.525519848771267,1.24277446364817,"TarBase"
"ENSG00000138231",-0.10916002818251,0.833648393194707,3.59604151953045,"TarBase"
"ENSG00000138246",0.0876082754133415,0.674858223062382,1.66386861048139,"TarBase"
"ENSG00000138279",-0.171382404151793,0.784499054820416,2.82909457277075,"TarBase"
"ENSG00000138336",-0.0213008742330271,0.880907372400756,3.89667211938201,"TarBase"
"ENSG00000138346",0.00325530003882421,0.918714555765595,5.95594068081586,"TarBase"
"ENSG00000138363",-0.528098929966391,0.890359168241966,7.31846561748055,"TarBase"
"ENSG00000138376",-0.0427562755554032,0.697542533081285,2.03578114919536,"TarBase"
"ENSG00000138382",-0.340564024739983,0.939508506616257,7.28640980636508,"TarBase"
"ENSG00000138386",-0.0417788711157655,0.313799621928166,0.481582307607392,"TarBase"
"ENSG00000138398",-0.0153761667429413,0.967863894139887,8.91689266186058,"TarBase"
"ENSG00000138434",-0.072363466683905,0.398865784499055,0.66344339677852,"TarBase"
"ENSG00000138587",0.0439664909554266,0.368620037807183,0.613248547228357,"TarBase"
"ENSG00000138600",0.0782615254342933,0.657844990548204,1.5288810802863,"TarBase"
"ENSG00000138604",0.132100197299993,0.752362948960302,2.17677627573647,"TarBase"
"ENSG00000138617",-0.0551956158424945,0.353497164461248,0.933372001350564,"TarBase"
"ENSG00000138640",-0.107926060408871,0.886578449905482,4.69523836082266,"TarBase"
"ENSG00000138668",-0.480123353296281,0.992438563327032,16.7755934188466,"TarBase"
"ENSG00000138678",-0.161139662606206,0.272211720226843,0.586127691546164,"TarBase"
"ENSG00000138735",-0.0365054408305421,0.408317580340265,1.04942461407141,"TarBase"
"ENSG00000138744",-0.205032131897976,0.398865784499055,0.713181579523737,"TarBase"
"ENSG00000138757",-0.2122626783345,0.911153119092628,5.24140535079113,"TarBase"
"ENSG00000138758",-0.206874893704327,0.748582230623819,2.29663091763022,"TarBase"
"ENSG00000138759",-0.237510724297949,0.775047258979206,2.46093567863462,"TarBase"
"ENSG00000138764",0.0107199500239588,0.340264650283554,0.631795192156209,"TarBase"
"ENSG00000138768",-0.11063483089089,0.888468809073724,5.12992117965809,"TarBase"
"ENSG00000138778",-0.292133442688697,0.733459357277883,3.54965548813619,"TarBase"
"ENSG00000138780",0.019381261569043,0.436672967863894,0.677965896612713,"TarBase"
"ENSG00000138794",-0.0437041038834112,0.688090737240076,2.18818338515664,"TarBase"
"ENSG00000138796",-0.4281578426421,0.742911153119093,3.18967704688761,"TarBase"
"ENSG00000138801",-0.0118654167061503,0.712665406427221,1.87092930396424,"TarBase"
"ENSG00000138867",-0.141360467360925,0.67296786389414,1.79604216431949,"TarBase"
"ENSG00000139112",0.0130005925113951,0.43289224952741,0.758323260710012,"TarBase"
"ENSG00000139116",-0.0341184508521646,0.731568998109641,2.07351590936088,"TarBase"
"ENSG00000139117",-0.046168584734756,0.680529300567108,1.97197850399534,"TarBase"
"ENSG00000139132",0.0777623187633662,0.693761814744801,2.6536261285665,"TarBase"
"ENSG00000139146",-0.235906011581858,0.67296786389414,1.9500272526806,"TarBase"
"ENSG00000139218",-0.0353757685554721,0.888468809073724,3.73693901573955,"TarBase"
"ENSG00000139263",-0.262915139646707,0.361058601134216,0.667308425194589,"TarBase"
"ENSG00000139291",0.0501277357678716,0.655954631379962,1.48316940001907,"TarBase"
"ENSG00000139343",-0.535842096918093,1,65.2230554718857,"TarBase"
"ENSG00000139370",-0.174914725270176,0.372400756143667,0.629167139056811,"TarBase"
"ENSG00000139433",-0.18772750492997,0.489603024574669,1.00244519816531,"TarBase"
"ENSG00000139436",-0.0322056522064583,0.472589792060492,0.870008642029693,"TarBase"
"ENSG00000139505",-0.0706032016428323,0.334593572778828,0.555509653973159,"TarBase"
"ENSG00000139514",-0.269857729365734,0.775047258979206,3.96015216507858,"TarBase"
"ENSG00000139517",-0.00290088340853244,0.342155009451796,0.601649183651788,"TarBase"
"ENSG00000139579",-0.224856418248333,0.941398865784499,6.46047134994969,"TarBase"
"ENSG00000139618",0.0275865403257577,0.739130434782609,2.11703412003439,"TarBase"
"ENSG00000139620",0.0513301661562217,0.761814744801512,2.4302406303038,"TarBase"
"ENSG00000139641",-0.262447255754139,0.631379962192817,1.86070319314853,"TarBase"
"ENSG00000139645",-0.0368649249837517,0.563327032136106,1.25674848393624,"TarBase"
"ENSG00000139651",-0.00763857269425479,0.347826086956522,0.569764258826153,"TarBase"
"ENSG00000139722",-0.00373377351329088,0.46124763705104,0.792374443330837,"TarBase"
"ENSG00000139726",-0.375142456118522,0.984877126654064,11.318279106543,"TarBase"
"ENSG00000139734",0.0176612375589073,0.941398865784499,7.43534355989393,"TarBase"
"ENSG00000139793",0.0151579760685977,0.669187145557656,1.79007270747365,"TarBase"
"ENSG00000139835",0.0511820321312466,0.621928166351607,1.57731614417415,"TarBase"
"ENSG00000139921",-0.361573740627279,0.873345935727788,4.79131852340632,"TarBase"
"ENSG00000139926",-0.104658716682066,0.274102079395085,0.449860964011289,"TarBase"
"ENSG00000139971",-0.00699609484240818,0.474480151228733,0.895622720600092,"TarBase"
"ENSG00000139973",0.0499176193093901,0.325141776937618,0.70355531472983,"TarBase"
"ENSG00000139974",0.169317960440875,0.68241965973535,1.64686255932361,"TarBase"
"ENSG00000139990",0.144025862051067,0.591682419659735,1.20353308617775,"TarBase"
"ENSG00000140105",-0.15420688605025,0.937618147448015,6.54115427121314,"TarBase"
"ENSG00000140157",-0.125158550438518,0.587901701323251,1.2722165229725,"TarBase"
"ENSG00000140262",-0.00974334088630603,0.839319470699433,4.08137456401239,"TarBase"
"ENSG00000140263",-0.431068193389124,0.612476370510397,1.97580688712376,"TarBase"
"ENSG00000140320",-0.0301961766971118,0.33648393194707,0.524994368511125,"TarBase"
"ENSG00000140350",-0.428924336647484,1,32.2991474159371,"TarBase"
"ENSG00000140396",0.0272343471075044,0.899810964083176,5.5656661526791,"TarBase"
"ENSG00000140416",-0.181467355339557,0.614366729678639,1.71561067500854,"TarBase"
"ENSG00000140443",-0.0168746966751723,0.947069943289225,8.45200917963757,"TarBase"
"ENSG00000140471",-0.0145039800831644,0.629489603024575,1.27059456850738,"TarBase"
"ENSG00000140479",-0.149726094189849,0.848771266540643,3.88773739587868,"TarBase"
"ENSG00000140497",-0.0789344217627309,0.761814744801512,3.05779939275967,"TarBase"
"ENSG00000140525",-0.092790632751739,0.954631379962193,7.35153898352946,"TarBase"
"ENSG00000140534",-0.0977595905601805,0.584120982986768,1.23772008832527,"TarBase"
"ENSG00000140575",-0.147788638447935,0.775047258979206,2.84351528441092,"TarBase"
"ENSG00000140577",0.0101807963820075,0.716446124763705,2.45288899831399,"TarBase"
"ENSG00000140612",-0.22599361075405,0.996219281663516,21.2297259311288,"TarBase"
"ENSG00000140650",-0.109504861254105,0.820415879017013,3.93765292774695,"TarBase"
"ENSG00000140694",-0.198716150514748,0.814744801512287,3.06567999847147,"TarBase"
"ENSG00000140905",-0.332391569224029,0.589792060491493,1.2663278490363,"TarBase"
"ENSG00000140931",-0.12990986855354,0.268431001890359,0.401288293631964,"TarBase"
"ENSG00000140988",-0.0843360670594639,1,73.9968340770081,"TarBase"
"ENSG00000141034",-0.0921463111733935,0.427221172022684,0.673177017411246,"TarBase"
"ENSG00000141076",-0.202459642414433,0.905482041587902,5.79013153402615,"TarBase"
"ENSG00000141084",0.0700853766786986,0.862003780718336,4.79486093558251,"TarBase"
"ENSG00000141101",-0.341375733721846,0.880907372400756,5.10498995864154,"TarBase"
"ENSG00000141198",-0.111674090944703,0.75992438563327,2.41657996298379,"TarBase"
"ENSG00000141232",-0.103538524736525,0.429111531190926,0.800762829816858,"TarBase"
"ENSG00000141295",-0.20848077284397,0.572778827977316,1.32563631592262,"TarBase"
"ENSG00000141378",-0.354557556523294,0.911153119092628,5.92396302077972,"TarBase"
"ENSG00000141391",-0.224545937785468,0.391304347826087,0.725754258902489,"TarBase"
"ENSG00000141401",-0.173168997546665,0.294896030245747,0.598873507310009,"TarBase"
"ENSG00000141448",-0.130365707194468,0.323251417769376,0.670437548621622,"TarBase"
"ENSG00000141480",-0.147852125683458,0.606805293005671,1.28415531234764,"TarBase"
"ENSG00000141499",-0.0728048169071231,0.720226843100189,2.02333384564762,"TarBase"
"ENSG00000141522",-0.434047917470809,0.763705103969754,4.17553189295333,"TarBase"
"ENSG00000141524",-0.0133478494861112,0.283553875236295,0.369015624959214,"TarBase"
"ENSG00000141542",-0.0708705704380578,0.597353497164461,1.41043868321435,"TarBase"
"ENSG00000141543",-0.228631245463707,0.727788279773157,2.43091047762375,"TarBase"
"ENSG00000141562",-0.0275131964612632,0.805293005671078,2.68156799623618,"TarBase"
"ENSG00000141564",0.00561507850062153,0.931947069943289,7.06783843893546,"TarBase"
"ENSG00000141569",-0.219977316713305,0.572778827977316,1.41071207657404,"TarBase"
"ENSG00000141577",0.0412118743332912,0.635160680529301,1.45786117506066,"TarBase"
"ENSG00000141682",-0.123672438419141,0.76937618147448,4.95476845270706,"TarBase"
"ENSG00000141736",0.0641156257091218,0.410207939508507,0.754621493430296,"TarBase"
"ENSG00000141759",-0.217405481351231,0.691871455576559,1.99233602198119,"TarBase"
"ENSG00000141873",-0.118840078751838,0.459357277882798,0.863602867671609,"TarBase"
"ENSG00000141905",-0.00282939832148962,0.765595463137996,3.31275932611385,"TarBase"
"ENSG00000141965",-0.0168368406525309,0.582230623818526,1.84474219204801,"TarBase"
"ENSG00000141971",-0.0678287549643847,0.758034026465028,2.20057481592141,"TarBase"
"ENSG00000141994",-0.229445215128495,0.563327032136106,1.3967149388999,"TarBase"
"ENSG00000142173",0.0681046620749072,0.283553875236295,0.382467169583924,"TarBase"
"ENSG00000142188",-0.00903634852061957,0.714555765595463,2.14497624683606,"TarBase"
"ENSG00000142208",-0.0370677211220001,0.47069943289225,0.791720931907929,"TarBase"
"ENSG00000142227",0.236272753124432,0.689981096408318,2.28913838657503,"TarBase"
"ENSG00000142494",-0.150009094783604,0.519848771266541,1.24563432291912,"TarBase"
"ENSG00000142534",0.120400151553036,1,136.882736965262,"TarBase"
"ENSG00000142541",0.194128398229752,1,321.109342794766,"TarBase"
"ENSG00000142546",0.184107379107297,0.973534971644612,8.65154997912543,"TarBase"
"ENSG00000142634",-0.2609915763016,0.56710775047259,1.36298366198855,"TarBase"
"ENSG00000142676",0.068085660534836,1,382.932392219886,"TarBase"
"ENSG00000142731",0.00915036860288914,0.635160680529301,1.42306469652033,"TarBase"
"ENSG00000142794",-0.130084020909389,0.398865784499055,0.634849837043165,"TarBase"
"ENSG00000142856",-0.0794187095048095,0.89413988657845,4.37943695446595,"TarBase"
"ENSG00000142871",-0.0944529519944765,0.224952741020794,0.473591469491738,"TarBase"
"ENSG00000142937",0.0605142508160517,1,498.403747277425,"TarBase"
"ENSG00000142945",-0.108998470808125,0.746691871455577,3.15403483382117,"TarBase"
"ENSG00000142949",0.0694971935066688,0.899810964083176,3.9388462845693,"TarBase"
"ENSG00000143033",0.0814051564096154,0.979206049149338,7.86386655729658,"TarBase"
"ENSG00000143147",0.0135536137213065,0.463137996219282,0.841198816534192,"TarBase"
"ENSG00000143149",-0.312998476504879,0.795841209829868,3.31307603780544,"TarBase"
"ENSG00000143155",-0.125141993129381,0.841209829867675,3.14027877018432,"TarBase"
"ENSG00000143156",-0.022268501106166,0.826086956521739,2.73521444516945,"TarBase"
"ENSG00000143158",-0.0655787137041525,0.911153119092628,5.62064105953953,"TarBase"
"ENSG00000143179",-0.418271348905784,0.863894139886578,5.63073157994515,"TarBase"
"ENSG00000143228",0.0378352090973064,0.79773156899811,3.21804550861749,"TarBase"
"ENSG00000143248",0.117495787243434,0.33648393194707,0.560377098693689,"TarBase"
"ENSG00000143256",-0.312924120125412,0.994328922495274,15.4742507962906,"TarBase"
"ENSG00000143294",0.00769177017171627,0.948960302457467,6.54094895832293,"TarBase"
"ENSG00000143315",-0.126283007425181,0.75992438563327,2.37681330556813,"TarBase"
"ENSG00000143319",-0.181063450648907,0.844990548204159,3.4012859406246,"TarBase"
"ENSG00000143321",-0.368627480085593,0.939508506616257,6.96098300610292,"TarBase"
"ENSG00000143337",-0.119954791173387,0.691871455576559,1.67108751176038,"TarBase"
"ENSG00000143368",-0.0452702637095478,0.886578449905482,3.58342347135883,"TarBase"
"ENSG00000143375",-0.0843287346513265,0.277882797731569,0.41275872847488,"TarBase"
"ENSG00000143384",-0.0100796121307616,0.897920604914934,4.4218129787858,"TarBase"
"ENSG00000143401",-0.314386593757776,0.979206049149338,12.5316409242169,"TarBase"
"ENSG00000143416",0.321464490162139,0.485822306238185,1.00179968621939,"TarBase"
"ENSG00000143418",-0.202814627113134,0.434782608695652,1.00348687698476,"TarBase"
"ENSG00000143420",-0.167649742920806,0.998109640831758,23.768836437032,"TarBase"
"ENSG00000143442",0.29459060950464,0.956521739130435,5.97029417269558,"TarBase"
"ENSG00000143476",-0.0304650984507524,0.854442344045369,4.56062078538575,"TarBase"
"ENSG00000143498",-0.136210711065592,0.546313799621928,1.20373835194628,"TarBase"
"ENSG00000143514",0.0135272647637134,0.790170132325142,3.22195898138889,"TarBase"
"ENSG00000143515",-0.026151645723351,0.629489603024575,1.57354482055681,"TarBase"
"ENSG00000143537",-0.0991487788605406,0.540642722117202,1.0139224467167,"TarBase"
"ENSG00000143621",-0.467803654846917,1,31.8831100579855,"TarBase"
"ENSG00000143622",0.292325638632907,0.80718336483932,2.80960680668448,"TarBase"
"ENSG00000143633",-0.212837390806097,0.869565217391304,3.58471883358709,"TarBase"
"ENSG00000143674",-0.21808451177583,0.648393194706994,1.99944916486976,"TarBase"
"ENSG00000143742",-0.266069922560112,0.998109640831758,36.8151875573896,"TarBase"
"ENSG00000143751",-0.221039216822095,0.816635160680529,3.68020883745737,"TarBase"
"ENSG00000143753",-0.193363365397951,0.956521739130435,7.8935140319697,"TarBase"
"ENSG00000143774",-0.0396722103631896,0.977315689981096,10.6110061292914,"TarBase"
"ENSG00000143799",-0.450852672232714,1,47.2903908919557,"TarBase"
"ENSG00000143815",-0.338903503219414,0.882797731568998,4.58620937859383,"TarBase"
"ENSG00000143850",0.0628716687874959,0.274102079395085,4.02832138954915,"TarBase"
"ENSG00000143878",-0.224991893406941,0.425330812854442,1.02546392959961,"TarBase"
"ENSG00000143924",0.0992761851708325,0.89413988657845,4.42805147317926,"TarBase"
"ENSG00000143942",-0.146275219045311,0.693761814744801,1.9009205700232,"TarBase"
"ENSG00000143952",0.0489501705798851,0.761814744801512,2.42667849683713,"TarBase"
"ENSG00000143977",-0.510266997128403,0.994328922495274,24.0480313478924,"TarBase"
"ENSG00000143995",-0.0696291260091453,0.64461247637051,1.86111343753386,"TarBase"
"ENSG00000144034",0.0525867403130049,0.86578449905482,3.39309712398492,"TarBase"
"ENSG00000144043",-0.29542332509629,0.459357277882798,0.918723528670405,"TarBase"
"ENSG00000144228",-0.0071834321811924,0.402646502835539,0.729943811633906,"TarBase"
"ENSG00000144320",-0.0246546471741883,0.688090737240076,1.62672253491177,"TarBase"
"ENSG00000144354",-0.335633490701958,0.710775047258979,2.97727227798442,"TarBase"
"ENSG00000144369",-0.0581408891006058,0.270321361058601,0.375844283631443,"TarBase"
"ENSG00000144395",-0.0111889947941117,0.790170132325142,2.69976241849357,"TarBase"
"ENSG00000144401",-0.0221344910495825,0.621928166351607,1.26184347746378,"TarBase"
"ENSG00000144451",0.00992547174296073,0.831758034026465,2.85083413529492,"TarBase"
"ENSG00000144455",0.0950909835073483,0.795841209829868,2.85691803366887,"TarBase"
"ENSG00000144554",-0.0901843587479136,0.918714555765595,4.97986209545483,"TarBase"
"ENSG00000144560",0.157379816089029,0.914933837429111,5.33145264801099,"TarBase"
"ENSG00000144580",-0.109641458641575,0.843100189035917,3.11644365052515,"TarBase"
"ENSG00000144591",-0.0255141954197562,0.676748582230624,1.88716138758099,"TarBase"
"ENSG00000144597",-0.0241199679480187,0.474480151228733,0.796203734067118,"TarBase"
"ENSG00000144635",-0.128550796279535,0.939508506616257,6.16452629652353,"TarBase"
"ENSG00000144645",-0.0963867380614719,0.504725897920605,1.42241262605229,"TarBase"
"ENSG00000144647",-0.13056283659753,0.561436672967864,1.10013687546544,"TarBase"
"ENSG00000144677",-0.107778454329473,0.593572778827977,1.5798776664286,"TarBase"
"ENSG00000144724",-0.115067354888835,0.897920604914934,6.40918717516621,"TarBase"
"ENSG00000144746",0.0693485287670207,0.956521739130435,6.40835958788694,"TarBase"
"ENSG00000144749",-0.0897286451669597,0.550094517958412,1.30531032856963,"TarBase"
"ENSG00000144791",-0.126462831455165,0.809073724007561,3.24334770272593,"TarBase"
"ENSG00000144840",-0.0198231339755159,0.657844990548204,1.70034521471952,"TarBase"
"ENSG00000144848",-0.286395363766935,0.933837429111531,5.65778778169735,"TarBase"
"ENSG00000144867",-0.485499534246712,0.901701323251418,6.97915844388115,"TarBase"
"ENSG00000144868",-0.0556859188005881,0.453686200378072,1.04299440546932,"TarBase"
"ENSG00000144895",0.0335499970203096,0.920604914933837,4.51645621956636,"TarBase"
"ENSG00000144909",-0.0131653409128426,0.56710775047259,1.30095543015512,"TarBase"
"ENSG00000144935",-0.0919483334236658,0.637051039697543,1.64424033514024,"TarBase"
"ENSG00000144959",-0.00377827017163022,0.425330812854442,0.776306255535085,"TarBase"
"ENSG00000145012",0.0581125816667843,0.695652173913043,2.33328550033037,"TarBase"
"ENSG00000145014",0.00854255737173168,0.406427221172023,0.790272504949128,"TarBase"
"ENSG00000145022",-0.204950372372637,0.689981096408318,1.96090010038348,"TarBase"
"ENSG00000145050",-0.294879863353979,0.850661625708885,6.40276678789251,"TarBase"
"ENSG00000145216",-0.0746267728917126,0.724007561436673,2.10039043019838,"TarBase"
"ENSG00000145220",-0.463004019405663,0.888468809073724,7.20902004724734,"TarBase"
"ENSG00000145241",0.00246026802650299,0.754253308128544,2.14648633537424,"TarBase"
"ENSG00000145287",-0.0126316905131042,0.306238185255198,0.601603582655215,"TarBase"
"ENSG00000145331",-0.00555196039544744,0.527410207939509,1.11539741143944,"TarBase"
"ENSG00000145332",-0.0487342122717973,0.729678638941399,2.5492596983164,"TarBase"
"ENSG00000145354",0.00177891455623593,0.965973534971645,7.91634112802103,"TarBase"
"ENSG00000145362",0.0202453032666861,0.810964083175803,3.71896118435531,"TarBase"
"ENSG00000145365",-0.0255206603660631,0.291115311909263,0.445944986609728,"TarBase"
"ENSG00000145375",-0.0300995162475248,0.79773156899811,2.77807735049986,"TarBase"
"ENSG00000145386",-0.331231807741081,0.752362948960302,3.6196047236848,"TarBase"
"ENSG00000145414",-0.193489633510488,0.614366729678639,1.5401486448543,"TarBase"
"ENSG00000145431",-0.0300530152166945,0.47069943289225,0.908840361742011,"TarBase"
"ENSG00000145555",-0.0586166809214653,0.705103969754253,2.09114614951898,"TarBase"
"ENSG00000145569",-0.0209934872483783,0.258979206049149,0.963508449112609,"TarBase"
"ENSG00000145592",-0.00703372719611693,1,185.154029855219,"TarBase"
"ENSG00000145604",-0.417664312860759,0.678638941398866,2.22879388680894,"TarBase"
"ENSG00000145675",-0.0935669260462229,0.366729678638941,0.651165169409213,"TarBase"
"ENSG00000145703",-0.193326703184755,0.53875236294896,1.51235442052876,"TarBase"
"ENSG00000145725",-0.0558521471692355,0.680529300567108,1.5143483268072,"TarBase"
"ENSG00000145730",-0.0654714233493327,0.695652173913043,1.98486103955469,"TarBase"
"ENSG00000145782",-0.0227876440438371,0.761814744801512,2.22403146753644,"TarBase"
"ENSG00000145860",-0.0732119366596212,0.640831758034026,1.59960123142288,"TarBase"
"ENSG00000145901",-0.00146917025656024,0.669187145557656,1.57952702363207,"TarBase"
"ENSG00000145907",-0.546314915735495,0.914933837429111,9.01898827191436,"TarBase"
"ENSG00000145919",-0.193840846792421,0.710775047258979,2.00986595906183,"TarBase"
"ENSG00000145920",0.237298853792046,0.389413988657845,1.03025591489765,"TarBase"
"ENSG00000145990",-0.233229491422998,0.648393194706994,2.25962269537061,"TarBase"
"ENSG00000146072",-0.250441187774009,0.247637051039698,0.454151482710195,"TarBase"
"ENSG00000146109",-0.291160086896319,0.935727788279773,5.71991929607656,"TarBase"
"ENSG00000146143",0.0719102049868131,0.926275992438563,6.89944480558851,"TarBase"
"ENSG00000146247",0.0427846333872933,0.782608695652174,2.4692948908318,"TarBase"
"ENSG00000146281",-0.284762210853199,0.489603024574669,0.983916298065986,"TarBase"
"ENSG00000146373",-0.0664091859582024,0.468809073724008,1.04327077410664,"TarBase"
"ENSG00000146376",-0.0672228821479372,0.429111531190926,0.782138751688483,"TarBase"
"ENSG00000146409",-0.191162540459897,0.801512287334594,2.99020217113932,"TarBase"
"ENSG00000146410",-0.126042177251146,0.521739130434783,1.12388476855267,"TarBase"
"ENSG00000146425",-0.386011710503255,0.998109640831758,17.7048864045151,"TarBase"
"ENSG00000146457",-0.0896232342817138,0.775047258979206,2.49591470458882,"TarBase"
"ENSG00000146463",0.105676525804836,0.947069943289225,7.69932609028519,"TarBase"
"ENSG00000146535",-0.144417632398607,0.621928166351607,1.60297354655031,"TarBase"
"ENSG00000146670",-0.0233344991811499,0.829867674858223,3.79643050938013,"TarBase"
"ENSG00000146729",-0.248840363537439,0.812854442344045,2.83326221045837,"TarBase"
"ENSG00000146757",0.0412559631164172,0.610586011342155,1.30755339808548,"TarBase"
"ENSG00000146830",-0.000688470990704419,0.684310018903592,1.71582119702824,"TarBase"
"ENSG00000146833",-0.0888418240628532,0.512287334593573,1.15656683631636,"TarBase"
"ENSG00000146842",-0.0959590006195773,0.65406427221172,1.32210602018063,"TarBase"
"ENSG00000146909",-0.148239895127614,0.631379962192817,1.50114326082264,"TarBase"
"ENSG00000146918",0.0635228196408358,0.905482041587902,5.04172651636425,"TarBase"
"ENSG00000147050",0.17362137557931,0.982986767485822,13.5685689903858,"TarBase"
"ENSG00000147065",-0.116493007352312,0.697542533081285,1.7435297314817,"TarBase"
"ENSG00000147119",-0.0337969689835484,0.313799621928166,0.501066225852066,"TarBase"
"ENSG00000147140",-0.129134391934818,1,34.9771033105333,"TarBase"
"ENSG00000147155",-0.0782765549294022,0.801512287334594,2.62458831010297,"TarBase"
"ENSG00000147164",-0.0329485107168749,0.829867674858223,2.78460268607212,"TarBase"
"ENSG00000147180",-0.0711471404154918,0.523629489603025,1.26691674265093,"TarBase"
"ENSG00000147224",-0.513853693143651,0.965973534971645,12.2464502411487,"TarBase"
"ENSG00000147324",-0.160072564916864,0.311909262759924,0.541175211736001,"TarBase"
"ENSG00000147400",-0.334904941110673,0.693761814744801,1.9021437118147,"TarBase"
"ENSG00000147403",-0.0744420763608117,1,377.63454439702,"TarBase"
"ENSG00000147419",-0.0927557380746074,0.657844990548204,1.6199570156946,"TarBase"
"ENSG00000147471",-0.213105462896442,0.659735349716446,1.62608852661029,"TarBase"
"ENSG00000147533",0.0244364101168244,0.860113421550095,2.92263733277349,"TarBase"
"ENSG00000147535",-0.16400142867195,0.43289224952741,0.972755637201684,"TarBase"
"ENSG00000147601",-0.141906404135233,0.695652173913043,1.70153202764044,"TarBase"
"ENSG00000147604",-0.0311327745909722,1,198.928006948246,"TarBase"
"ENSG00000147649",-0.261665222061721,0.930056710775047,7.05633571750879,"TarBase"
"ENSG00000147789",0.0101031235862084,0.612476370510397,1.45208479972585,"TarBase"
"ENSG00000147853",0.00963074849909675,0.540642722117202,0.982970153645029,"TarBase"
"ENSG00000147862",-0.0894071177959374,0.493383742911153,1.19115054692359,"TarBase"
"ENSG00000147874",-0.103678782799478,0.933837429111531,5.92106026681956,"TarBase"
"ENSG00000147889",-0.446261568409147,0.926275992438563,7.28994914917698,"TarBase"
"ENSG00000147894",-0.0367399376595813,0.268431001890359,0.364047614664178,"TarBase"
"ENSG00000147905",0.0527684345652072,0.916824196597353,5.28389723197944,"TarBase"
"ENSG00000147955",-0.691719544409343,0.88468809073724,8.90886790227126,"TarBase"
"ENSG00000148019",-0.0816390486239373,0.625708884688091,1.53709112677878,"TarBase"
"ENSG00000148090",-0.0217812203307812,0.66351606805293,1.55680027271608,"TarBase"
"ENSG00000148158",-0.0222338342031705,0.67296786389414,2.06395856430412,"TarBase"
"ENSG00000148175",-0.260307117953646,0.328922495274102,0.572396896685536,"TarBase"
"ENSG00000148180",-0.0152416806804513,0.330812854442344,0.572231458630568,"TarBase"
"ENSG00000148187",-0.109916417472795,0.899810964083176,4.04305623015416,"TarBase"
"ENSG00000148229",-0.317646335787864,0.924385633270321,5.33790965771134,"TarBase"
"ENSG00000148248",-0.317070941885505,0.899810964083176,5.74944296531502,"TarBase"
"ENSG00000148296",-0.131187725612257,0.533081285444234,1.10686759723346,"TarBase"
"ENSG00000148308",-0.162522714463703,0.818525519848771,3.21830084393963,"TarBase"
"ENSG00000148335",-0.228367312037896,0.935727788279773,7.52423874636049,"TarBase"
"ENSG00000148400",0.106300797086457,0.298676748582231,0.439904777837179,"TarBase"
"ENSG00000148411",0.0414530228812347,0.620037807183365,2.05098601897687,"TarBase"
"ENSG00000148426",-0.105829514686925,0.277882797731569,0.419319333546741,"TarBase"
"ENSG00000148459",-0.248603873648842,0.640831758034026,1.88108782011981,"TarBase"
"ENSG00000148468",-0.175507770927951,0.724007561436673,2.45700614723192,"TarBase"
"ENSG00000148484",-0.214827350254314,0.888468809073724,4.05557906522618,"TarBase"
"ENSG00000148516",-0.0233628554129903,0.729678638941399,2.12380088439402,"TarBase"
"ENSG00000148672",-0.232744768323725,0.756143667296786,2.54987922396434,"TarBase"
"ENSG00000148700",-0.031992627955163,0.75992438563327,2.42525816416841,"TarBase"
"ENSG00000148730",0.0947445184162569,0.846880907372401,2.9162956704217,"TarBase"
"ENSG00000148773",-0.110585253326106,0.722117202268431,3.37740689194465,"TarBase"
"ENSG00000148798",-0.0725600003308016,0.293005671077505,0.522636921078054,"TarBase"
"ENSG00000148835",-0.0747314223206366,0.434782608695652,5.38487974645754,"TarBase"
"ENSG00000148840",-0.247764818336375,0.637051039697543,2.06690880658602,"TarBase"
"ENSG00000148842",0.0326892981270932,0.782608695652174,2.7700656944976,"TarBase"
"ENSG00000148843",-0.254274337591936,0.860113421550095,3.78442882920099,"TarBase"
"ENSG00000148908",0.0877101217063149,0.739130434782609,2.03533870043096,"TarBase"
"ENSG00000148926",-0.0666562098066915,0.436672967863894,1.1643004780704,"TarBase"
"ENSG00000148943",0.0724161398365663,0.890359168241966,3.48958533886765,"TarBase"
"ENSG00000149016",-0.0419813581611072,0.381852551984877,0.588448986162004,"TarBase"
"ENSG00000149084",-0.196896605650925,0.88468809073724,4.25041278021805,"TarBase"
"ENSG00000149100",-0.230266613684725,0.998109640831758,24.5428065144384,"TarBase"
"ENSG00000149136",-0.302436399954747,0.973534971644612,9.74478905142522,"TarBase"
"ENSG00000149150",-0.259739989796046,0.480151228733459,1.30208281881282,"TarBase"
"ENSG00000149177",0.0382652704444817,0.782608695652174,4.33093481371812,"TarBase"
"ENSG00000149212",-0.0452581158497552,0.300567107750473,0.460710913242864,"TarBase"
"ENSG00000149257",0.0363826836712155,0.729678638941399,2.48100211490219,"TarBase"
"ENSG00000149273",0.112296125670346,1,553.662847509092,"TarBase"
"ENSG00000149308",0.0166781894350157,0.780718336483932,2.6186575278705,"TarBase"
"ENSG00000149311",0.00288016166135408,0.86578449905482,3.64421180670243,"TarBase"
"ENSG00000149313",-0.223650187606082,0.831758034026465,3.17528138446573,"TarBase"
"ENSG00000149428",-0.182395733806338,0.657844990548204,2.2392652919531,"TarBase"
"ENSG00000149476",-0.16529672934663,0.55765595463138,1.14269824998229,"TarBase"
"ENSG00000149503",-0.132306567139388,0.472589792060492,0.955659224272462,"TarBase"
"ENSG00000149554",0.171147981045835,0.931947069943289,5.72077702721547,"TarBase"
"ENSG00000149636",0.102129197027916,0.899810964083176,5.10848601874479,"TarBase"
"ENSG00000149658",-0.0501685918673761,0.650283553875236,1.63223323702254,"TarBase"
"ENSG00000149792",-0.224765938680389,0.79773156899811,2.9786990597467,"TarBase"
"ENSG00000149806",-0.289839170265013,1,84.1250907030935,"TarBase"
"ENSG00000150054",0.066707576826406,0.599243856332703,1.49650478649125,"TarBase"
"ENSG00000150093",-0.106343130443536,0.544423440453686,1.4700572043009,"TarBase"
"ENSG00000150527",0.0153720271372169,0.724007561436673,2.00987857064347,"TarBase"
"ENSG00000150636",0.0712535090893983,0.325141776937618,0.674279072652114,"TarBase"
"ENSG00000150687",-0.0887661963609392,0.453686200378072,1.12583771784344,"TarBase"
"ENSG00000150712",-0.0270547338420182,0.703213610586011,1.85702668003963,"TarBase"
"ENSG00000150753",-0.427417561020869,1,42.0539188400445,"TarBase"
"ENSG00000150756",-0.0367091780129495,0.739130434782609,2.18782708368879,"TarBase"
"ENSG00000150779",-0.2249739279927,0.988657844990548,13.5596985221395,"TarBase"
"ENSG00000150787",-0.0393698063499929,0.863894139886578,3.70376379733226,"TarBase"
"ENSG00000150893",-0.0432607581931376,0.325141776937618,0.540256241862423,"TarBase"
"ENSG00000150961",-0.0126626654602933,0.499054820415879,1.29583005537054,"TarBase"
"ENSG00000150977",-0.134830618009872,0.534971644612476,1.12369273407609,"TarBase"
"ENSG00000150991",0.350782278217529,1,66.4672556424212,"TarBase"
"ENSG00000151012",0.00547299117021079,0.44234404536862,1.38181170032701,"TarBase"
"ENSG00000151090",0.0216562494894317,0.404536862003781,0.88371514164579,"TarBase"
"ENSG00000151135",-0.222511721066547,0.540642722117202,1.57559431682498,"TarBase"
"ENSG00000151229",-0.0876372943726517,0.603024574669187,1.39221420831115,"TarBase"
"ENSG00000151233",0.0160458966426762,0.510396975425331,1.1423026244835,"TarBase"
"ENSG00000151247",-0.248163211337757,0.965973534971645,8.1958182497087,"TarBase"
"ENSG00000151304",-0.084934097017926,0.848771266540643,3.44313900984367,"TarBase"
"ENSG00000151327",-0.0105568894829586,0.856332703213611,3.24473547536557,"TarBase"
"ENSG00000151338",0.0381477451219596,0.877126654064272,4.83827752428433,"TarBase"
"ENSG00000151353",0.0698965408199564,0.896030245746692,4.14461741328097,"TarBase"
"ENSG00000151468",-0.00660655470628892,0.32703213610586,1.45491618078269,"TarBase"
"ENSG00000151491",-0.0406896873179037,0.652173913043478,1.61142582938957,"TarBase"
"ENSG00000151503",-0.0886318440912321,0.896030245746692,4.19763919169167,"TarBase"
"ENSG00000151552",-0.302907249931605,0.597353497164461,1.73640467700999,"TarBase"
"ENSG00000151725",-0.0383264227386382,0.905482041587902,5.99726101985164,"TarBase"
"ENSG00000151726",-0.0618346550646244,0.323251417769376,0.450319996162864,"TarBase"
"ENSG00000151835",-0.136689236321216,0.625708884688091,1.40970349917848,"TarBase"
"ENSG00000151849",0.0171394782656185,0.5765595463138,1.10065384901234,"TarBase"
"ENSG00000151881",0.0988620395736511,0.652173913043478,1.72886160893135,"TarBase"
"ENSG00000151893",-0.0113846345732111,0.75992438563327,2.55280962333919,"TarBase"
"ENSG00000152137",-0.0359453492459892,0.330812854442344,0.63547374584093,"TarBase"
"ENSG00000152147",-0.306897546465285,0.827977315689981,3.90316767808724,"TarBase"
"ENSG00000152193",0.0564711707739092,0.801512287334594,2.77964262846957,"TarBase"
"ENSG00000152240",-0.110315930557765,0.91304347826087,4.32711423361263,"TarBase"
"ENSG00000152253",-0.206077836243005,0.66351606805293,2.1497884172227,"TarBase"
"ENSG00000152270",-0.103745089949594,0.659735349716446,1.94624424715542,"TarBase"
"ENSG00000152291",-0.0223857071015989,0.771266540642722,2.28411799109415,"TarBase"
"ENSG00000152332",0.0657153244468612,0.5765595463138,1.31158740559514,"TarBase"
"ENSG00000152558",-0.222901490137943,0.612476370510397,1.72181627310464,"TarBase"
"ENSG00000152601",-0.0875469222670579,0.790170132325142,3.01749744320349,"TarBase"
"ENSG00000152661",-0.381527863462173,0.440453686200378,0.921718471246822,"TarBase"
"ENSG00000152683",0.0412499945978235,0.795841209829868,2.5367804686046,"TarBase"
"ENSG00000152700",0.0324688038607638,0.958412098298677,7.24427227455149,"TarBase"
"ENSG00000152767",0.0485563309906745,0.831758034026465,3.76886460295746,"TarBase"
"ENSG00000152795",-0.508308626388451,0.994328922495274,29.1448051406453,"TarBase"
"ENSG00000152904",-0.169110587119225,0.665406427221172,1.68431418625659,"TarBase"
"ENSG00000152952",-0.209350802027993,0.521739130434783,1.24685994736811,"TarBase"
"ENSG00000153006",-0.0789942828452332,0.91304347826087,4.33935616023252,"TarBase"
"ENSG00000153015",-0.186328395695058,0.918714555765595,5.23131197011066,"TarBase"
"ENSG00000153037",-0.0935132305018693,0.935727788279773,7.01415806912609,"TarBase"
"ENSG00000153044",-0.00435088901743154,0.793950850661626,2.98466603962574,"TarBase"
"ENSG00000153094",-0.0978257633251078,0.368620037807183,0.593757168366719,"TarBase"
"ENSG00000153130",-0.0787492469693148,0.856332703213611,3.16423391350433,"TarBase"
"ENSG00000153132",0.0510216075163977,0.705103969754253,1.67676528229664,"TarBase"
"ENSG00000153179",0.00043157945165144,0.637051039697543,1.99418563302179,"TarBase"
"ENSG00000153187",-0.462202710628583,0.984877126654064,16.2044138048742,"TarBase"
"ENSG00000153207",-0.109970437766961,0.89413988657845,5.66712630785934,"TarBase"
"ENSG00000153214",-0.0795977997490478,0.378071833648393,0.669935326362216,"TarBase"
"ENSG00000153250",-0.122671881244301,0.631379962192817,1.66676608914538,"TarBase"
"ENSG00000153339",0.198503388664554,0.947069943289225,7.57987998320219,"TarBase"
"ENSG00000153391",-0.252160320153205,0.561436672967864,1.42539276095653,"TarBase"
"ENSG00000153551",-0.208315110464446,0.604914933837429,1.81265094052493,"TarBase"
"ENSG00000153574",-0.251064878670452,0.417769376181474,0.982154708885897,"TarBase"
"ENSG00000153721",-0.130964184290751,0.257088846880907,0.528867020798047,"TarBase"
"ENSG00000153767",-0.183022823672282,0.446124763705104,0.736901020269858,"TarBase"
"ENSG00000153786",-0.115929644127385,0.650283553875236,1.80356303231451,"TarBase"
"ENSG00000153814",0.135952951574719,0.841209829867675,3.29335210357709,"TarBase"
"ENSG00000153827",0.172993330878245,0.939508506616257,5.32957894143912,"TarBase"
"ENSG00000153879",-0.00179172912843604,0.733459357277883,2.79655478039766,"TarBase"
"ENSG00000153922",-0.0548480129946395,0.810964083175803,3.16613535237182,"TarBase"
"ENSG00000153936",0.118315394112691,0.846880907372401,3.57417583868049,"TarBase"
"ENSG00000153956",-0.0446776886364995,0.629489603024575,1.43584297437582,"TarBase"
"ENSG00000153975",-0.00203058442118812,0.848771266540643,3.13572502345128,"TarBase"
"ENSG00000153989",-0.185521152016636,0.648393194706994,1.71258388385752,"TarBase"
"ENSG00000154001",0.0800300465240528,0.941398865784499,6.53941866619637,"TarBase"
"ENSG00000154059",-0.316425211155618,0.603024574669187,1.40470493590349,"TarBase"
"ENSG00000154079",0.00542984770043628,0.627599243856333,1.47598865417814,"TarBase"
"ENSG00000154102",0.0820419596547681,0.521739130434783,1.60640080096553,"TarBase"
"ENSG00000154144",0.075079797939947,0.572778827977316,1.20641168956093,"TarBase"
"ENSG00000154153",0.0130498159281053,0.391304347826087,0.660555597800358,"TarBase"
"ENSG00000154162",0.143529811978424,0.436672967863894,0.952980971974764,"TarBase"
"ENSG00000154174",-0.0777654716513802,0.77882797731569,2.4131589787204,"TarBase"
"ENSG00000154217",-0.137450356415822,0.752362948960302,3.30311981026341,"TarBase"
"ENSG00000154222",0.0217591274453827,0.46124763705104,0.939505713583594,"TarBase"
"ENSG00000154309",0.0466351246809901,0.822306238185255,3.26069395527971,"TarBase"
"ENSG00000154380",-0.175968734798385,0.99054820415879,17.8888293910481,"TarBase"
"ENSG00000154429",0.111564761077217,0.752362948960302,2.07897485683414,"TarBase"
"ENSG00000154582",0.0310815048206765,0.988657844990548,10.9981294000146,"TarBase"
"ENSG00000154639",-0.107633082061584,0.843100189035917,3.64856667076693,"TarBase"
"ENSG00000154640",0.0724759967193503,0.616257088846881,1.69636765359632,"TarBase"
"ENSG00000154727",0.138571847573864,0.746691871455577,2.00446790049977,"TarBase"
"ENSG00000154734",-0.198949288152746,0.319470699432892,1.69312725307685,"TarBase"
"ENSG00000154814",-0.165502376169135,0.771266540642722,2.52726336268181,"TarBase"
"ENSG00000154832",-0.261912894094961,0.650283553875236,1.80695585476045,"TarBase"
"ENSG00000154839",-0.0335108570487791,0.34593572778828,0.583024106269056,"TarBase"
"ENSG00000154845",0.0792000610694112,0.601134215500945,1.32782144998601,"TarBase"
"ENSG00000154920",0.0486381053229879,0.589792060491493,1.26897009633356,"TarBase"
"ENSG00000155034",-0.0467632477032501,0.863894139886578,3.72180183682876,"TarBase"
"ENSG00000155100",-0.274875934636663,0.620037807183365,1.45355580280033,"TarBase"
"ENSG00000155115",-0.490385453284303,0.984877126654064,18.9978574822681,"TarBase"
"ENSG00000155189",-0.132063048022172,0.287334593572779,0.41922692421754,"TarBase"
"ENSG00000155363",-0.0324333860560832,0.618147448015123,1.42649038758062,"TarBase"
"ENSG00000155366",0.298196538582408,0.901701323251418,4.70520544407787,"TarBase"
"ENSG00000155368",-0.419038911466545,0.988657844990548,14.4619704919333,"TarBase"
"ENSG00000155380",-0.375693901836517,0.54820415879017,1.68363600871535,"TarBase"
"ENSG00000155393",-0.0156935051666527,0.593572778827977,1.31509056467338,"TarBase"
"ENSG00000155438",-0.354814792827914,0.829867674858223,4.35262242138929,"TarBase"
"ENSG00000155463",0.0539318157332387,0.960302457466919,7.43480001742203,"TarBase"
"ENSG00000155506",-0.231173060138797,0.933837429111531,6.49133362205406,"TarBase"
"ENSG00000155621",0.104616111808966,0.854442344045369,3.47486427329806,"TarBase"
"ENSG00000155660",-0.267489124502675,0.890359168241966,7.43397931007732,"TarBase"
"ENSG00000155850",-0.155555141598328,0.279773156899811,0.466599385014322,"TarBase"
"ENSG00000156011",0.0523108507596919,0.810964083175803,3.12653510965046,"TarBase"
"ENSG00000156017",-0.182614829792351,0.379962192816635,0.726273023484612,"TarBase"
"ENSG00000156110",0.0936291546678421,0.994328922495274,14.3632711820178,"TarBase"
"ENSG00000156136",0.0459566718746931,0.517958412098299,0.853722075223722,"TarBase"
"ENSG00000156162",0.0542553024187034,0.669187145557656,1.6658116046584,"TarBase"
"ENSG00000156171",0.210420892911417,0.839319470699433,3.00880492725093,"TarBase"
"ENSG00000156374",0.01641349505287,0.837429111531191,3.69582577367638,"TarBase"
"ENSG00000156384",0.0549177651987446,0.406427221172023,0.665520689068705,"TarBase"
"ENSG00000156411",-0.0825668557222424,0.996219281663516,20.4588244668769,"TarBase"
"ENSG00000156471",-0.343843174495907,0.793950850661626,3.55373393716583,"TarBase"
"ENSG00000156482",-0.304503847028082,1,162.351198992249,"TarBase"
"ENSG00000156504",-0.129837972611383,0.593572778827977,1.40238418094885,"TarBase"
"ENSG00000156508",0.226037460575635,1,358.218730106871,"TarBase"
"ENSG00000156531",-0.0642535293409483,0.918714555765595,5.29505826565186,"TarBase"
"ENSG00000156639",0.292738459969194,0.930056710775047,8.28422286651787,"TarBase"
"ENSG00000156650",0.0323330098335714,0.841209829867675,3.9507462279618,"TarBase"
"ENSG00000156675",-0.041665957303869,0.536862003780718,1.30422647628315,"TarBase"
"ENSG00000156697",-0.267755941669789,0.920604914933837,6.58232530278795,"TarBase"
"ENSG00000156802",-0.0354204240219961,0.888468809073724,5.8584198631466,"TarBase"
"ENSG00000156853",-0.101525442165064,0.493383742911153,0.975658074150579,"TarBase"
"ENSG00000156875",-0.159501445358693,0.446124763705104,0.728767704596317,"TarBase"
"ENSG00000156876",0.0746592142851897,0.88468809073724,3.93160790390286,"TarBase"
"ENSG00000156928",-0.254844329301052,0.924385633270321,4.96929488155459,"TarBase"
"ENSG00000156970",-0.39611641727709,0.712665406427221,3.2571923247729,"TarBase"
"ENSG00000156976",0.226296153439998,0.996219281663516,16.5252123307329,"TarBase"
"ENSG00000157020",-0.178631221014989,0.996219281663516,19.3765522133167,"TarBase"
"ENSG00000157107",-0.0194910743910039,0.657844990548204,2.70270690929457,"TarBase"
"ENSG00000157110",0.0157542519987463,0.499054820415879,0.982239194236548,"TarBase"
"ENSG00000157168",-0.0324755591157864,0.332703213610586,0.750000815365317,"TarBase"
"ENSG00000157184",-0.160183193509194,0.408317580340265,0.759028821215552,"TarBase"
"ENSG00000157191",-0.0424819273855836,0.385633270321361,0.750057755832299,"TarBase"
"ENSG00000157212",-0.0558676641492651,0.614366729678639,1.48192963594562,"TarBase"
"ENSG00000157379",-0.190725169404102,0.370510396975425,0.726543807515472,"TarBase"
"ENSG00000157456",-0.32137700269909,0.776937618147448,3.92183747366554,"TarBase"
"ENSG00000157540",0.235774832502908,0.924385633270321,5.42728913690409,"TarBase"
"ENSG00000157557",-0.220350944781687,0.310018903591682,0.466796018082342,"TarBase"
"ENSG00000157654",-0.192985156746142,0.582230623818526,1.68818151933167,"TarBase"
"ENSG00000157741",0.0589341387992339,0.661625708884688,1.50235186720032,"TarBase"
"ENSG00000157764",0.272250931065669,0.924385633270321,5.84226289065196,"TarBase"
"ENSG00000157827",-0.136913065808552,0.827977315689981,4.28843710306437,"TarBase"
"ENSG00000157911",-0.0907887104481548,0.289224952741021,0.420882861855113,"TarBase"
"ENSG00000157933",0.165377446621343,0.863894139886578,4.83608274388076,"TarBase"
"ENSG00000157978",-0.00252868411946688,0.476370510396975,0.975623063390308,"TarBase"
"ENSG00000158019",-0.0316959054296873,0.97164461247637,8.51433162125109,"TarBase"
"ENSG00000158042",-0.240055276353648,0.937618147448015,7.30898811453196,"TarBase"
"ENSG00000158195",0.0028920079386182,0.928166351606805,6.50551720101459,"TarBase"
"ENSG00000158201",0.100983016327547,0.790170132325142,2.83685799018501,"TarBase"
"ENSG00000158402",-0.038871653760765,0.689981096408318,2.50268923249715,"TarBase"
"ENSG00000158411",0.120150671557632,0.803402646502836,2.24598225079183,"TarBase"
"ENSG00000158435",-0.0108047269324002,0.521739130434783,1.09623361022646,"TarBase"
"ENSG00000158470",-0.0380886519473281,0.776937618147448,3.09778889484481,"TarBase"
"ENSG00000158526",-0.140971373760471,0.960302457466919,7.48529367685106,"TarBase"
"ENSG00000158711",0.173016542743334,0.835538752362949,3.69568598599224,"TarBase"
"ENSG00000158717",-0.0837237738836494,0.251417769376181,0.335578477136297,"TarBase"
"ENSG00000158747",-0.0951753691616689,0.243856332703214,0.357733405179554,"TarBase"
"ENSG00000158769",-0.019193606174531,0.245746691871456,0.458913461676312,"TarBase"
"ENSG00000158828",0.0144425107827626,0.328922495274102,0.448691706770092,"TarBase"
"ENSG00000158941",0.0296726896250235,0.650283553875236,1.4529254041544,"TarBase"
"ENSG00000158985",0.0634957498351537,0.831758034026465,3.26028125985629,"TarBase"
"ENSG00000158987",-0.0868003499096454,0.485822306238185,0.869637782281207,"TarBase"
"ENSG00000159055",-0.0962140890885095,0.965973534971645,6.48235984741957,"TarBase"
"ENSG00000159131",-0.348683277678652,0.952741020793951,8.48811370438619,"TarBase"
"ENSG00000159147",0.0968424069182594,0.650283553875236,1.51571778457514,"TarBase"
"ENSG00000159217",-0.100403292921447,0.933837429111531,6.23631715232857,"TarBase"
"ENSG00000159322",-0.100984762569102,0.737240075614367,2.32669975141803,"TarBase"
"ENSG00000159348",0.0309586174064569,0.756143667296786,2.13303252681727,"TarBase"
"ENSG00000159388",0.0920690532394128,0.30812854442344,0.476965155100478,"TarBase"
"ENSG00000159423",-0.0703691403670192,0.412098298676749,0.693780568937589,"TarBase"
"ENSG00000159593",-0.3710230466638,0.943289224952741,7.8752728000928,"TarBase"
"ENSG00000159596",-0.0540182503186219,0.724007561436673,1.93595103653779,"TarBase"
"ENSG00000159658",-0.0201738558963006,0.31758034026465,0.475529759207307,"TarBase"
"ENSG00000159792",-0.0951029316860101,0.686200378071834,2.35542213509168,"TarBase"
"ENSG00000159840",-0.0274142498925258,0.604914933837429,1.48698927568521,"TarBase"
"ENSG00000159873",-0.0425638894768597,0.65406427221172,1.80811523540099,"TarBase"
"ENSG00000160007",0.100704451349083,0.924385633270321,5.61240781560524,"TarBase"
"ENSG00000160014",0.00127931690216598,0.99054820415879,10.7171593899106,"TarBase"
"ENSG00000160072",-0.279497513059411,0.818525519848771,3.96601436925344,"TarBase"
"ENSG00000160094",0.0894510619309306,0.652173913043478,1.78649435347928,"TarBase"
"ENSG00000160113",0.000751919334593137,0.665406427221172,1.73440333796234,"TarBase"
"ENSG00000160193",-0.358377252967572,0.850661625708885,5.3895553684025,"TarBase"
"ENSG00000160200",-0.0974847280771818,0.914933837429111,5.79606265135034,"TarBase"
"ENSG00000160256",-0.150107226525609,0.606805293005671,1.43439996697544,"TarBase"
"ENSG00000160285",-0.00175729645045744,0.784499054820416,2.73340088321605,"TarBase"
"ENSG00000160299",0.216874114043747,0.979206049149338,10.4617221601129,"TarBase"
"ENSG00000160410",0.19929621095089,0.669187145557656,1.75982254025534,"TarBase"
"ENSG00000160446",-0.178051797700905,0.718336483931947,2.16939596447315,"TarBase"
"ENSG00000160447",0.00721957260473158,0.705103969754253,1.89791891261939,"TarBase"
"ENSG00000160551",0.221099221228361,0.962192816635161,8.29756627256267,"TarBase"
"ENSG00000160633",0.0842684365117698,0.967863894139887,8.2054721608778,"TarBase"
"ENSG00000160691",-0.04357392298023,0.53875236294896,1.14423631751366,"TarBase"
"ENSG00000160703",-0.0729589000129014,0.285444234404537,0.437703631685246,"TarBase"
"ENSG00000160746",0.0544974767787001,0.816635160680529,2.83957899035848,"TarBase"
"ENSG00000160789",0.191226153111838,0.843100189035917,3.97389328405764,"TarBase"
"ENSG00000160818",-0.395737171824493,0.818525519848771,4.38045142388004,"TarBase"
"ENSG00000160867",0.0211798467781746,0.241965973534972,0.354748049819503,"TarBase"
"ENSG00000160917",0.0411568832358098,0.638941398865784,1.47548122896596,"TarBase"
"ENSG00000160932",-0.328191172544593,0.716446124763705,2.28897414850021,"TarBase"
"ENSG00000160949",-0.109456389908923,0.499054820415879,1.00266984693391,"TarBase"
"ENSG00000160957",-0.0310663219295481,0.593572778827977,1.46657515621389,"TarBase"
"ENSG00000161011",0.0673726433715571,0.896030245746692,4.97459840928173,"TarBase"
"ENSG00000161021",-0.00819272292821623,0.551984877126654,1.12667879595228,"TarBase"
"ENSG00000161048",0.0362147582468334,0.31758034026465,0.489158637880411,"TarBase"
"ENSG00000161091",-0.117933374244274,0.546313799621928,1.1625594499452,"TarBase"
"ENSG00000161204",-0.0524168233383212,0.680529300567108,1.59750155220891,"TarBase"
"ENSG00000161533",0.240040845924987,0.837429111531191,5.02671466548316,"TarBase"
"ENSG00000161542",-0.00212540630434645,0.846880907372401,3.32586247108445,"TarBase"
"ENSG00000161547",-0.405402835395044,0.911153119092628,5.31303730126352,"TarBase"
"ENSG00000161618",-0.10941282957207,0.347826086956522,0.608308313039579,"TarBase"
"ENSG00000161671",-0.179511423343651,0.699432892249527,1.91850216805494,"TarBase"
"ENSG00000161800",-0.0364577986655311,0.856332703213611,4.9468675597466,"TarBase"
"ENSG00000161847",-0.0835794937362715,0.531190926275992,1.29880144969211,"TarBase"
"ENSG00000161888",-0.0799185877470323,0.924385633270321,7.89803690768401,"TarBase"
"ENSG00000161960",-0.374942659021335,0.914933837429111,5.84632934897043,"TarBase"
"ENSG00000161970",0.130447754249344,1,373.64968159889,"TarBase"
"ENSG00000161981",-0.129877673879859,0.945179584120983,6.60374467913291,"TarBase"
"ENSG00000162062",-0.119241007613465,0.621928166351607,1.46317024351619,"TarBase"
"ENSG00000162104",-0.00360697694676935,0.814744801512287,5.27869566111694,"TarBase"
"ENSG00000162174",-0.189444509512488,0.873345935727788,4.21799362364117,"TarBase"
"ENSG00000162231",0.0855452320585375,0.888468809073724,4.64152935381517,"TarBase"
"ENSG00000162298",-0.286519596266285,0.98109640831758,11.6995162127394,"TarBase"
"ENSG00000162341",-0.0290411921495992,0.291115311909263,0.433802198150207,"TarBase"
"ENSG00000162368",-0.00456471533239567,0.801512287334594,2.91526583593844,"TarBase"
"ENSG00000162378",0.0136827385563289,0.80718336483932,6.65120191579484,"TarBase"
"ENSG00000162385",-0.358338034577462,0.992438563327032,21.0379955715016,"TarBase"
"ENSG00000162407",-0.202506271928322,0.349716446124764,0.766090476278723,"TarBase"
"ENSG00000162408",-0.082118491451577,0.935727788279773,5.88432607435665,"TarBase"
"ENSG00000162413",-0.115892607190538,0.357277882797732,0.707154879591637,"TarBase"
"ENSG00000162437",0.00949411935805662,0.79773156899811,2.70628495702542,"TarBase"
"ENSG00000162441",-0.0584252991121477,0.75992438563327,2.31608744743085,"TarBase"
"ENSG00000162496",-0.0680709641365835,0.251417769376181,0.446356428271587,"TarBase"
"ENSG00000162521",-0.0913237125069981,0.996219281663516,14.4698571573196,"TarBase"
"ENSG00000162599",-0.10127263507252,0.98109640831758,28.9477256692533,"TarBase"
"ENSG00000162607",-0.0366868920302619,0.926275992438563,6.48693440652884,"TarBase"
"ENSG00000162613",-0.311253658424185,0.984877126654064,10.8719053593411,"TarBase"
"ENSG00000162627",-0.142486871821795,0.459357277882798,0.969036699223999,"TarBase"
"ENSG00000162636",-0.038369019166496,0.264650283553875,0.444158935840059,"TarBase"
"ENSG00000162664",-0.154917325921477,0.956521739130435,7.83781437804248,"TarBase"
"ENSG00000162669",0.185734468360658,0.655954631379962,2.53493670351189,"TarBase"
"ENSG00000162670",0.00878662890508801,0.332703213610586,0.658306627616919,"TarBase"
"ENSG00000162688",0.112571118391405,0.65406427221172,1.5343783970403,"TarBase"
"ENSG00000162694",0.0241147128698633,0.476370510396975,0.769813123534202,"TarBase"
"ENSG00000162695",0.00208561637928883,0.695652173913043,2.46817762088263,"TarBase"
"ENSG00000162734",0.00433687098760744,0.699432892249527,2.28657563523184,"TarBase"
"ENSG00000162769",-0.178490690025971,0.786389413988658,2.7812695364195,"TarBase"
"ENSG00000162772",-0.108673071209811,0.483931947069943,4.11930046526413,"TarBase"
"ENSG00000162836",-0.146845078868862,0.482041587901701,0.977843634729149,"TarBase"
"ENSG00000162851",-0.193316067335838,0.601134215500945,1.51842446489253,"TarBase"
"ENSG00000162889",-0.131276878806484,0.65406427221172,1.80220323719645,"TarBase"
"ENSG00000162909",-0.222064568494279,0.793950850661626,3.146250567207,"TarBase"
"ENSG00000162910",-0.316422592192131,0.986767485822306,15.1255603154768,"TarBase"
"ENSG00000162924",-0.0285529775196355,0.46124763705104,0.905060510903124,"TarBase"
"ENSG00000162927",0.0244780825465535,0.468809073724008,0.952465391619199,"TarBase"
"ENSG00000162929",0.108171695132581,0.525519848771267,0.994228202589918,"TarBase"
"ENSG00000162946",0.0375183512731639,0.412098298676749,0.767476763264291,"TarBase"
"ENSG00000162961",-0.280904256086742,0.986767485822306,11.5131210805964,"TarBase"
"ENSG00000163002",-0.180282506812338,0.595463137996219,1.33635451529675,"TarBase"
"ENSG00000163006",-0.145549556623517,0.931947069943289,5.66760335597147,"TarBase"
"ENSG00000163041",0.0389066765367462,1,169.537360003459,"TarBase"
"ENSG00000163104",0.0815043726890765,0.763705103969754,2.19659169756699,"TarBase"
"ENSG00000163110",0.0177639791631197,0.809073724007561,3.02302573528432,"TarBase"
"ENSG00000163191",-0.0547073296515672,0.805293005671078,3.71928409792887,"TarBase"
"ENSG00000163249",-0.048111666823176,0.497164461247637,1.00578349371472,"TarBase"
"ENSG00000163257",-0.116411122915222,0.635160680529301,2.44854007543169,"TarBase"
"ENSG00000163291",-0.136676950757769,0.283553875236295,0.449797188976086,"TarBase"
"ENSG00000163297",-0.109030044010199,0.283553875236295,0.481958202745335,"TarBase"
"ENSG00000163322",0.0932202925888143,0.553875236294896,1.11831622391158,"TarBase"
"ENSG00000163349",0.110179425112307,0.680529300567108,1.75363774504428,"TarBase"
"ENSG00000163378",-0.00465450472247817,0.30812854442344,0.508311789876876,"TarBase"
"ENSG00000163389",-0.121136442260971,0.5765595463138,1.23703454539077,"TarBase"
"ENSG00000163399",-0.468400971833793,0.765595463137996,3.39661496132081,"TarBase"
"ENSG00000163428",-0.282530320720141,0.504725897920605,1.5850663675438,"TarBase"
"ENSG00000163430",-0.174856743072901,0.621928166351607,1.791089107168,"TarBase"
"ENSG00000163468",-0.0443756284311431,1,45.9625676249109,"TarBase"
"ENSG00000163472",-0.0101939219082392,0.224952741020794,0.428783981710372,"TarBase"
"ENSG00000163479",-0.0919873225923334,1,25.0943648637792,"TarBase"
"ENSG00000163482",0.0492280480166502,0.667296786389414,1.86787447384962,"TarBase"
"ENSG00000163507",0.0130783260744769,0.843100189035917,3.34947577602814,"TarBase"
"ENSG00000163510",0.0125823658807062,0.801512287334594,2.69327143431552,"TarBase"
"ENSG00000163513",-0.0167971360810979,0.241965973534972,0.45729269952106,"TarBase"
"ENSG00000163535",-0.0919494852139027,0.56710775047259,1.25439870096684,"TarBase"
"ENSG00000163539",0.224428349611933,0.956521739130435,8.30321929680063,"TarBase"
"ENSG00000163584",-0.259773602441748,0.952741020793951,17.0271982656026,"TarBase"
"ENSG00000163605",0.145204559065433,0.973534971644612,7.70336799939733,"TarBase"
"ENSG00000163607",-0.202341274148858,0.489603024574669,0.94657354757026,"TarBase"
"ENSG00000163655",-0.168062069196528,0.969754253308129,8.68523945039486,"TarBase"
"ENSG00000163660",0.00741815321766891,0.846880907372401,2.83431199598625,"TarBase"
"ENSG00000163683",0.0575835064289524,0.525519848771267,1.26400375058104,"TarBase"
"ENSG00000163694",0.100571693743753,0.593572778827977,1.802216236918,"TarBase"
"ENSG00000163703",-0.000512841970052075,0.521739130434783,1.00493024238806,"TarBase"
"ENSG00000163738",0.0284674605576624,0.674858223062382,1.82427677701411,"TarBase"
"ENSG00000163743",-0.0732928712150881,0.809073724007561,2.79780504312137,"TarBase"
"ENSG00000163755",-0.0696430425985496,0.578449905482042,1.14231113276814,"TarBase"
"ENSG00000163781",0.0731715710256536,0.799621928166352,2.60700563426158,"TarBase"
"ENSG00000163785",0.0477145698295609,0.77882797731569,2.35066105340828,"TarBase"
"ENSG00000163807",-0.0892664809305357,0.669187145557656,1.80293840108725,"TarBase"
"ENSG00000163808",-0.182132877843686,0.536862003780718,1.12628901803118,"TarBase"
"ENSG00000163811",-0.402866154599814,0.873345935727788,5.49416270313129,"TarBase"
"ENSG00000163812",-0.092731212357844,0.614366729678639,1.30955885277464,"TarBase"
"ENSG00000163818",-0.0276025506209071,0.591682419659735,1.33431804375812,"TarBase"
"ENSG00000163848",0.288108362054325,0.941398865784499,5.9033064707634,"TarBase"
"ENSG00000163866",-0.110209164681412,0.805293005671078,3.04456178985392,"TarBase"
"ENSG00000163867",0.05400477823221,0.315689981096408,0.433038719235514,"TarBase"
"ENSG00000163870",-0.0834712396403825,0.686200378071834,2.15001594302861,"TarBase"
"ENSG00000163877",0.0506479787759597,0.65406427221172,1.8149085984823,"TarBase"
"ENSG00000163900",-0.136322615900721,0.499054820415879,1.11661523621244,"TarBase"
"ENSG00000163902",-0.398692891712229,0.943289224952741,7.20883878333736,"TarBase"
"ENSG00000163918",-0.0068073025812557,0.962192816635161,7.22993727679678,"TarBase"
"ENSG00000163931",-0.352435432068574,0.99054820415879,16.7472310109266,"TarBase"
"ENSG00000163933",-0.325364607654141,0.793950850661626,3.21610671296661,"TarBase"
"ENSG00000163946",0.0875974304858788,0.877126654064272,3.86048972347786,"TarBase"
"ENSG00000163947",0.0313020866887105,0.665406427221172,1.79480600371628,"TarBase"
"ENSG00000163950",-0.187007307243582,0.816635160680529,3.85314258175213,"TarBase"
"ENSG00000164010",0.0113421676855153,0.334593572778828,0.625069694463807,"TarBase"
"ENSG00000164022",-0.150163987960146,0.899810964083176,4.49417610448443,"TarBase"
"ENSG00000164024",-0.233754126297133,0.89413988657845,4.77297330325503,"TarBase"
"ENSG00000164032",-0.528620833386051,1,163.647385669354,"TarBase"
"ENSG00000164040",-0.19009316919934,0.555765595463138,1.34664001202031,"TarBase"
"ENSG00000164045",-0.125467926675474,0.841209829867675,4.23353846182641,"TarBase"
"ENSG00000164053",-0.219628829501989,0.349716446124764,0.629577934494537,"TarBase"
"ENSG00000164068",0.057831286414636,0.75047258979206,2.26628982112853,"TarBase"
"ENSG00000164073",0.0269906332901685,0.706994328922495,1.85680554942532,"TarBase"
"ENSG00000164086",-0.151594005822879,0.504725897920605,1.12918218824204,"TarBase"
"ENSG00000164087",-0.195597042496987,0.827977315689981,3.53826291962695,"TarBase"
"ENSG00000164096",0.113219461157505,0.818525519848771,3.62629171424529,"TarBase"
"ENSG00000164104",-0.321210671680839,0.998109640831758,46.1405667771719,"TarBase"
"ENSG00000164109",-0.405939741897505,0.943289224952741,9.7186731490608,"TarBase"
"ENSG00000164111",-0.638633392073435,0.835538752362949,9.77133906805892,"TarBase"
"ENSG00000164114",0.136576541996521,0.553875236294896,1.03583081452422,"TarBase"
"ENSG00000164134",-0.166475225643493,0.947069943289225,6.75598565589834,"TarBase"
"ENSG00000164144",0.0352203823921415,0.826086956521739,3.34806826161906,"TarBase"
"ENSG00000164151",-0.0946894974178154,0.512287334593573,1.01467005171479,"TarBase"
"ENSG00000164163",-0.348976165883386,0.854442344045369,4.17408191728161,"TarBase"
"ENSG00000164164",-0.117074390153049,0.640831758034026,1.51325736616493,"TarBase"
"ENSG00000164167",-0.377068776390027,0.924385633270321,7.27242266265973,"TarBase"
"ENSG00000164182",-0.483931118450139,0.943289224952741,9.03176832990339,"TarBase"
"ENSG00000164211",-0.0726086959336753,0.415879017013232,0.660557011830678,"TarBase"
"ENSG00000164219",-0.00195646009000577,0.659735349716446,1.52643858197628,"TarBase"
"ENSG00000164244",-0.146880620582558,0.531190926275992,1.13574044342989,"TarBase"
"ENSG00000164294",-0.163236379870367,0.640831758034026,1.76236697729941,"TarBase"
"ENSG00000164305",0.0595844865771099,0.627599243856333,1.53959053056398,"TarBase"
"ENSG00000164329",0.167142618779212,0.950850661625709,5.47332739288095,"TarBase"
"ENSG00000164338",-0.233949746524431,0.706994328922495,2.09085380535229,"TarBase"
"ENSG00000164346",-0.271423659665135,0.992438563327032,17.5801909895133,"TarBase"
"ENSG00000164347",0.165535800594536,0.776937618147448,2.1968283491294,"TarBase"
"ENSG00000164402",0.0130603561180307,0.633270321361059,1.53593489943471,"TarBase"
"ENSG00000164414",-0.0809624174048328,0.431001890359168,0.725681729874292,"TarBase"
"ENSG00000164463",0.22949879303695,0.758034026465028,3.13368792770395,"TarBase"
"ENSG00000164466",-0.239303735441453,0.939508506616257,5.60931400539098,"TarBase"
"ENSG00000164494",-0.0674948291701151,0.76937618147448,2.60975480610462,"TarBase"
"ENSG00000164506",0.061970014795726,0.686200378071834,1.6145297939483,"TarBase"
"ENSG00000164542",0.0448570688476379,0.47069943289225,0.77421331057925,"TarBase"
"ENSG00000164609",0.199540521182895,0.907372400756144,5.3583484949665,"TarBase"
"ENSG00000164611",-0.400796925834476,0.91304347826087,10.7219041432359,"TarBase"
"ENSG00000164647",-0.187661477124585,0.344045368620038,0.55858942990875,"TarBase"
"ENSG00000164649",-0.286242985205617,0.667296786389414,1.95203561446251,"TarBase"
"ENSG00000164687",-0.50612972637648,0.799621928166352,4.95102231091549,"TarBase"
"ENSG00000164754",-0.16448029632899,0.756143667296786,2.32484891193889,"TarBase"
"ENSG00000164758",-0.0364378783695009,0.591682419659735,1.38446374497609,"TarBase"
"ENSG00000164815",-0.225884725469095,0.814744801512287,3.23368646826508,"TarBase"
"ENSG00000164818",-0.250945968515858,0.587901701323251,1.49999226286675,"TarBase"
"ENSG00000164828",-0.0375467455126937,0.907372400756144,4.28785998327019,"TarBase"
"ENSG00000164933",-0.240805208750385,0.31758034026465,0.431341790201071,"TarBase"
"ENSG00000164967",-0.336733929873055,0.862003780718336,4.71269142574774,"TarBase"
"ENSG00000165006",0.176070479322108,0.924385633270321,4.9626552312209,"TarBase"
"ENSG00000165055",-0.0932628090130106,0.829867674858223,2.72731913651348,"TarBase"
"ENSG00000165060",-0.271650948223424,0.285444234404537,0.408194050126234,"TarBase"
"ENSG00000165097",-0.100683675757187,0.614366729678639,1.51458304062727,"TarBase"
"ENSG00000165105",-0.18779517637061,0.417769376181474,1.09582720652895,"TarBase"
"ENSG00000165118",0.000433220796040573,0.627599243856333,1.3391754513304,"TarBase"
"ENSG00000165119",-0.418875952087909,0.996219281663516,49.1531238668038,"TarBase"
"ENSG00000165138",-0.170417888574387,0.597353497164461,1.38262923695991,"TarBase"
"ENSG00000165156",0.0312291554668145,0.542533081285444,0.937276810767296,"TarBase"
"ENSG00000165169",-0.0901521311746645,0.612476370510397,1.47430523357413,"TarBase"
"ENSG00000165175",-0.252908420066142,0.584120982986768,1.54812221940938,"TarBase"
"ENSG00000165195",0.000839451850579921,0.525519848771267,0.879143206163125,"TarBase"
"ENSG00000165244",-0.0937857691727572,0.725897920604915,2.59655500203865,"TarBase"
"ENSG00000165283",-0.437224176024133,0.996219281663516,17.7991031480886,"TarBase"
"ENSG00000165300",0.00252445488791401,0.446124763705104,0.790968384811195,"TarBase"
"ENSG00000165304",0.0711900430848855,0.958412098298677,9.324922392515,"TarBase"
"ENSG00000165392",-0.079273943065273,0.714555765595463,2.15595262319526,"TarBase"
"ENSG00000165410",-0.176459758362171,0.708884688090737,1.92392800377074,"TarBase"
"ENSG00000165416",-0.0704365146277488,0.952741020793951,6.26126284474687,"TarBase"
"ENSG00000165417",-0.130671213546775,0.637051039697543,1.65876545039703,"TarBase"
"ENSG00000165476",-0.0788526669542384,0.718336483931947,2.70577709962467,"TarBase"
"ENSG00000165480",-0.127201552776381,0.483931947069943,1.01370599104359,"TarBase"
"ENSG00000165490",-0.0951436374613061,0.296786389413989,0.490063070032289,"TarBase"
"ENSG00000165494",-0.0104992095717656,0.716446124763705,2.00746695548119,"TarBase"
"ENSG00000165501",-0.00667056976590724,0.786389413988658,2.77899667279267,"TarBase"
"ENSG00000165527",-0.00101847815839682,0.693761814744801,1.8465950793487,"TarBase"
"ENSG00000165533",-0.0982967642276786,0.493383742911153,1.01850130927947,"TarBase"
"ENSG00000165572",-0.19675790355415,0.648393194706994,1.87464371293046,"TarBase"
"ENSG00000165609",-0.261796664321061,0.967863894139887,8.91991202617416,"TarBase"
"ENSG00000165637",-0.2066051137803,0.994328922495274,17.0741326455847,"TarBase"
"ENSG00000165684",-0.0891659342100667,0.504725897920605,1.174794940526,"TarBase"
"ENSG00000165689",-0.176046881401225,0.514177693761815,1.15584648545937,"TarBase"
"ENSG00000165724",-0.125981826981387,0.574669187145558,1.2520344215554,"TarBase"
"ENSG00000165732",-0.44848755411575,0.98109640831758,15.7972919358134,"TarBase"
"ENSG00000165806",-0.00663022713965782,0.642722117202268,1.61235436229041,"TarBase"
"ENSG00000165832",-0.0612643399665519,0.610586011342155,1.31404037218824,"TarBase"
"ENSG00000165898",-0.139934986200231,0.816635160680529,3.02615074143296,"TarBase"
"ENSG00000165912",-0.222874911818684,0.395085066162571,0.815899759026757,"TarBase"
"ENSG00000165996",-0.147852384242668,0.438563327032136,0.85319086585113,"TarBase"
"ENSG00000166002",-0.244007555381106,0.310018903591682,0.625003153627924,"TarBase"
"ENSG00000166012",-0.267445375577132,0.960302457466919,8.60235440893572,"TarBase"
"ENSG00000166025",-0.0864590150885852,0.546313799621928,1.31159625897736,"TarBase"
"ENSG00000166037",0.0246246777529133,0.824196597353497,2.55486809076873,"TarBase"
"ENSG00000166128",0.0415809118794999,0.491493383742911,0.796506405462121,"TarBase"
"ENSG00000166130",0.0458853337736486,0.502835538752363,1.01094465218339,"TarBase"
"ENSG00000166170",-0.166012744280399,0.625708884688091,1.4170035170826,"TarBase"
"ENSG00000166192",0.00707342163477141,0.287334593572779,0.468461589996879,"TarBase"
"ENSG00000166197",-0.433899287313817,0.979206049149338,13.3532408782918,"TarBase"
"ENSG00000166199",0.0552391235249711,0.77882797731569,2.35551542451857,"TarBase"
"ENSG00000166224",0.0210838771292403,0.765595463137996,2.54425443610843,"TarBase"
"ENSG00000166272",0.219509984134414,0.837429111531191,3.35241567508839,"TarBase"
"ENSG00000166321",0.0639874983094851,0.483931947069943,0.868828652533594,"TarBase"
"ENSG00000166340",-0.0729614315403236,0.44234404536862,0.771396488384175,"TarBase"
"ENSG00000166347",-0.335730456468591,0.699432892249527,3.22150770404291,"TarBase"
"ENSG00000166402",-0.231747471850517,0.43289224952741,0.970782290253421,"TarBase"
"ENSG00000166441",0.162436338162352,1,251.144113535454,"TarBase"
"ENSG00000166450",-0.123314678614091,0.463137996219282,1.19906376621431,"TarBase"
"ENSG00000166451",-0.0523177812559078,0.752362948960302,2.21896386783646,"TarBase"
"ENSG00000166479",-0.0173714406714058,0.604914933837429,1.50281146284917,"TarBase"
"ENSG00000166508",-0.0461936010144736,0.996219281663516,25.067647431957,"TarBase"
"ENSG00000166562",-0.0558471395060199,0.958412098298677,5.98798221635706,"TarBase"
"ENSG00000166575",0.101052709937938,0.844990548204159,3.56751234699512,"TarBase"
"ENSG00000166598",-0.390360953747706,0.986767485822306,27.6933044420046,"TarBase"
"ENSG00000166619",-0.0179801911766629,0.737240075614367,2.18395350785997,"TarBase"
"ENSG00000166669",0.0793258592226184,0.689981096408318,1.9472664740658,"TarBase"
"ENSG00000166681",-0.313831702533261,1,76.0467239940169,"TarBase"
"ENSG00000166685",0.0291805238187273,0.563327032136106,1.05878675123371,"TarBase"
"ENSG00000166689",0.078529642360124,0.695652173913043,2.1207530025205,"TarBase"
"ENSG00000166710",0.105253078450462,0.977315689981096,9.30005234692798,"TarBase"
"ENSG00000166734",0.00500978940818233,0.80718336483932,2.89482075301426,"TarBase"
"ENSG00000166747",0.171836543457958,0.918714555765595,4.95490986731274,"TarBase"
"ENSG00000166788",-0.24436705323466,0.930056710775047,5.2874376900736,"TarBase"
"ENSG00000166794",-0.468030708781184,0.998109640831758,23.3734158013613,"TarBase"
"ENSG00000166796",0.0487838423781336,0.444234404536862,0.858771213957574,"TarBase"
"ENSG00000166803",-0.103794600990243,0.935727788279773,6.10629916326247,"TarBase"
"ENSG00000166813",0.0171167031154958,0.739130434782609,2.12614210787825,"TarBase"
"ENSG00000166851",-0.251270445338971,0.686200378071834,3.92965099617649,"TarBase"
"ENSG00000166881",0.0812258351249753,0.771266540642722,2.32171944191004,"TarBase"
"ENSG00000166902",-0.288168678052084,0.941398865784499,6.14196010130941,"TarBase"
"ENSG00000166908",0.00436017929640035,0.296786389413989,0.500514639459325,"TarBase"
"ENSG00000166925",0.124392391984591,0.272211720226843,0.454498727411707,"TarBase"
"ENSG00000166946",0.000918310385494092,0.744801512287335,1.89212037873154,"TarBase"
"ENSG00000166987",0.110213379955716,0.323251417769376,0.478388551369749,"TarBase"
"ENSG00000167004",-0.344384758252816,0.965973534971645,11.9637323338261,"TarBase"
"ENSG00000167005",-0.2063242595825,0.805293005671078,2.73566916192701,"TarBase"
"ENSG00000167085",-0.358261730652398,0.996219281663516,34.2379348658418,"TarBase"
"ENSG00000167088",-0.448262911757186,0.998109640831758,66.5125198482036,"TarBase"
"ENSG00000167114",-0.0519546964947666,0.604914933837429,1.54916050858483,"TarBase"
"ENSG00000167173",-0.161608753728131,0.446124763705104,0.863614841176831,"TarBase"
"ENSG00000167232",-0.0461064332125351,0.236294896030246,0.387723496517998,"TarBase"
"ENSG00000167258",-0.0513267641135818,0.964083175803403,8.80370668172839,"TarBase"
"ENSG00000167272",-0.27146443410511,0.888468809073724,4.23511293319776,"TarBase"
"ENSG00000167291",-0.00382750080412428,0.705103969754253,3.72562219008049,"TarBase"
"ENSG00000167315",-0.43370301914848,0.45179584120983,1.32322911616154,"TarBase"
"ENSG00000167325",0.0214768363830596,0.979206049149338,9.34908016430377,"TarBase"
"ENSG00000167378",0.055663472310637,0.786389413988658,2.50740100699095,"TarBase"
"ENSG00000167397",-0.375085850897756,0.468809073724008,1.114930320607,"TarBase"
"ENSG00000167461",-0.195669179959066,0.846880907372401,3.58253795591091,"TarBase"
"ENSG00000167508",-0.283747017133179,0.708884688090737,2.14653721067824,"TarBase"
"ENSG00000167513",0.0829380365783391,0.816635160680529,3.21285446948913,"TarBase"
"ENSG00000167552",-0.208226310183084,0.954631379962193,11.3613231958348,"TarBase"
"ENSG00000167553",-0.557379573107841,0.954631379962193,20.138723476176,"TarBase"
"ENSG00000167565",0.0740937986088324,0.446124763705104,0.846115759890662,"TarBase"
"ENSG00000167658",0.253203641033985,1,94.8144565711907,"TarBase"
"ENSG00000167670",0.0541737938934138,0.977315689981096,8.93139282492719,"TarBase"
"ENSG00000167693",0.00560033726171124,0.901701323251418,5.68657149726054,"TarBase"
"ENSG00000167695",-0.152691263838805,0.47069943289225,1.17083417703008,"TarBase"
"ENSG00000167700",-0.165368468048922,0.393194706994329,0.724492312595067,"TarBase"
"ENSG00000167716",-0.0739318482744663,0.283553875236295,0.448538760293607,"TarBase"
"ENSG00000167721",-0.407368895291713,0.931947069943289,7.70947172631251,"TarBase"
"ENSG00000167775",-0.525080027579688,0.91304347826087,9.91539844346848,"TarBase"
"ENSG00000167842",-0.0341462586270467,0.733459357277883,2.18458492608935,"TarBase"
"ENSG00000167862",-0.0694579124569207,0.896030245746692,4.39860390917056,"TarBase"
"ENSG00000167900",-0.0624937137500985,0.869565217391304,6.35230393750058,"TarBase"
"ENSG00000167967",-0.121423757975705,0.56710775047259,1.26193507531808,"TarBase"
"ENSG00000167987",-0.0235307988748996,0.536862003780718,1.0859883590557,"TarBase"
"ENSG00000167996",0.108966004496464,0.943289224952741,11.5943243462462,"TarBase"
"ENSG00000168003",-0.165159706085999,0.984877126654064,18.8465840611167,"TarBase"
"ENSG00000168005",-0.039137185830226,0.531190926275992,1.2015654126686,"TarBase"
"ENSG00000168028",0.11594917299192,1,363.034840107764,"TarBase"
"ENSG00000168036",-0.108416814969722,0.982986767485822,9.62865256726138,"TarBase"
"ENSG00000168061",-0.180830060560957,0.315689981096408,0.565692350879565,"TarBase"
"ENSG00000168078",-0.0703864169440015,0.795841209829868,2.75367258393599,"TarBase"
"ENSG00000168096",-0.14960717965221,0.735349716446125,2.70054434148465,"TarBase"
"ENSG00000168172",-0.00370996699427815,0.7882797731569,2.94571927766676,"TarBase"
"ENSG00000168175",-0.281454283390627,0.911153119092628,5.55729447708398,"TarBase"
"ENSG00000168209",-0.23307193615779,0.502835538752363,2.15528398389617,"TarBase"
"ENSG00000168214",-0.0707250311512627,0.922495274102079,5.36963890393676,"TarBase"
"ENSG00000168246",0.105096795535893,0.907372400756144,5.92079451106959,"TarBase"
"ENSG00000168264",-0.0713619936571208,0.559546313799622,1.34981899181594,"TarBase"
"ENSG00000168288",-0.0488437005104383,0.947069943289225,5.72167169414244,"TarBase"
"ENSG00000168374",-0.105191319952835,0.982986767485822,10.5393217332505,"TarBase"
"ENSG00000168385",-0.187853728704716,0.984877126654064,10.6815419615947,"TarBase"
"ENSG00000168393",-0.407630925789983,0.901701323251418,5.95755911193142,"TarBase"
"ENSG00000168395",-0.136545607549021,0.926275992438563,6.59168018914226,"TarBase"
"ENSG00000168411",-0.0263917693024803,0.767485822306238,2.71954788660231,"TarBase"
"ENSG00000168439",0.0474035777497965,0.992438563327032,18.3788537437778,"TarBase"
"ENSG00000168461",-0.279144184816922,0.457466918714556,0.979959686265786,"TarBase"
"ENSG00000168476",-0.142215642317466,0.321361058601134,0.552154398274903,"TarBase"
"ENSG00000168488",0.102848278303312,0.816635160680529,2.47135609644672,"TarBase"
"ENSG00000168495",-0.0911169224428613,0.500945179584121,0.960290818509421,"TarBase"
"ENSG00000168496",-0.144410835501752,0.947069943289225,8.57370726443928,"TarBase"
"ENSG00000168502",-0.141500240939012,0.601134215500945,1.79791606245775,"TarBase"
"ENSG00000168528",-0.0887173828381076,0.24007561436673,0.425917025965901,"TarBase"
"ENSG00000168564",0.00260258089231247,0.323251417769376,0.483420692623203,"TarBase"
"ENSG00000168610",0.0624997004619751,0.810964083175803,2.92617101371326,"TarBase"
"ENSG00000168615",0.138223147686792,0.805293005671078,2.70257016312897,"TarBase"
"ENSG00000168675",0.00644722732187548,0.46124763705104,1.2727924754826,"TarBase"
"ENSG00000168710",-0.055530048117726,0.822306238185255,3.16924669025572,"TarBase"
"ENSG00000168818",-0.0420673582129351,0.816635160680529,3.1818633852508,"TarBase"
"ENSG00000168872",-0.239412043739805,0.843100189035917,3.25271464369936,"TarBase"
"ENSG00000168887",-0.0740278934431846,0.561436672967864,1.14919988474738,"TarBase"
"ENSG00000168904",0.105555008462732,0.667296786389414,1.84845667297316,"TarBase"
"ENSG00000168906",-0.253677324122661,0.810964083175803,3.40096622627017,"TarBase"
"ENSG00000169016",0.0311019029886204,0.587901701323251,1.3786823576192,"TarBase"
"ENSG00000169018",-0.047501392879081,0.703213610586011,1.82232382444926,"TarBase"
"ENSG00000169136",-0.13271679184589,0.272211720226843,0.545788721079721,"TarBase"
"ENSG00000169139",-0.018113246212092,0.996219281663516,14.237579329206,"TarBase"
"ENSG00000169180",-0.207594681271017,0.931947069943289,6.5147652845747,"TarBase"
"ENSG00000169188",-0.258659747314472,0.431001890359168,1.22008739169542,"TarBase"
"ENSG00000169217",-0.179446960204804,0.918714555765595,5.14874458775284,"TarBase"
"ENSG00000169239",-0.080455334679722,0.453686200378072,0.979948945152801,"TarBase"
"ENSG00000169241",-0.365636205295424,0.741020793950851,3.42983282784878,"TarBase"
"ENSG00000169242",-0.000158060981026564,0.291115311909263,0.44001056290317,"TarBase"
"ENSG00000169299",-0.32722990005337,0.463137996219282,1.00101805467176,"TarBase"
"ENSG00000169359",-0.123157819136164,0.287334593572779,0.40337675108001,"TarBase"
"ENSG00000169371",-0.0609762621225188,0.767485822306238,2.47737288457526,"TarBase"
"ENSG00000169379",0.0557169622217648,0.888468809073724,4.04648094870085,"TarBase"
"ENSG00000169410",-0.04510896824772,0.669187145557656,2.17045604857661,"TarBase"
"ENSG00000169439",-0.149659514177183,0.5765595463138,1.39474766875623,"TarBase"
"ENSG00000169446",-0.0287275064497736,0.725897920604915,1.7107480822457,"TarBase"
"ENSG00000169490",-0.303806254585892,0.763705103969754,2.76025221068581,"TarBase"
"ENSG00000169504",0.0734053055467395,0.869565217391304,3.94184322369546,"TarBase"
"ENSG00000169598",-0.217121986060268,0.455576559546314,1.01006838252119,"TarBase"
"ENSG00000169607",-0.108264480915998,0.482041587901701,0.953048719147406,"TarBase"
"ENSG00000169679",-0.151632977999152,0.574669187145558,1.5489494207561,"TarBase"
"ENSG00000169696",0.0160138183029138,0.735349716446125,2.01151877965908,"TarBase"
"ENSG00000169718",-0.192096159135251,0.77882797731569,2.32220896591103,"TarBase"
"ENSG00000169813",-0.350628119307691,0.99054820415879,18.5674915549524,"TarBase"
"ENSG00000169851",-0.186134054909645,0.550094517958412,1.64335155772446,"TarBase"
"ENSG00000169857",-0.066148493571626,0.504725897920605,1.18962658409095,"TarBase"
"ENSG00000169891",0.0785652177508906,0.268431001890359,0.474287382598085,"TarBase"
"ENSG00000169902",0.266910056222916,0.922495274102079,4.93831748242691,"TarBase"
"ENSG00000169905",0.0670328297500177,0.965973534971645,7.97574625019682,"TarBase"
"ENSG00000169967",0.0878408825940995,0.578449905482042,1.18406601134734,"TarBase"
"ENSG00000169976",-0.432257766287386,0.996219281663516,18.6156980023748,"TarBase"
"ENSG00000170088",-0.211300468116377,0.729678638941399,2.36205593351566,"TarBase"
"ENSG00000170113",-0.0153053598272368,0.410207939508507,3.19503809916235,"TarBase"
"ENSG00000170185",-0.0918435193666853,0.357277882797732,0.561647448028402,"TarBase"
"ENSG00000170242",0.200844352567211,0.905482041587902,3.91389295180988,"TarBase"
"ENSG00000170270",-0.0958209994670399,0.809073724007561,2.55365854456266,"TarBase"
"ENSG00000170271",0.000305406302367732,0.627599243856333,1.81750954844417,"TarBase"
"ENSG00000170275",-0.265794878094974,0.896030245746692,4.49504347193633,"TarBase"
"ENSG00000170293",-0.153346065312642,0.79773156899811,4.14095605558727,"TarBase"
"ENSG00000170312",0.107276631598242,0.896030245746692,6.9364546422836,"TarBase"
"ENSG00000170345",-0.160012887120278,0.457466918714556,2.81799834466569,"TarBase"
"ENSG00000170348",-0.31985511933429,0.937618147448015,6.21557229302203,"TarBase"
"ENSG00000170382",0.0265694519908007,0.427221172022684,1.12516505989195,"TarBase"
"ENSG00000170385",-0.0258835747870717,0.277882797731569,0.384001764099301,"TarBase"
"ENSG00000170439",-0.0300719203138188,0.340264650283554,0.533613403079218,"TarBase"
"ENSG00000170448",-0.121876016218524,0.391304347826087,0.668538291214494,"TarBase"
"ENSG00000170456",0.175063492778885,0.860113421550095,4.43354220303388,"TarBase"
"ENSG00000170515",-0.589739683191296,0.998109640831758,34.7892744469199,"TarBase"
"ENSG00000170525",-0.213877019072489,0.852551984877127,4.54040349782655,"TarBase"
"ENSG00000170537",0.0486419596511774,0.351606805293006,0.636741671854569,"TarBase"
"ENSG00000170540",0.0460539979189087,0.969754253308129,10.1504556036052,"TarBase"
"ENSG00000170545",-0.0471919376449561,0.23062381852552,0.342054879930083,"TarBase"
"ENSG00000170558",-0.170557604853223,0.826086956521739,4.10161174967373,"TarBase"
"ENSG00000170584",-0.325536500045761,0.862003780718336,4.34994416245876,"TarBase"
"ENSG00000170619",-0.111887135967104,0.614366729678639,1.3855809098596,"TarBase"
"ENSG00000170653",-0.0438305069316472,0.625708884688091,1.34415687228848,"TarBase"
"ENSG00000170677",0.0387656318662535,0.311909262759924,0.533541124575715,"TarBase"
"ENSG00000170776",0.199675112019246,0.952741020793951,6.98054628385369,"TarBase"
"ENSG00000170779",-0.123103000480697,0.814744801512287,3.13594868155238,"TarBase"
"ENSG00000170791",-0.207927625686263,0.937618147448015,6.2412022974547,"TarBase"
"ENSG00000170854",-0.402317885874662,0.66351606805293,2.06120180264458,"TarBase"
"ENSG00000170871",0.0997999339768668,0.841209829867675,3.60581720348708,"TarBase"
"ENSG00000170876",-0.340685914181107,0.638941398865784,1.88923565823525,"TarBase"
"ENSG00000170881",-0.0739206273691935,0.372400756143667,0.601239480890582,"TarBase"
"ENSG00000170889",0.20994354374044,1,79.2382584826409,"TarBase"
"ENSG00000171155",-0.105738645985187,0.701323251417769,1.7922039131828,"TarBase"
"ENSG00000171163",-0.145507643567886,0.347826086956522,0.552991780722349,"TarBase"
"ENSG00000171204",-0.304330333018137,0.901701323251418,4.5210317148809,"TarBase"
"ENSG00000171224",0.0062106621486849,0.618147448015123,1.47813182438365,"TarBase"
"ENSG00000171241",-0.022612566032335,0.754253308128544,2.76009173763268,"TarBase"
"ENSG00000171295",-0.121399915829271,0.372400756143667,0.632939334695707,"TarBase"
"ENSG00000171298",-0.274194070851652,0.561436672967864,1.30820785048092,"TarBase"
"ENSG00000171302",-0.0359521022372545,0.536862003780718,1.0374996660442,"TarBase"
"ENSG00000171320",0.0423858030241292,0.737240075614367,2.17431084410388,"TarBase"
"ENSG00000171421",-0.3896335861348,0.905482041587902,5.67828153307614,"TarBase"
"ENSG00000171425",-0.070382681238351,0.716446124763705,2.03193516240302,"TarBase"
"ENSG00000171475",0.246139992052384,0.880907372400756,9.08066994194465,"TarBase"
"ENSG00000171552",0.0196452677070522,0.404536862003781,0.673309013604199,"TarBase"
"ENSG00000171735",0.00343718380819197,0.986767485822306,12.0168555679319,"TarBase"
"ENSG00000171792",-0.169818857935901,0.671077504725898,1.84334596225677,"TarBase"
"ENSG00000171843",-0.081337619872873,0.896030245746692,5.97338966677314,"TarBase"
"ENSG00000171848",-0.323854097723652,0.863894139886578,10.282047869914,"TarBase"
"ENSG00000171867",0.0348744786725091,0.631379962192817,1.51104591442569,"TarBase"
"ENSG00000171960",-0.206989890382509,0.880907372400756,4.8143212678428,"TarBase"
"ENSG00000171970",-0.0639105499178212,0.283553875236295,0.766248187939022,"TarBase"
"ENSG00000172009",-0.133029195456262,0.748582230623819,2.35897044840768,"TarBase"
"ENSG00000172115",-0.556008231333375,1,44.2050336043007,"TarBase"
"ENSG00000172159",0.0568168137257529,0.449905482041588,1.12746661481761,"TarBase"
"ENSG00000172201",-0.170807638832516,0.362948960302457,0.962436142183498,"TarBase"
"ENSG00000172244",0.0421753034237514,0.381852551984877,0.563670442741205,"TarBase"
"ENSG00000172262",-0.0126219997008288,0.850661625708885,3.9310401923378,"TarBase"
"ENSG00000172269",-0.198401268995575,0.482041587901701,0.888073941491862,"TarBase"
"ENSG00000172270",-0.0559847639595642,1,32.4818860588717,"TarBase"
"ENSG00000172336",-0.392452005871766,0.958412098298677,9.83603500759662,"TarBase"
"ENSG00000172340",-0.254509297982298,0.75047258979206,2.96233383598606,"TarBase"
"ENSG00000172354",-0.0896760581829197,0.491493383742911,1.00957992525457,"TarBase"
"ENSG00000172466",0.147893759981671,0.918714555765595,6.35257261859492,"TarBase"
"ENSG00000172493",-0.0676729254502969,0.80718336483932,3.15461264027006,"TarBase"
"ENSG00000172663",-0.283579575137258,0.315689981096408,0.600981274214276,"TarBase"
"ENSG00000172728",-0.060093514195627,0.718336483931947,2.63073868510679,"TarBase"
"ENSG00000172765",0.185007932806733,0.941398865784499,6.31759982333476,"TarBase"
"ENSG00000172809",0.0478027566828134,1,221.325712974222,"TarBase"
"ENSG00000172828",0.0104194476967809,0.415879017013232,0.67169049805478,"TarBase"
"ENSG00000172840",-0.079977005604424,0.389413988657845,0.620057796370413,"TarBase"
"ENSG00000172845",0.135392559065423,0.75047258979206,2.14931230348293,"TarBase"
"ENSG00000172869",0.115141535928473,0.724007561436673,1.99257427847529,"TarBase"
"ENSG00000172893",-0.455296637988674,0.655954631379962,2.03848719323718,"TarBase"
"ENSG00000172939",-0.0170542843659843,0.792060491493384,2.72039228029143,"TarBase"
"ENSG00000172954",-0.0701148718520141,0.75047258979206,2.36617222888728,"TarBase"
"ENSG00000172986",-0.117265811318501,0.638941398865784,1.71991331317154,"TarBase"
"ENSG00000173039",-0.125403741901547,0.298676748582231,0.512187133260632,"TarBase"
"ENSG00000173041",0.117020937382156,0.722117202268431,2.03634015620642,"TarBase"
"ENSG00000173120",0.0843265984012333,0.911153119092628,5.69406567882011,"TarBase"
"ENSG00000173145",-0.280793397804644,0.758034026465028,2.74859664956496,"TarBase"
"ENSG00000173166",0.00621818047338932,0.625708884688091,1.83504601138225,"TarBase"
"ENSG00000173207",-0.295942650342707,0.984877126654064,20.8619586575668,"TarBase"
"ENSG00000173218",-0.182373745787922,0.31758034026465,0.578970362414252,"TarBase"
"ENSG00000173258",-0.0553572336935906,0.383742911153119,0.628640665167256,"TarBase"
"ENSG00000173402",-0.055665385308003,0.943289224952741,7.20224124992548,"TarBase"
"ENSG00000173406",0.126383379111059,0.563327032136106,1.38106490367152,"TarBase"
"ENSG00000173473",-0.200878940307419,0.996219281663516,16.8159344932483,"TarBase"
"ENSG00000173530",0.121005490242949,0.300567107750473,0.509200531217161,"TarBase"
"ENSG00000173545",0.0849513481002542,0.837429111531191,3.4669226114718,"TarBase"
"ENSG00000173559",-0.0968967299074234,0.4234404536862,0.715098080010202,"TarBase"
"ENSG00000173588",-0.234562740281527,0.765595463137996,2.84795153456896,"TarBase"
"ENSG00000173614",0.107341723603997,0.561436672967864,1.33500472875582,"TarBase"
"ENSG00000173638",-0.186229278215984,0.521739130434783,1.15300726520853,"TarBase"
"ENSG00000173706",-0.00864425512715834,0.372400756143667,0.675713744596902,"TarBase"
"ENSG00000173726",-0.267165796225715,1,47.3912124665733,"TarBase"
"ENSG00000173744",0.127211119885813,0.846880907372401,3.0202550750381,"TarBase"
"ENSG00000173786",0.0024292263847499,0.87523629489603,3.94807097921779,"TarBase"
"ENSG00000173801",0.101549337465454,0.5765595463138,1.30120228720945,"TarBase"
"ENSG00000173852",-0.159314996604992,0.550094517958412,1.26981450385568,"TarBase"
"ENSG00000173894",-0.218918218787739,0.5765595463138,1.42402365477136,"TarBase"
"ENSG00000173928",-0.0491806599794114,0.323251417769376,0.423488215008405,"TarBase"
"ENSG00000173960",0.267027497435177,0.909262759924386,4.66227332505174,"TarBase"
"ENSG00000173992",0.113372923153384,0.873345935727788,3.79955064116411,"TarBase"
"ENSG00000174010",-0.0893739796498323,0.746691871455577,3.67406452825935,"TarBase"
"ENSG00000174021",-0.176103204343487,0.948960302457467,7.35402489843261,"TarBase"
"ENSG00000174099",0.0822110196936812,0.550094517958412,1.19049975753907,"TarBase"
"ENSG00000174106",-0.00589438025808298,0.536862003780718,1.08823731606996,"TarBase"
"ENSG00000174132",-0.123976840396024,0.291115311909263,0.420490488066152,"TarBase"
"ENSG00000174173",-0.357499488735445,0.920604914933837,5.94781727694468,"TarBase"
"ENSG00000174206",-0.201510397652685,0.347826086956522,0.622989904522379,"TarBase"
"ENSG00000174233",0.149920229938666,0.521739130434783,1.07454309738756,"TarBase"
"ENSG00000174238",-0.156127778856815,0.882797731568998,3.34234731981366,"TarBase"
"ENSG00000174306",-0.0581489222440374,0.731568998109641,2.326223375002,"TarBase"
"ENSG00000174371",-0.125694566686908,0.882797731568998,6.5352004523474,"TarBase"
"ENSG00000174442",0.023042220948722,0.856332703213611,3.54027072033456,"TarBase"
"ENSG00000174547",-0.424973339625507,0.958412098298677,8.08390973960187,"TarBase"
"ENSG00000174574",-0.0336416801459209,0.886578449905482,3.57252638941887,"TarBase"
"ENSG00000174628",-0.0210345570424078,0.497164461247637,0.996354534239481,"TarBase"
"ENSG00000174738",-0.0575847615793261,0.623818525519849,1.6043585179194,"TarBase"
"ENSG00000174780",-0.188665382653966,0.962192816635161,7.50432951353896,"TarBase"
"ENSG00000174839",-0.0499328881689349,0.80718336483932,3.48178460106608,"TarBase"
"ENSG00000174840",0.0293443841481526,0.790170132325142,2.59979008923652,"TarBase"
"ENSG00000174851",-0.369593035012203,0.869565217391304,4.60923175125552,"TarBase"
"ENSG00000174886",-0.175621854812996,0.763705103969754,2.70261350330688,"TarBase"
"ENSG00000174915",-0.14836443097925,0.712665406427221,2.28117174363939,"TarBase"
"ENSG00000174996",-0.0208810490308905,0.296786389413989,0.419887507771124,"TarBase"
"ENSG00000175048",-0.154312481017541,0.572778827977316,1.50674501124717,"TarBase"
"ENSG00000175063",-0.227518057591961,0.790170132325142,7.67221412945243,"TarBase"
"ENSG00000175066",-0.100956930955603,0.586011342155009,1.27518903483312,"TarBase"
"ENSG00000175073",0.116745505265454,0.485822306238185,0.980873622311228,"TarBase"
"ENSG00000175182",0.0385824131018466,0.285444234404537,0.408757224267844,"TarBase"
"ENSG00000175183",-0.150191768700614,0.933837429111531,7.20012702437611,"TarBase"
"ENSG00000175193",-0.0844281421415164,0.4234404536862,0.722201418318298,"TarBase"
"ENSG00000175197",0.0708778072927724,0.480151228733459,1.83362519659538,"TarBase"
"ENSG00000175215",0.0406006091907666,0.396975425330813,0.731805073694741,"TarBase"
"ENSG00000175220",-0.079933991987238,0.648393194706994,1.4581820351055,"TarBase"
"ENSG00000175305",0.0964334513053882,0.313799621928166,0.612451525063065,"TarBase"
"ENSG00000175376",-0.0392113405647012,0.837429111531191,2.95172335117082,"TarBase"
"ENSG00000175390",0.254070439370662,0.996219281663516,15.8526933219475,"TarBase"
"ENSG00000175581",-0.153443914700278,0.97164461247637,7.25365907247027,"TarBase"
"ENSG00000175582",0.0308321779151907,0.91304347826087,5.45805011843961,"TarBase"
"ENSG00000175606",-0.284208026091344,0.873345935727788,3.91538978008839,"TarBase"
"ENSG00000175643",0.0276086837543432,0.500945179584121,1.00747173082064,"TarBase"
"ENSG00000175691",-0.0928536712286673,0.391304347826087,0.680382799358109,"TarBase"
"ENSG00000175768",-0.468028507155851,0.99054820415879,19.0893672411582,"TarBase"
"ENSG00000175806",0.116039528209562,0.293005671077505,0.54449597842738,"TarBase"
"ENSG00000175868",-0.131040086820114,0.395085066162571,2.0858413949484,"TarBase"
"ENSG00000175893",0.135104168233729,0.504725897920605,0.862311612527587,"TarBase"
"ENSG00000175895",0.0185587462014501,0.328922495274102,0.74364445650483,"TarBase"
"ENSG00000175970",-0.135659269271669,0.493383742911153,0.844633150676931,"TarBase"
"ENSG00000176014",-0.398003789492306,0.695652173913043,3.50221135028382,"TarBase"
"ENSG00000176018",-0.147851439351669,0.45179584120983,0.944658567494936,"TarBase"
"ENSG00000176046",0.174627162146916,0.342155009451796,1.5982570275259,"TarBase"
"ENSG00000176101",-0.368669344670525,0.837429111531191,4.35831756953771,"TarBase"
"ENSG00000176102",-0.0836296794295295,0.962192816635161,7.70810164928796,"TarBase"
"ENSG00000176105",0.104077647661547,0.742911153119093,2.51630076433106,"TarBase"
"ENSG00000176142",-0.108892219659954,0.714555765595463,2.18796897689732,"TarBase"
"ENSG00000176171",-0.178633996747867,0.792060491493384,2.86287902210884,"TarBase"
"ENSG00000176248",-0.0297212054006512,0.633270321361059,1.518281246414,"TarBase"
"ENSG00000176261",0.0622489177401299,0.965973534971645,7.09879946636992,"TarBase"
"ENSG00000176273",-0.134927440056127,0.353497164461248,0.649693711411536,"TarBase"
"ENSG00000176386",-0.107881772974085,0.931947069943289,5.86695207232244,"TarBase"
"ENSG00000176485",0.087570281203865,0.676748582230624,1.79364933720552,"TarBase"
"ENSG00000176619",-0.327955708326339,0.888468809073724,5.39819392281119,"TarBase"
"ENSG00000176623",-0.0368723310885557,0.780718336483932,2.3367475287832,"TarBase"
"ENSG00000176731",-0.256296874149119,0.958412098298677,6.5020219039343,"TarBase"
"ENSG00000176834",-0.0654564617169101,0.627599243856333,1.54014882353237,"TarBase"
"ENSG00000176871",-0.0683978881210419,0.504725897920605,0.983548143129791,"TarBase"
"ENSG00000176894",-0.0442001170312471,0.52930056710775,1.00945609649891,"TarBase"
"ENSG00000176946",-0.120052133308004,0.680529300567108,2.23644831516756,"TarBase"
"ENSG00000177084",0.0496359958400698,0.809073724007561,2.98057336300498,"TarBase"
"ENSG00000177105",-0.13856789036186,0.321361058601134,0.737865428580584,"TarBase"
"ENSG00000177119",-0.0101523310804315,0.75992438563327,2.37576568235673,"TarBase"
"ENSG00000177150",-0.144307182258657,0.364839319470699,0.620297617218501,"TarBase"
"ENSG00000177189",0.0678300424436587,0.829867674858223,2.99324452778266,"TarBase"
"ENSG00000177192",-0.268433205046636,0.640831758034026,1.94931008027806,"TarBase"
"ENSG00000177200",0.157358462347872,0.937618147448015,5.85874338259652,"TarBase"
"ENSG00000177225",0.0306978963154997,0.839319470699433,3.08206186598582,"TarBase"
"ENSG00000177352",0.00731189338142681,0.43289224952741,0.778918259352038,"TarBase"
"ENSG00000177426",-0.123317041289424,0.258979206049149,0.364100586206954,"TarBase"
"ENSG00000177463",0.1092005926341,0.829867674858223,3.80646588244756,"TarBase"
"ENSG00000177479",0.100903093660009,0.986767485822306,15.5176711804017,"TarBase"
"ENSG00000177600",0.117909934894459,1,190.99444232558,"TarBase"
"ENSG00000177606",-0.360228893423713,0.703213610586011,5.39438466177286,"TarBase"
"ENSG00000177674",-0.295884942054063,0.724007561436673,2.16339780119248,"TarBase"
"ENSG00000177697",-0.481716800036807,0.790170132325142,4.35423273931556,"TarBase"
"ENSG00000177700",-0.148302787191229,0.984877126654064,16.0454445845964,"TarBase"
"ENSG00000177731",-0.0688587426591971,0.527410207939509,1.00760278567074,"TarBase"
"ENSG00000177733",-0.227484214223182,0.688090737240076,1.71009767119144,"TarBase"
"ENSG00000177885",-0.0258082695568442,0.960302457466919,7.36991460209286,"TarBase"
"ENSG00000177888",-0.0522235891616357,0.293005671077505,0.399438862317782,"TarBase"
"ENSG00000177889",-0.377263669323026,0.979206049149338,10.1346196368633,"TarBase"
"ENSG00000177917",-0.0522702477847623,0.890359168241966,4.14181974255387,"TarBase"
"ENSG00000177954",0.272141649554548,1,228.872920028085,"TarBase"
"ENSG00000177971",-0.28310727117527,0.688090737240076,2.13812470653524,"TarBase"
"ENSG00000178035",-0.183414903958151,0.727788279773157,2.1335645871245,"TarBase"
"ENSG00000178202",-0.25776159435923,0.449905482041588,0.912622813249612,"TarBase"
"ENSG00000178209",-0.104278129553952,0.383742911153119,0.633947469932843,"TarBase"
"ENSG00000178252",0.124800211737931,0.975425330812854,7.06665685485711,"TarBase"
"ENSG00000178295",-0.00819765632262342,0.506616257088847,0.961267827475452,"TarBase"
"ENSG00000178409",-0.195389322509476,0.485822306238185,1.29566317313507,"TarBase"
"ENSG00000178537",0.0034155938478666,0.510396975425331,0.977931261114776,"TarBase"
"ENSG00000178904",-0.0414793221218865,0.568998109640832,1.25893952259127,"TarBase"
"ENSG00000178917",0.067111730453207,0.65406427221172,1.65867317254623,"TarBase"
"ENSG00000178921",-0.244166716822803,0.756143667296786,2.58079134973185,"TarBase"
"ENSG00000178935",-0.139907709695,0.370510396975425,0.584095319642405,"TarBase"
"ENSG00000178951",-0.00873597098947898,0.64461247637051,1.90585564159234,"TarBase"
"ENSG00000178966",-0.033322569521846,0.523629489603025,3.14757283567396,"TarBase"
"ENSG00000178996",-0.141606206435419,0.243856332703214,0.350438370075333,"TarBase"
"ENSG00000178999",-0.374350444077402,0.758034026465028,9.15031830370705,"TarBase"
"ENSG00000179041",-0.392157183868224,0.652173913043478,2.0662069167825,"TarBase"
"ENSG00000179051",-0.0999797174137431,0.784499054820416,2.75047399408768,"TarBase"
"ENSG00000179085",-0.141301969064681,0.826086956521739,3.33783009692636,"TarBase"
"ENSG00000179091",-0.363114742707891,0.935727788279773,6.36294969025963,"TarBase"
"ENSG00000179104",-0.101975923474716,0.616257088846881,1.95940401835115,"TarBase"
"ENSG00000179119",0.0458198557497633,0.669187145557656,1.80426169692977,"TarBase"
"ENSG00000179134",0.0108674058823051,0.606805293005671,1.45598605241486,"TarBase"
"ENSG00000179151",0.129944421932874,0.877126654064272,3.67741623203731,"TarBase"
"ENSG00000179195",-0.142141377309622,0.795841209829868,2.64864142626275,"TarBase"
"ENSG00000179218",-0.206922618674639,0.99054820415879,18.5797331946811,"TarBase"
"ENSG00000179241",-0.161422044912588,0.816635160680529,3.95595132109115,"TarBase"
"ENSG00000179295",0.0126273443863909,0.924385633270321,5.48589950594028,"TarBase"
"ENSG00000179409",-0.135294265224867,0.620037807183365,1.55723898918068,"TarBase"
"ENSG00000179454",-0.0169526438760748,0.410207939508507,0.704388633229964,"TarBase"
"ENSG00000179564",-0.159594034971708,0.359168241965974,0.809766248859737,"TarBase"
"ENSG00000179820",-0.169313417532979,0.291115311909263,0.610924395860266,"TarBase"
"ENSG00000179833",-0.041620985454732,0.449905482041588,0.952572433399095,"TarBase"
"ENSG00000180182",0.0477777077285545,0.844990548204159,3.54929317966874,"TarBase"
"ENSG00000180198",-0.426270168153192,0.979206049149338,16.0147199373989,"TarBase"
"ENSG00000180287",0.0276438326568423,0.281663516068053,0.467441023579815,"TarBase"
"ENSG00000180488",0.0961630193957003,0.890359168241966,4.55543362629236,"TarBase"
"ENSG00000180628",-0.146137423198946,0.565217391304348,1.21603632372784,"TarBase"
"ENSG00000180667",-0.0563361849258069,0.44234404536862,0.704306600423633,"TarBase"
"ENSG00000180776",-0.0483300075365695,0.313799621928166,0.469075164782232,"TarBase"
"ENSG00000180806",-0.00933254386631589,0.595463137996219,1.42926440204023,"TarBase"
"ENSG00000180817",-0.448311670393909,0.998109640831758,46.4915656620417,"TarBase"
"ENSG00000180879",-0.114837532817852,1,41.1877224383626,"TarBase"
"ENSG00000180979",0.0185146355835697,0.465028355387524,0.858445068912501,"TarBase"
"ENSG00000181019",0.0586721115536155,0.408317580340265,0.813789156649877,"TarBase"
"ENSG00000181038",-0.198672702208177,0.693761814744801,1.93999091995878,"TarBase"
"ENSG00000181192",-0.174088868922431,0.824196597353497,3.48849801623488,"TarBase"
"ENSG00000181315",-0.0675641841669556,0.457466918714556,0.64668590140879,"TarBase"
"ENSG00000181396",-0.0641165756101975,0.376181474480151,0.712773937579045,"TarBase"
"ENSG00000181409",0.0965835620080316,0.376181474480151,0.812046732376863,"TarBase"
"ENSG00000181450",0.187822358962237,0.835538752362949,3.33073832053604,"TarBase"
"ENSG00000181458",-0.131626102195612,0.272211720226843,0.440245238329912,"TarBase"
"ENSG00000181467",-0.197161558754468,0.279773156899811,0.501546699609402,"TarBase"
"ENSG00000181472",-0.0943518684592708,0.444234404536862,1.02759619346142,"TarBase"
"ENSG00000181588",-0.0623967914119205,0.321361058601134,0.514858225112908,"TarBase"
"ENSG00000181690",0.0564520854003773,0.264650283553875,0.570275060718699,"TarBase"
"ENSG00000181704",0.124891635097098,0.90359168241966,4.02735484812788,"TarBase"
"ENSG00000181744",-0.156886610148539,0.412098298676749,0.785429394938528,"TarBase"
"ENSG00000181751",-0.177669351833403,0.427221172022684,0.761244369145257,"TarBase"
"ENSG00000181804",0.164905648449233,0.497164461247637,1.11797086095045,"TarBase"
"ENSG00000181817",-0.421308634762986,0.816635160680529,3.71828241732092,"TarBase"
"ENSG00000181852",0.0754109796217052,0.780718336483932,2.14279604889885,"TarBase"
"ENSG00000181896",-0.0494670255857887,0.396975425330813,0.687614403547246,"TarBase"
"ENSG00000181929",-0.131225230178654,0.625708884688091,1.43406982400735,"TarBase"
"ENSG00000181938",-0.0142279024259336,0.54820415879017,1.22148257978067,"TarBase"
"ENSG00000181991",-0.216525536749554,0.945179584120983,6.27407088625364,"TarBase"
"ENSG00000182013",0.0740761382113589,0.665406427221172,1.5894532359709,"TarBase"
"ENSG00000182118",-0.171103496612341,0.500945179584121,1.04791203133505,"TarBase"
"ENSG00000182158",-0.210779797705545,0.786389413988658,4.06542853186443,"TarBase"
"ENSG00000182173",-0.194019183872764,0.499054820415879,1.10723293238064,"TarBase"
"ENSG00000182180",-0.28374092530613,0.964083175803403,8.78666963036055,"TarBase"
"ENSG00000182197",-0.262350607795058,0.960302457466919,13.7246469229194,"TarBase"
"ENSG00000182199",-0.187885991332232,0.984877126654064,13.9550600005511,"TarBase"
"ENSG00000182240",-0.160743516546692,0.340264650283554,0.6170458082197,"TarBase"
"ENSG00000182307",-0.204126812909724,0.618147448015123,1.4522655605721,"TarBase"
"ENSG00000182400",0.00931992850503707,0.686200378071834,1.60691591164476,"TarBase"
"ENSG00000182446",0.1121802240251,0.97164461247637,9.63568934806678,"TarBase"
"ENSG00000182481",-0.159727084520298,0.992438563327032,23.2297246043744,"TarBase"
"ENSG00000182512",-0.257833711925199,0.612476370510397,1.59412192053714,"TarBase"
"ENSG00000182551",-0.359874282246676,0.610586011342155,1.94023081151218,"TarBase"
"ENSG00000182552",-0.168057758432283,0.491493383742911,0.971112683213024,"TarBase"
"ENSG00000182600",0.131239365545683,0.264650283553875,0.396208160364521,"TarBase"
"ENSG00000182606",-0.0647652215292845,0.89413988657845,4.88982106172819,"TarBase"
"ENSG00000182621",0.0572710241419149,0.776937618147448,2.83200133310423,"TarBase"
"ENSG00000182831",0.186760892831147,0.697542533081285,1.83093824112026,"TarBase"
"ENSG00000182871",-0.114790360425891,0.291115311909263,0.459801194117628,"TarBase"
"ENSG00000182952",-0.295461930930111,0.66351606805293,1.69914659890562,"TarBase"
"ENSG00000182979",-0.0775385615220931,0.66351606805293,1.53836396117,"TarBase"
"ENSG00000183010",-0.400602252103536,0.827977315689981,5.93478483207309,"TarBase"
"ENSG00000183048",-0.201376223388737,0.417769376181474,0.721752786745995,"TarBase"
"ENSG00000183137",0.0315190732129237,0.706994328922495,2.05004024935223,"TarBase"
"ENSG00000183255",-0.119511568759967,0.886578449905482,4.43976073966399,"TarBase"
"ENSG00000183421",-0.0988530718578627,0.264650283553875,0.486079375505407,"TarBase"
"ENSG00000183527",-0.427507956879818,0.962192816635161,11.6466288107037,"TarBase"
"ENSG00000183579",-0.184314102842199,0.812854442344045,4.20284355614043,"TarBase"
"ENSG00000183684",-0.167925101799907,0.521739130434783,1.19570262359934,"TarBase"
"ENSG00000183688",-0.120468888482667,0.323251417769376,0.584660832973718,"TarBase"
"ENSG00000183722",-0.213159264210602,0.708884688090737,2.50583333563968,"TarBase"
"ENSG00000183723",0.0506743276829915,0.809073724007561,3.28629166885401,"TarBase"
"ENSG00000183763",-0.0716446166612217,0.657844990548204,1.88081901157765,"TarBase"
"ENSG00000183765",-0.0508476204041043,0.931947069943289,5.65537344727032,"TarBase"
"ENSG00000183785",0.0612671608899797,0.31758034026465,0.536622667972452,"TarBase"
"ENSG00000183853",-0.000198720878631118,0.531190926275992,1.2794355234402,"TarBase"
"ENSG00000183856",-0.0168367706979748,0.361058601134216,0.708064368637313,"TarBase"
"ENSG00000183864",-0.120253193611574,0.646502835538752,1.76471144652912,"TarBase"
"ENSG00000183891",0.0621384232409151,0.35538752362949,0.514133544641153,"TarBase"
"ENSG00000183955",-0.124368717518955,0.661625708884688,1.85117739800133,"TarBase"
"ENSG00000184007",-0.260581674607685,0.901701323251418,5.35032994907186,"TarBase"
"ENSG00000184083",0.038672508986826,0.551984877126654,1.24045009005928,"TarBase"
"ENSG00000184164",-0.16537921629178,0.705103969754253,2.27416583915908,"TarBase"
"ENSG00000184178",-0.150594764442631,0.803402646502836,3.40015146703722,"TarBase"
"ENSG00000184220",-0.283274849124029,0.973534971644612,9.91705613714237,"TarBase"
"ENSG00000184226",-0.13695531111521,0.695652173913043,2.19434545182693,"TarBase"
"ENSG00000184232",-0.222214583127461,0.315689981096408,0.600282673956301,"TarBase"
"ENSG00000184445",-0.0284472656196156,0.924385633270321,5.0992224090835,"TarBase"
"ENSG00000184500",0.0467398137547477,0.406427221172023,0.704132463024643,"TarBase"
"ENSG00000184575",-0.145534174206626,0.869565217391304,4.33083230754896,"TarBase"
"ENSG00000184640",-0.055799588870441,0.742911153119093,2.80139024367183,"TarBase"
"ENSG00000184661",-0.10814480936898,0.551984877126654,1.31706176250614,"TarBase"
"ENSG00000184743",-0.122589459409945,0.489603024574669,1.06586848654351,"TarBase"
"ENSG00000184831",0.01750068771245,0.896030245746692,3.99354138893226,"TarBase"
"ENSG00000184840",-0.348181736530556,0.998109640831758,24.2937341075022,"TarBase"
"ENSG00000184897",-0.0485991467753617,0.415879017013232,0.635506117881107,"TarBase"
"ENSG00000184916",0.0185696579764242,0.374291115311909,0.590767481664152,"TarBase"
"ENSG00000184979",0.0187063572853649,0.693761814744801,1.70583775449895,"TarBase"
"ENSG00000184990",-0.577983535560349,0.97164461247637,13.1745539370431,"TarBase"
"ENSG00000184992",-0.249605287591885,0.7882797731569,3.88189780657638,"TarBase"
"ENSG00000185043",-0.406410413720565,0.935727788279773,6.87589152570751,"TarBase"
"ENSG00000185046",0.0107147574598687,0.786389413988658,9.00903749174701,"TarBase"
"ENSG00000185085",-0.115929613358573,0.270321361058601,0.437905596517629,"TarBase"
"ENSG00000185088",0.0402853504109955,0.99054820415879,22.0933111011677,"TarBase"
"ENSG00000185129",-0.0796410537292957,0.525519848771267,1.06968014456247,"TarBase"
"ENSG00000185163",-0.247801846191245,0.629489603024575,1.6859527989081,"TarBase"
"ENSG00000185201",0.195200980486521,0.680529300567108,2.13664704999359,"TarBase"
"ENSG00000185222",0.18415744314082,0.996219281663516,22.2746357566689,"TarBase"
"ENSG00000185238",-0.296998022993438,0.792060491493384,3.02412620256461,"TarBase"
"ENSG00000185262",-0.0371382161682129,0.540642722117202,1.2722016923457,"TarBase"
"ENSG00000185298",0.00570104903131965,0.799621928166352,2.78843755527497,"TarBase"
"ENSG00000185344",-0.0647854385993827,0.671077504725898,1.79748033527783,"TarBase"
"ENSG00000185347",-0.0941289585762235,0.444234404536862,0.785582512210622,"TarBase"
"ENSG00000185420",-0.0306213304709139,0.979206049149338,15.6690818886163,"TarBase"
"ENSG00000185432",0.0398015936364389,0.285444234404537,0.480440176868856,"TarBase"
"ENSG00000185475",-0.472928391530914,0.786389413988658,3.75486797246601,"TarBase"
"ENSG00000185480",-0.0616919075655295,0.816635160680529,2.9206776849858,"TarBase"
"ENSG00000185483",-0.0380108598065031,0.603024574669187,1.69812582855531,"TarBase"
"ENSG00000185591",0.0592088512137981,0.841209829867675,3.60656847509226,"TarBase"
"ENSG00000185624",-0.216761160212611,0.977315689981096,13.8020522389447,"TarBase"
"ENSG00000185630",-0.0496415248024988,0.846880907372401,5.96198125831462,"TarBase"
"ENSG00000185658",0.0523430953677386,0.911153119092628,5.72650940848947,"TarBase"
"ENSG00000185716",0.0816943133087527,0.514177693761815,1.06525802103533,"TarBase"
"ENSG00000185721",-0.228839323731891,0.996219281663516,17.3829396509737,"TarBase"
"ENSG00000185803",-0.179144013233572,0.448015122873346,0.807728644505689,"TarBase"
"ENSG00000185808",0.181694941653926,0.867674858223062,3.62442162117186,"TarBase"
"ENSG00000185818",-0.0620447710737443,0.298676748582231,0.496852273098357,"TarBase"
"ENSG00000185838",-0.196710752002602,0.691871455576559,2.04755150754801,"TarBase"
"ENSG00000185885",0.124966933094864,0.294896030245747,0.48606863986443,"TarBase"
"ENSG00000185947",-0.0616749386822944,0.53875236294896,1.11808784599812,"TarBase"
"ENSG00000185963",-0.10226460159514,0.604914933837429,1.41365602522747,"TarBase"
"ENSG00000186063",-0.103421953996657,0.379962192816635,0.64303964065696,"TarBase"
"ENSG00000186141",-0.0781316474798384,0.799621928166352,2.85025730088765,"TarBase"
"ENSG00000186185",-0.253314689131816,0.616257088846881,2.51428152669022,"TarBase"
"ENSG00000186193",-0.215886550696024,0.296786389413989,0.51001449706701,"TarBase"
"ENSG00000186205",-0.382695030818095,0.45179584120983,0.98559627396072,"TarBase"
"ENSG00000186222",-0.141174709472364,0.275992438563327,0.448478477045529,"TarBase"
"ENSG00000186260",0.0676776455396146,0.724007561436673,1.90744190360623,"TarBase"
"ENSG00000186283",-0.226145722049206,0.631379962192817,1.57284109516394,"TarBase"
"ENSG00000186416",-0.221479256606768,0.899810964083176,4.97292031679931,"TarBase"
"ENSG00000186432",-0.067709932141263,0.625708884688091,1.55451045906781,"TarBase"
"ENSG00000186522",-0.122199044031864,0.657844990548204,1.68349818049657,"TarBase"
"ENSG00000186575",0.0505083179484908,0.994328922495274,11.9913299559545,"TarBase"
"ENSG00000186625",-0.0806493838163249,0.839319470699433,4.47398149889906,"TarBase"
"ENSG00000186687",-0.212575596703296,0.638941398865784,1.69405954040918,"TarBase"
"ENSG00000186908",0.0488264055700037,0.718336483931947,1.84708150943919,"TarBase"
"ENSG00000186951",0.0720358018738659,0.489603024574669,1.08927627066647,"TarBase"
"ENSG00000187068",-0.0582991353930799,0.262759924385633,0.449395030017197,"TarBase"
"ENSG00000187079",0.0490638790622772,0.826086956521739,3.31108787465905,"TarBase"
"ENSG00000187109",-0.0826692417281578,0.994328922495274,15.6198316068902,"TarBase"
"ENSG00000187239",0.178911428032038,0.88468809073724,4.86259256893731,"TarBase"
"ENSG00000187240",-0.0895292324450853,0.871455576559546,4.38667039549456,"TarBase"
"ENSG00000187446",-0.179571484072752,0.688090737240076,2.11244013056455,"TarBase"
"ENSG00000187498",0.0271150239941963,0.559546313799622,8.30276984385463,"TarBase"
"ENSG00000187514",-0.69606934053684,1,129.934143125683,"TarBase"
"ENSG00000187522",-0.177799053702106,0.497164461247637,1.02779899390938,"TarBase"
"ENSG00000187605",0.052057313789016,0.731568998109641,2.28579194282469,"TarBase"
"ENSG00000187608",-0.152188570002166,0.495274102079395,1.22581401502696,"TarBase"
"ENSG00000187634",0.0374788935539306,0.623818525519849,1.44833272886465,"TarBase"
"ENSG00000187741",-0.163365570965624,0.969754253308129,11.5506559521604,"TarBase"
"ENSG00000187772",-0.263905007729267,0.829867674858223,3.58060835760755,"TarBase"
"ENSG00000187790",0.0559637830829349,0.776937618147448,2.54306036677538,"TarBase"
"ENSG00000187840",-0.42141117272483,0.89413988657845,9.96820766801783,"TarBase"
"ENSG00000187860",0.061936538374905,0.586011342155009,1.20664203210645,"TarBase"
"ENSG00000188070",0.0623749470116379,0.32703213610586,0.450936704009456,"TarBase"
"ENSG00000188229",-0.321813529855056,0.98109640831758,35.8510015948677,"TarBase"
"ENSG00000188295",0.023055255903386,0.283553875236295,0.455288479457787,"TarBase"
"ENSG00000188313",-0.107411326626119,0.657844990548204,1.49755105654014,"TarBase"
"ENSG00000188321",-0.129572227253372,0.260869565217391,0.384071424892747,"TarBase"
"ENSG00000188338",0.227135371670796,0.287334593572779,0.565559280094009,"TarBase"
"ENSG00000188343",0.0202821239690702,0.708884688090737,1.96925044006407,"TarBase"
"ENSG00000188372",-0.0319586421196998,0.625708884688091,1.37933139449028,"TarBase"
"ENSG00000188486",-0.138936346794308,0.459357277882798,0.888871738288721,"TarBase"
"ENSG00000188529",-0.156915037200482,0.982986767485822,10.483214579113,"TarBase"
"ENSG00000188647",-0.0144667141979622,0.589792060491493,1.21557383919953,"TarBase"
"ENSG00000188725",-0.0358160105864837,0.761814744801512,2.14697896403777,"TarBase"
"ENSG00000188811",-0.0299776901716571,0.516068052930057,1.00090262716579,"TarBase"
"ENSG00000188994",0.141404141552161,0.907372400756144,4.16109423946647,"TarBase"
"ENSG00000189050",-0.0279362691963184,0.642722117202268,1.36493599819929,"TarBase"
"ENSG00000189060",0.0532697768853261,0.32703213610586,0.697343909971127,"TarBase"
"ENSG00000189067",-0.0817893522503981,0.453686200378072,1.18866432745502,"TarBase"
"ENSG00000189144",-0.0895738588608356,0.587901701323251,1.84822849689852,"TarBase"
"ENSG00000189308",0.0775417627778253,0.725897920604915,2.09459054634888,"TarBase"
"ENSG00000189319",-0.154944876687049,0.264650283553875,0.366288557093319,"TarBase"
"ENSG00000189376",0.0900033507689685,0.87523629489603,3.56439429101378,"TarBase"
"ENSG00000196151",0.122172714053999,0.593572778827977,1.21654069700602,"TarBase"
"ENSG00000196155",-0.0608440633617727,0.311909262759924,0.465101724479303,"TarBase"
"ENSG00000196230",-0.302076583831973,0.652173913043478,2.04358651528857,"TarBase"
"ENSG00000196247",-0.0407808130979966,0.631379962192817,1.55818051460524,"TarBase"
"ENSG00000196290",-0.0798100680074366,0.899810964083176,3.70706086609182,"TarBase"
"ENSG00000196352",-0.106834433424028,0.758034026465028,2.28321187455374,"TarBase"
"ENSG00000196363",-0.181246222493745,0.712665406427221,2.16248843601988,"TarBase"
"ENSG00000196367",0.130895181849777,0.928166351606805,4.80149546485087,"TarBase"
"ENSG00000196387",-0.0327393910017321,0.349716446124764,0.574565783939737,"TarBase"
"ENSG00000196417",-0.0430787057585858,0.400756143667297,0.605317192719999,"TarBase"
"ENSG00000196449",-0.152038337603249,0.368620037807183,0.639168953634101,"TarBase"
"ENSG00000196504",-0.312529294118343,0.969754253308129,10.4594109741393,"TarBase"
"ENSG00000196510",-0.248888907246379,0.939508506616257,6.21165153961958,"TarBase"
"ENSG00000196531",-0.221759792015041,1,109.838362718712,"TarBase"
"ENSG00000196576",0.0864124814894616,0.476370510396975,1.05347397367755,"TarBase"
"ENSG00000196584",-0.0187234616031907,0.896030245746692,4.52457993366599,"TarBase"
"ENSG00000196628",-0.121624683551501,0.671077504725898,2.13461158541532,"TarBase"
"ENSG00000196636",-0.126000019968863,0.899810964083176,4.80481669736538,"TarBase"
"ENSG00000196670",-0.0553694536121647,0.517958412098299,0.9749553191744,"TarBase"
"ENSG00000196715",-0.258246401282159,0.89413988657845,5.23269696474125,"TarBase"
"ENSG00000196730",-0.0329173195843617,0.754253308128544,2.63484848306038,"TarBase"
"ENSG00000196850",-0.0212139321475728,0.814744801512287,3.32018406090982,"TarBase"
"ENSG00000196865",-0.0624118882580981,0.739130434782609,2.16681651336845,"TarBase"
"ENSG00000196876",-0.0232578010809346,0.482041587901701,1.00921944700983,"TarBase"
"ENSG00000196923",0.0897272321694312,0.75047258979206,2.35812913213451,"TarBase"
"ENSG00000196924",-0.119086910608817,0.7882797731569,3.31770483008173,"TarBase"
"ENSG00000196950",-0.205995755011985,0.635160680529301,1.43946498944579,"TarBase"
"ENSG00000196975",0.0173077293398995,0.640831758034026,1.61085236201627,"TarBase"
"ENSG00000196976",-0.275035154912939,0.655954631379962,1.73004335112601,"TarBase"
"ENSG00000197043",0.00398061892564799,0.935727788279773,4.97386890505097,"TarBase"
"ENSG00000197045",-0.00557790493982931,0.635160680529301,1.39596379175032,"TarBase"
"ENSG00000197050",-0.0282460773924126,0.391304347826087,0.707029586169999,"TarBase"
"ENSG00000197056",-0.151908665997763,0.873345935727788,4.59510476297187,"TarBase"
"ENSG00000197070",-0.204750403357219,0.434782608695652,0.747810685074972,"TarBase"
"ENSG00000197077",-0.127502455269258,0.897920604914934,5.71106564265686,"TarBase"
"ENSG00000197121",0.0575827180536359,0.618147448015123,1.41392027469702,"TarBase"
"ENSG00000197157",-0.204345124965798,0.986767485822306,14.4782024801079,"TarBase"
"ENSG00000197226",-0.185619916332479,0.839319470699433,3.74338697075878,"TarBase"
"ENSG00000197256",0.0277284843575592,0.487712665406427,1.01153689883081,"TarBase"
"ENSG00000197275",0.0789984823736767,0.725897920604915,2.03316184440783,"TarBase"
"ENSG00000197299",-0.0380262064943171,0.854442344045369,3.50104134000119,"TarBase"
"ENSG00000197321",-0.015844103541953,0.614366729678639,1.83785009212198,"TarBase"
"ENSG00000197324",0.0656269264435025,0.466918714555766,0.771640530156583,"TarBase"
"ENSG00000197343",-0.104549357211994,0.80718336483932,2.47282490500335,"TarBase"
"ENSG00000197355",-0.053689765804917,0.281663516068053,0.484864025105142,"TarBase"
"ENSG00000197375",-0.142151476784088,0.311909262759924,0.619431904648559,"TarBase"
"ENSG00000197381",-0.00735639033008545,0.642722117202268,1.66577710507577,"TarBase"
"ENSG00000197417",-0.187727330486479,0.245746691871456,0.327483225526551,"TarBase"
"ENSG00000197448",-0.305194363858858,0.801512287334594,3.81561607653792,"TarBase"
"ENSG00000197451",-0.444350822571585,0.988657844990548,12.8114472635256,"TarBase"
"ENSG00000197498",-0.461081186025925,0.941398865784499,8.36433848100389,"TarBase"
"ENSG00000197535",0.121988254598002,0.610586011342155,1.28152253501075,"TarBase"
"ENSG00000197601",-0.119428884590586,0.816635160680529,3.27055917116917,"TarBase"
"ENSG00000197632",-0.0596785862184583,0.245746691871456,0.332651938113316,"TarBase"
"ENSG00000197712",-0.0011208751087646,0.285444234404537,0.635614097449515,"TarBase"
"ENSG00000197747",-0.215004036321803,0.922495274102079,5.86620654935989,"TarBase"
"ENSG00000197756",0.184093765411873,1,293.680760365066,"TarBase"
"ENSG00000197780",0.019537898375796,0.820415879017013,2.67617018307472,"TarBase"
"ENSG00000197785",-0.249728983055753,0.763705103969754,2.93784803761515,"TarBase"
"ENSG00000197892",0.0617782913880686,0.542533081285444,1.29366824127567,"TarBase"
"ENSG00000197905",-0.261523647159985,0.708884688090737,3.10233474619177,"TarBase"
"ENSG00000197930",-0.0769172303001809,0.714555765595463,2.05913947688,"TarBase"
"ENSG00000197959",-0.0559140540770537,0.559546313799622,1.5133020356573,"TarBase"
"ENSG00000197961",-0.264580754331095,0.841209829867675,3.74649537327885,"TarBase"
"ENSG00000197965",-0.124966580525604,0.7882797731569,2.82727640302268,"TarBase"
"ENSG00000197982",0.0179944682397391,0.410207939508507,0.637427639072953,"TarBase"
"ENSG00000198000",-0.130783630540134,0.829867674858223,3.5184030373205,"TarBase"
"ENSG00000198015",-0.352748803629989,0.975425330812854,9.66981500476264,"TarBase"
"ENSG00000198018",-0.127755687928435,0.398865784499055,0.691183075763209,"TarBase"
"ENSG00000198026",-0.120448555266637,0.546313799621928,0.974926280609037,"TarBase"
"ENSG00000198039",-0.0529366872987395,0.603024574669187,1.56114932105528,"TarBase"
"ENSG00000198042",-0.230825420115189,0.553875236294896,1.14528032748739,"TarBase"
"ENSG00000198056",-0.0705539445783073,0.810964083175803,3.58819843960734,"TarBase"
"ENSG00000198087",0.0824020459795931,0.805293005671078,2.51822753489879,"TarBase"
"ENSG00000198108",-0.0603078555895157,0.436672967863894,1.17478491103158,"TarBase"
"ENSG00000198146",-0.0603213507642878,0.561436672967864,1.19475856470092,"TarBase"
"ENSG00000198176",-0.291375500376077,0.76937618147448,3.0795673782137,"TarBase"
"ENSG00000198242",0.05153001602753,1,288.358860783475,"TarBase"
"ENSG00000198252",-0.130850649984641,0.550094517958412,1.27540383132772,"TarBase"
"ENSG00000198301",-0.217193642983549,0.722117202268431,2.36800867989553,"TarBase"
"ENSG00000198353",-0.00789203882568206,0.586011342155009,1.24476587765055,"TarBase"
"ENSG00000198355",-0.0655631383235926,0.568998109640832,1.38451927130138,"TarBase"
"ENSG00000198363",-0.170881302874706,0.860113421550095,3.43103630585241,"TarBase"
"ENSG00000198369",-0.0449240838245085,0.512287334593573,1.23965581175615,"TarBase"
"ENSG00000198380",0.16911026137977,0.873345935727788,3.8288165310657,"TarBase"
"ENSG00000198399",0.0454185674013092,0.712665406427221,1.9448518938533,"TarBase"
"ENSG00000198431",-0.341083071217271,0.930056710775047,7.23429017617237,"TarBase"
"ENSG00000198478",0.0503303072283391,0.66351606805293,1.61534788764587,"TarBase"
"ENSG00000198498",-0.276043269104167,0.935727788279773,5.87781482159407,"TarBase"
"ENSG00000198554",-0.0753943013939112,0.877126654064272,4.31101376790878,"TarBase"
"ENSG00000198561",-0.0748842403689342,0.372400756143667,0.583070607973904,"TarBase"
"ENSG00000198604",-0.156515338040819,0.924385633270321,5.99572906288901,"TarBase"
"ENSG00000198626",0.0401006746199517,0.534971644612476,1.76737219037278,"TarBase"
"ENSG00000198663",0.0599578205348808,0.68241965973535,1.65191803353252,"TarBase"
"ENSG00000198668",-0.390352924625588,0.988657844990548,17.7092891265462,"TarBase"
"ENSG00000198673",0.0656740608956561,0.277882797731569,0.505735074250461,"TarBase"
"ENSG00000198677",-0.0837653407294186,0.854442344045369,3.46274949254955,"TarBase"
"ENSG00000198682",-0.125506733558607,0.206049149338374,0.39611896580186,"TarBase"
"ENSG00000198690",-0.086409731948728,0.463137996219282,0.778639286400335,"TarBase"
"ENSG00000198695",-0.0271562909260475,1,91.0392597002723,"TarBase"
"ENSG00000198712",0.26727162232753,1,991.5827969916,"TarBase"
"ENSG00000198715",-0.187445293827122,0.589792060491493,1.36500322948901,"TarBase"
"ENSG00000198721",-0.533967611788466,0.744801512287335,4.1089634735578,"TarBase"
"ENSG00000198736",-0.105758038865018,0.621928166351607,1.43598240659687,"TarBase"
"ENSG00000198746",0.0465959168575391,0.606805293005671,1.28693537951824,"TarBase"
"ENSG00000198755",-0.0870705227412273,1,162.162814412714,"TarBase"
"ENSG00000198792",0.0188899636006292,0.835538752362949,4.07681742435525,"TarBase"
"ENSG00000198805",-0.319074079318495,0.773156899810964,3.32713932145636,"TarBase"
"ENSG00000198814",-0.113472472931808,0.553875236294896,1.3478442270703,"TarBase"
"ENSG00000198830",-0.316735171943316,1,78.1912716235829,"TarBase"
"ENSG00000198832",0.18871479619281,0.867674858223062,3.46765146695154,"TarBase"
"ENSG00000198833",-0.18294057116367,0.517958412098299,1.06617692635803,"TarBase"
"ENSG00000198836",-0.0851398681316755,0.631379962192817,1.58377387385613,"TarBase"
"ENSG00000198837",0.0390397755495382,0.633270321361059,1.51930934565261,"TarBase"
"ENSG00000198838",0.048185025397761,0.340264650283554,0.631123543617806,"TarBase"
"ENSG00000198839",0.125677035963063,0.691871455576559,1.6183448273607,"TarBase"
"ENSG00000198856",-0.587081257307677,0.975425330812854,15.9955582860314,"TarBase"
"ENSG00000198876",0.0272434219937268,0.706994328922495,1.86794859183152,"TarBase"
"ENSG00000198886",0.0574262848853282,1,140.148293378562,"TarBase"
"ENSG00000198887",0.0586425382559978,0.871455576559546,3.6155765007751,"TarBase"
"ENSG00000198888",0.227918092947997,1,309.241613888367,"TarBase"
"ENSG00000198901",-0.127642526369233,0.862003780718336,6.10919703358495,"TarBase"
"ENSG00000198909",0.0205460543278186,0.620037807183365,1.86320596516589,"TarBase"
"ENSG00000198912",-0.189977221389149,0.684310018903592,1.89273118763919,"TarBase"
"ENSG00000198925",0.0549517503793632,0.372400756143667,0.605729675940758,"TarBase"
"ENSG00000198937",-0.0394344535650064,0.965973534971645,8.10681071957475,"TarBase"
"ENSG00000198947",0.0352327022812422,0.608695652173913,2.43656384636727,"TarBase"
"ENSG00000198961",0.126254202503307,0.801512287334594,2.52655557508754,"TarBase"
"ENSG00000198964",0.0183201700289385,0.720226843100189,2.41546309459259,"TarBase"
"ENSG00000203485",-0.101324273869514,0.400756143667297,0.741525662369184,"TarBase"
"ENSG00000203666",0.0152269620370722,0.805293005671078,3.09248877175812,"TarBase"
"ENSG00000203724",-0.0763955563474692,0.440453686200378,0.657099304944781,"TarBase"
"ENSG00000203760",-0.380814656597015,0.98109640831758,18.8034620378359,"TarBase"
"ENSG00000203880",-0.055931718576983,0.383742911153119,0.55547572806477,"TarBase"
"ENSG00000204116",0.0658801017022835,0.695652173913043,1.75709413564594,"TarBase"
"ENSG00000204138",0.151616747915383,0.982986767485822,10.6259532032253,"TarBase"
"ENSG00000204178",0.123641327185432,0.631379962192817,1.48206237833049,"TarBase"
"ENSG00000204220",-0.194117091739912,0.831758034026465,3.28834236291427,"TarBase"
"ENSG00000204271",-0.00940011228860254,0.404536862003781,0.610990517056611,"TarBase"
"ENSG00000204310",-0.057213543062176,0.485822306238185,0.855788151859908,"TarBase"
"ENSG00000204356",-0.22227600224951,0.674858223062382,1.88490195983429,"TarBase"
"ENSG00000204370",-0.428418323775798,0.958412098298677,8.57145588851988,"TarBase"
"ENSG00000204392",-0.136637516543131,0.697542533081285,1.8701494001075,"TarBase"
"ENSG00000204469",-0.0936980820215337,0.578449905482042,1.12171045382869,"TarBase"
"ENSG00000204524",0.097115464920284,0.429111531190926,0.832624034826275,"TarBase"
"ENSG00000204628",0.120606818459645,1,315.604087345257,"TarBase"
"ENSG00000204673",-0.0816278192014085,0.396975425330813,0.710953813129293,"TarBase"
"ENSG00000204843",-0.0945213257314353,0.852551984877127,3.03288452064842,"TarBase"
"ENSG00000205060",-0.157816830091939,0.901701323251418,4.34526920483764,"TarBase"
"ENSG00000205133",0.09494075207617,0.334593572778828,0.436899695031987,"TarBase"
"ENSG00000205189",-0.212522394389444,0.489603024574669,1.30076392139286,"TarBase"
"ENSG00000205208",-0.123135140213069,0.347826086956522,0.635494423177249,"TarBase"
"ENSG00000205213",-0.00884447153833068,0.457466918714556,1.03388998393628,"TarBase"
"ENSG00000205250",-0.139553634310186,0.478260869565217,0.923910756882444,"TarBase"
"ENSG00000205323",-0.104735721732009,0.440453686200378,0.702841770671308,"TarBase"
"ENSG00000205339",-0.0497842896949761,0.979206049149338,9.75878589460009,"TarBase"
"ENSG00000205542",-0.041251586096916,0.786389413988658,5.20735538465195,"TarBase"
"ENSG00000205544",-0.000937536196919525,0.725897920604915,1.94021917259493,"TarBase"
"ENSG00000205581",-0.241947696410737,0.996219281663516,32.8035909321686,"TarBase"
"ENSG00000205659",-0.000204932485130094,0.956521739130435,6.99597301930712,"TarBase"
"ENSG00000205758",-0.073473873152513,0.854442344045369,3.36862027616812,"TarBase"
"ENSG00000205903",-0.0365341990394972,0.603024574669187,1.37148382529871,"TarBase"
"ENSG00000206053",-0.524044033780567,0.850661625708885,4.92604863549443,"TarBase"
"ENSG00000206503",0.0895630623598796,0.257088846880907,0.366028147296945,"TarBase"
"ENSG00000206527",-0.123029398235735,0.775047258979206,2.6543415243158,"TarBase"
"ENSG00000206557",-0.119438487573903,0.534971644612476,1.27693465445394,"TarBase"
"ENSG00000211452",0.0762005596924563,0.293005671077505,0.517012969380862,"TarBase"
"ENSG00000211455",-0.0559292807776217,0.506616257088847,1.01163233632701,"TarBase"
"ENSG00000211460",-0.28160509834818,0.90359168241966,5.12929856851205,"TarBase"
"ENSG00000211584",-0.00518263635686886,0.434782608695652,0.807088306885319,"TarBase"
"ENSG00000213024",-0.304709328152871,0.907372400756144,5.10925937513692,"TarBase"
"ENSG00000213064",-0.248464757852532,0.756143667296786,2.7270223167941,"TarBase"
"ENSG00000213160",-0.00735435286379886,0.775047258979206,3.34187237227203,"TarBase"
"ENSG00000213281",-0.145345546533723,0.708884688090737,2.0476619926808,"TarBase"
"ENSG00000213341",-0.0318306206894548,0.703213610586011,1.78187010042853,"TarBase"
"ENSG00000213390",-0.0795685090674877,0.287334593572779,0.443457924867028,"TarBase"
"ENSG00000213397",-0.175937487528691,0.24952741020794,0.377178939173133,"TarBase"
"ENSG00000213463",-0.0209248113955531,0.446124763705104,0.819808071161013,"TarBase"
"ENSG00000213551",0.00742526200690524,0.948960302457467,7.72598282820653,"TarBase"
"ENSG00000213619",-0.175637407660746,0.988657844990548,9.99536494268264,"TarBase"
"ENSG00000213625",-0.142508914027918,0.601134215500945,1.54222302533058,"TarBase"
"ENSG00000213722",0.0788750161230203,0.31758034026465,0.473200914284397,"TarBase"
"ENSG00000213741",0.00899209777731998,1,214.897340143303,"TarBase"
"ENSG00000213965",-0.208913512459543,0.480151228733459,1.18987508265734,"TarBase"
"ENSG00000213977",-0.204025402943177,0.671077504725898,1.81775427343237,"TarBase"
"ENSG00000214022",-0.00945032181665035,0.665406427221172,1.58373972068454,"TarBase"
"ENSG00000214114",-0.317834774301064,0.701323251417769,1.95775771675849,"TarBase"
"ENSG00000214160",-0.247287524800951,0.814744801512287,2.81736157577462,"TarBase"
"ENSG00000214706",-0.472159445342892,0.716446124763705,3.98959852676728,"TarBase"
"ENSG00000215251",0.0331256175425795,0.66351606805293,1.55529707045871,"TarBase"
"ENSG00000215301",-0.173125748390394,0.988657844990548,11.9999371111323,"TarBase"
"ENSG00000221823",-0.0492015162457541,0.310018903591682,0.50019823346897,"TarBase"
"ENSG00000221829",0.00284159936520961,0.610586011342155,1.48458397384018,"TarBase"
"ENSG00000221914",-0.0192762188724903,0.775047258979206,2.54605062653692,"TarBase"
"ENSG00000221944",-0.00480633630543729,0.374291115311909,0.57985914930797,"TarBase"
"ENSG00000221978",0.107972983831395,0.888468809073724,4.247308563484,"TarBase"
"ENSG00000227500",-0.0357716623265745,0.756143667296786,2.44099041000034,"TarBase"
"ENSG00000228716",-0.0147331742321023,0.996219281663516,13.5067620518666,"TarBase"
"ENSG00000229117",-0.24740772661054,1,136.696517523796,"TarBase"
"ENSG00000231500",0.0408316496809918,1,204.941430553548,"TarBase"
"ENSG00000233276",0.0743362208530816,0.969754253308129,9.97545445931618,"TarBase"
"ENSG00000234745",0.257910623765202,0.809073724007561,3.09498889536403,"TarBase"
"ENSG00000237649",-0.125500729271572,0.370510396975425,0.839044451912859,"TarBase"
"ENSG00000239306",-0.158236968397276,0.703213610586011,2.00931936508941,"TarBase"
"ENSG00000239789",-0.449994983776203,0.950850661625709,7.60461466389596,"TarBase"
"ENSG00000239900",-0.357314862338077,0.952741020793951,7.51620798794523,"TarBase"
"ENSG00000241553",-0.227289868144038,0.616257088846881,1.55796454836682,"TarBase"
"ENSG00000242372",-0.494626252314097,0.962192816635161,11.360248754192,"TarBase"
"ENSG00000242485",-0.29411750162639,0.979206049149338,13.2995321572612,"TarBase"
"ENSG00000242616",-0.526339678972177,0.739130434782609,3.32680695934184,"TarBase"
"ENSG00000243477",-0.0920436689462297,0.277882797731569,0.418499809085751,"TarBase"
"ENSG00000244187",-0.162673538406585,0.88468809073724,4.89904413680181,"TarBase"
"ENSG00000244462",-0.123543335598079,0.705103969754253,2.00629538323513,"TarBase"
"ENSG00000244754",0.426773036900441,0.979206049149338,9.4218776003685,"TarBase"
"ENSG00000247626",-0.215875335446246,0.361058601134216,0.613497621377122,"TarBase"
"ENSG00000249115",0.0429316535675322,0.742911153119093,1.96760339291196,"TarBase"
"ENSG00000250317",-0.0971808316964528,0.640831758034026,1.44820069511122,"TarBase"
"ENSG00000250479",-0.294479563763444,0.302457466918715,0.54270829742657,"TarBase"
"ENSG00000253719",0.0488541724539283,0.737240075614367,2.30885042839836,"TarBase"
"ENSG00000253729",-0.144410903549462,0.988657844990548,16.2971389025641,"TarBase"
"ENSG00000256235",-0.124662393765225,0.293005671077505,0.597989439590244,"TarBase"
"ENSG00000256269",-0.444384619891465,0.833648393194707,4.16392841890991,"TarBase"
"ENSG00000257727",-0.227680821047651,0.67296786389414,1.65711755807006,"TarBase"
"ENSG00000260916",0.0802320943510646,0.531190926275992,0.932952813655095,"TarBase"
"ENSG00000264343",0.043894550082895,0.313799621928166,0.468007206232008,"TarBase"
"ENSG00000265241",-0.230446508026575,0.986767485822306,23.482724962024,"TarBase"
"ENSG00000266412",0.0376675939776575,0.87523629489603,3.62501013064799,"TarBase"
"ENSG00000268043",0.0750016631610116,0.758034026465028,2.06485525194653,"TarBase"
"ENSG00000269190",-0.168086250357852,0.727788279773157,2.3287541122194,"TarBase"
"ENSG00000269343",-0.160614039759084,0.213610586011342,0.370777115145128,"TarBase"
"ENSG00000272886",0.128507379606539,0.88468809073724,3.90146281137265,"TarBase"
"ENSG00000274211",0.00723935190620545,0.334593572778828,0.467196093874369,"TarBase"
"ENSG00000275004",0.0218479470545477,0.536862003780718,0.953851284783817,"TarBase"
"ENSG00000275111",-0.0503002847756605,0.383742911153119,0.667546000728737,"TarBase"
"ENSG00000275700",-0.179129539352379,0.65406427221172,1.65781638907537,"TarBase"
"ENSG00000276023",0.0157431258369715,0.34593572778828,0.511910857259175,"TarBase"
"ENSG00000276043",-0.164259270438262,0.776937618147448,6.71565358147897,"TarBase"
"ENSG00000276045",-0.102541776219795,0.251417769376181,0.379447155570393,"TarBase"
"ENSG00000278053",-0.0122905330217744,0.746691871455577,2.221777227945,"TarBase"
"ENSG00000278259",-0.178637402255001,0.238185255198488,0.337141011862334,"TarBase"
"ENSG00000169241",-0.365636205295424,0.741020793950851,3.42983282784878,"TargetScan top200"
"ENSG00000177105",-0.13856789036186,0.321361058601134,0.737865428580584,"TargetScan top200"
"ENSG00000163428",-0.282530320720141,0.504725897920605,1.5850663675438,"TargetScan top200"
"ENSG00000086062",-0.182116939685826,0.353497164461248,0.696767462452496,"TargetScan top200"
"ENSG00000182552",-0.168057758432283,0.491493383742911,0.971112683213024,"TargetScan top200"
"ENSG00000113732",-0.381696315477957,0.858223062381853,7.25839186297213,"TargetScan top200"
"ENSG00000197077",-0.127502455269258,0.897920604914934,5.71106564265686,"TargetScan top200"
"ENSG00000049245",-0.25634245591411,0.480151228733459,1.83389216105912,"TargetScan top200"
"ENSG00000167315",-0.43370301914848,0.45179584120983,1.32322911616154,"TargetScan top200"
"ENSG00000102158",-0.27180287970787,0.858223062381853,5.90820984941952,"TargetScan top200"
"ENSG00000168528",-0.0887173828381076,0.24007561436673,0.425917025965901,"TargetScan top200"
"ENSG00000120742",-0.227508518692862,0.735349716446125,3.12806433151254,"TargetScan top200"
"ENSG00000134253",-0.0328576095971545,0.285444234404537,0.460330372205483,"TargetScan top200"
"ENSG00000176018",-0.147851439351669,0.45179584120983,0.944658567494936,"TargetScan top200"
"ENSG00000127947",0.0318378984506289,0.65406427221172,2.49851268194578,"TargetScan top200"
"ENSG00000012660",-0.265890541581251,0.846880907372401,4.31867394658773,"TargetScan top200"
"ENSG00000150093",-0.106343130443536,0.544423440453686,1.4700572043009,"TargetScan top200"
"ENSG00000069974",0.133927872106711,0.438563327032136,0.933502968246137,"TargetScan top200"
"ENSG00000144228",-0.0071834321811924,0.402646502835539,0.729943811633906,"TargetScan top200"
"ENSG00000136770",-0.0665248095688871,0.79773156899811,3.63309451813057,"TargetScan top200"
"ENSG00000153574",-0.251064878670452,0.417769376181474,0.982154708885897,"TargetScan top200"
"ENSG00000168916",-0.0881251126240758,0.44234404536862,1.19048016123525,"TargetScan top200"
"ENSG00000103855",-0.226872496386029,0.650283553875236,1.69283033124955,"TargetScan top200"
"ENSG00000107779",0.0889256666141273,0.905482041587902,5.50426295724912,"TargetScan top200"
"ENSG00000204116",0.0658801017022835,0.695652173913043,1.75709413564594,"TargetScan top200"
"ENSG00000038210",-0.23635298901595,0.270321361058601,0.467704764744909,"TargetScan top200"
"ENSG00000011304",-0.343769244679213,0.714555765595463,2.92138390766313,"TargetScan top200"
"ENSG00000119403",-0.174282401808973,0.540642722117202,1.34681851121024,"TargetScan top200"
"ENSG00000187699",-0.0588836093673127,0.926275992438563,5.17887420059389,"TargetScan top200"
"ENSG00000155380",-0.375693901836517,0.54820415879017,1.68363600871535,"TargetScan top200"
"ENSG00000119729",-0.0840048269749105,0.67296786389414,1.70871970890919,"TargetScan top200"
"ENSG00000184232",-0.222214583127461,0.315689981096408,0.600282673956301,"TargetScan top200"
"ENSG00000070882",-0.140883591613474,0.724007561436673,2.57511776364392,"TargetScan top200"
"ENSG00000100647",0.124990103636163,0.534971644612476,1.14216193920342,"TargetScan top200"
"ENSG00000132589",-0.128461388938982,0.485822306238185,1.09051904660467,"TargetScan top200"
"ENSG00000117569",0.0922544255251943,0.98109640831758,8.75453131254629,"TargetScan top200"
"ENSG00000166402",-0.231747471850517,0.43289224952741,0.970782290253421,"TargetScan top200"
"ENSG00000162734",0.00433687098760744,0.699432892249527,2.28657563523184,"TargetScan top200"
"ENSG00000112531",-0.134782543001129,0.848771266540643,4.08631231869159,"TargetScan top200"
"ENSG00000134324",-0.00444864637120654,0.517958412098299,0.972978327170515,"TargetScan top200"
"ENSG00000110090",0.0948041024322283,0.506616257088847,1.13102256347303,"TargetScan top200"
"ENSG00000096433",-0.0362676713620739,0.381852551984877,0.695243597424342,"TargetScan top200"
"ENSG00000172663",-0.283579575137258,0.315689981096408,0.600981274214276,"TargetScan top200"
"ENSG00000119321",-0.00573505297883629,0.499054820415879,0.932244432588536,"TargetScan top200"
"ENSG00000138279",-0.171382404151793,0.784499054820416,2.82909457277075,"TargetScan top200"
"ENSG00000129515",-0.133012488512731,0.909262759924386,5.42809122703638,"TargetScan top200"
"ENSG00000205423",0.0677497666234501,0.30812854442344,0.514100939953642,"TargetScan top200"
"ENSG00000100625",-0.114504793367452,0.300567107750473,0.431906845371339,"TargetScan top200"
"ENSG00000136052",0.0288363926918779,0.429111531190926,0.772966674544681,"TargetScan top200"
"ENSG00000131196",0.0751731193278157,0.266540642722117,0.423523116096256,"TargetScan top200"
"ENSG00000167987",-0.0235307988748996,0.536862003780718,1.0859883590557,"TargetScan top200"
"ENSG00000158769",-0.019193606174531,0.245746691871456,0.458913461676312,"TargetScan top200"
"ENSG00000120063",-0.00953030281833663,0.565217391304348,1.16304050399656,"TargetScan top200"
"ENSG00000189067",-0.0817893522503981,0.453686200378072,1.18866432745502,"TargetScan top200"
"ENSG00000173065",0.0702238222334519,0.897920604914934,4.93040015277422,"TargetScan top200"
"ENSG00000172340",-0.254509297982298,0.75047258979206,2.96233383598606,"TargetScan top200"
"ENSG00000007944",-0.0526734176547289,0.374291115311909,0.626481940432688,"TargetScan top200"
"ENSG00000167565",0.0740937986088324,0.446124763705104,0.846115759890662,"TargetScan top200"
"ENSG00000151233",0.0160458966426762,0.510396975425331,1.1423026244835,"TargetScan top200"
"ENSG00000059588",-0.083595889366751,0.810964083175803,3.53422663758402,"TargetScan top200"
"ENSG00000136867",0.0183482125657774,0.232514177693762,0.359060308172712,"TargetScan top200"
"ENSG00000129116",-0.0953817051917017,0.744801512287335,2.63896672094136,"TargetScan top200"
"ENSG00000011405",0.0502482857487046,0.914933837429111,5.43067244440675,"TargetScan top200"
"ENSG00000157379",-0.190725169404102,0.370510396975425,0.726543807515472,"TargetScan top200"
"ENSG00000125812",0.0128324703648188,0.398865784499055,0.698151543496911,"TargetScan top200"
"ENSG00000104881",-0.0499769690226747,0.268431001890359,0.431864755539042,"TargetScan top200"
"ENSG00000169967",0.0878408825940995,0.578449905482042,1.18406601134734,"TargetScan top200"
"ENSG00000151726",-0.0618346550646244,0.323251417769376,0.450319996162864,"TargetScan top200"
"ENSG00000113356",-0.274648065452305,0.476370510396975,1.24758307461653,"TargetScan top200"
"ENSG00000197226",-0.185619916332479,0.839319470699433,3.74338697075878,"TargetScan top200"
"ENSG00000114999",-0.234403970905341,0.720226843100189,2.44250008283258,"TargetScan top200"
"ENSG00000140575",-0.147788638447935,0.775047258979206,2.84351528441092,"TargetScan top200"
"ENSG00000173894",-0.218918218787739,0.5765595463138,1.42402365477136,"TargetScan top200"
"ENSG00000135446",-0.563324720297583,0.780718336483932,6.16382170162142,"TargetScan top200"
"ENSG00000180488",0.0961630193957003,0.890359168241966,4.55543362629236,"TargetScan top200"
"ENSG00000137269",-0.083940461352627,0.431001890359168,0.88595942515798,"TargetScan top200"
"ENSG00000169299",-0.32722990005337,0.463137996219282,1.00101805467176,"TargetScan top200"
"ENSG00000155850",-0.155555141598328,0.279773156899811,0.466599385014322,"TargetScan top200"
"ENSG00000172728",-0.060093514195627,0.718336483931947,2.63073868510679,"TargetScan top200"
"ENSG00000108828",-0.176670658309526,0.805293005671078,3.47261386759949,"TargetScan top200"
"ENSG00000099203",-0.254414471791451,0.568998109640832,1.75913673843089,"TargetScan top200"
"ENSG00000105355",-0.0258090584365666,0.659735349716446,1.97996857923123,"TargetScan top200"
"ENSG00000143797",-0.133622700586807,0.701323251417769,1.91898944881412,"TargetScan top200"
"ENSG00000126391",0.0633786234862719,0.483931947069943,1.08639576190517,"TargetScan top200"
"ENSG00000182551",-0.359874282246676,0.610586011342155,1.94023081151218,"TargetScan top200"
"ENSG00000126878",-0.128551439147025,0.574669187145558,1.46745585069754,"TargetScan top200"
"ENSG00000242616",-0.526339678972177,0.739130434782609,3.32680695934184,"TargetScan top200"
"ENSG00000198721",-0.533967611788466,0.744801512287335,4.1089634735578,"TargetScan top200"
"ENSG00000113580",-0.135525138721334,0.652173913043478,1.75679409100697,"TargetScan top200"
"ENSG00000164659",0.013821273280742,0.582230623818526,1.12754635235271,"TargetScan top200"
"ENSG00000103811",-0.0303874346891653,0.610586011342155,1.58725369845796,"TargetScan top200"
"ENSG00000104164",-0.0505557835335077,0.559546313799622,1.14482316724355,"TargetScan top200"
"ENSG00000134109",0.00578952479857229,0.667296786389414,1.57706604362959,"TargetScan top200"
"ENSG00000103187",-0.156757692519346,0.506616257088847,1.17025515507688,"TargetScan top200"
"ENSG00000110395",0.159764858647696,0.831758034026465,2.93212402878884,"TargetScan top200"
"ENSG00000082438",-0.040803031193416,0.550094517958412,1.4017400552734,"TargetScan top200"
"ENSG00000152492",0.0695934141579656,0.457466918714556,0.811991440896975,"TargetScan top200"
"ENSG00000134910",-0.277780889343228,0.928166351606805,6.16398559122727,"TargetScan top200"
"ENSG00000092068",-0.0511080261522712,0.277882797731569,0.4468981204983,"TargetScan top200"
"ENSG00000123094",-0.0810541221640942,0.47069943289225,0.816149938821099,"TargetScan top200"
"ENSG00000148248",-0.317070941885505,0.899810964083176,5.74944296531502,"TargetScan top200"
"ENSG00000100281",0.120233476251336,0.905482041587902,4.4459735460665,"TargetScan top200"
"ENSG00000103489",0.0571279438189655,0.253308128544423,0.526466183015996,"TargetScan top200"
"ENSG00000138617",-0.0551956158424945,0.353497164461248,0.933372001350564,"TargetScan top200"
"ENSG00000114988",-0.161036229157709,0.593572778827977,1.4639781646303,"TargetScan top200"
"ENSG00000164574",0.0455712618470074,0.372400756143667,0.737023984679377,"TargetScan top200"
"ENSG00000068724",-0.134322328621443,0.4234404536862,0.916886453754276,"TargetScan top200"
"ENSG00000182318",-0.0440372341187102,0.315689981096408,0.533260809312182,"TargetScan top200"
"ENSG00000187446",-0.179571484072752,0.688090737240076,2.11244013056455,"TargetScan top200"
"ENSG00000101367",-0.255223143226673,0.935727788279773,6.60505775023024,"TargetScan top200"
"ENSG00000105514",0.0161428626895521,0.328922495274102,0.520351961966972,"TargetScan top200"
"ENSG00000071564",-0.193147677457397,0.627599243856333,1.67438442528806,"TargetScan top200"
"ENSG00000164040",-0.19009316919934,0.555765595463138,1.34664001202031,"TargetScan top200"
"ENSG00000168807",-0.0316077439400999,0.705103969754253,2.07190428457714,"TargetScan top200"
"ENSG00000152942",0.0164005998490844,0.395085066162571,0.671045379306757,"TargetScan top200"
"ENSG00000065559",-0.0320963737358808,0.693761814744801,1.58266874699351,"TargetScan top200"
"ENSG00000119523",-0.0758580299026949,0.546313799621928,1.24568584706041,"TargetScan top200"
"ENSG00000177034",0.00732169815100761,0.514177693761815,0.870567736138639,"TargetScan top200"
"ENSG00000198561",-0.0748842403689342,0.372400756143667,0.583070607973904,"TargetScan top200"
"ENSG00000110108",-0.361040237182399,0.499054820415879,1.72162773781063,"TargetScan top200"
"ENSG00000111145",-0.0230875898336454,0.243856332703214,0.423272665846454,"TargetScan top200"
"ENSG00000206053",-0.524044033780567,0.850661625708885,4.92604863549443,"TargetScan top200"
"ENSG00000128228",-0.463673212416112,0.637051039697543,4.43441462224365,"TargetScan top200"
"ENSG00000145022",-0.204950372372637,0.689981096408318,1.96090010038348,"TargetScan top200"
"ENSG00000110492",-0.459296967483579,0.697542533081285,3.64567658759404,"TargetScan top200"
"ENSG00000186283",-0.226145722049206,0.631379962192817,1.57284109516394,"TargetScan top200"
"ENSG00000117054",-0.195314822609688,0.954631379962193,6.7034234186293,"TargetScan top200"
"ENSG00000119314",0.0408745254225711,0.68241965973535,1.98294313680645,"TargetScan top200"
"ENSG00000183255",-0.119511568759967,0.886578449905482,4.43976073966399,"TargetScan top200"
"ENSG00000114541",0.0546508074470749,0.404536862003781,0.830126545667192,"TargetScan top200"
"ENSG00000113658",-0.0737167589236749,0.746691871455577,2.41063740982207,"TargetScan top200"
"ENSG00000104147",-0.23795766596493,0.302457466918715,0.404917811788946,"TargetScan top200"
"ENSG00000026025",-0.723349195393376,0.786389413988658,14.5553222036906,"TargetScan top200"
"ENSG00000101752",0.116109727629217,0.911153119092628,5.28286419852489,"TargetScan top200"
"ENSG00000186625",-0.0806493838163249,0.839319470699433,4.47398149889906,"TargetScan top200"
"ENSG00000189319",-0.154944876687049,0.264650283553875,0.366288557093319,"TargetScan top200"
"ENSG00000166123",-0.0642820997556313,0.642722117202268,2.1171071922093,"TargetScan top200"
"ENSG00000154639",-0.107633082061584,0.843100189035917,3.64856667076693,"TargetScan top200"
"ENSG00000067208",0.284755183680155,0.945179584120983,7.27638365602923,"TargetScan top200"
"ENSG00000136830",-0.101756746268644,0.46124763705104,1.17859315811962,"TargetScan top200"
"ENSG00000119408",-0.195781790508664,0.582230623818526,1.59662513573085,"TargetScan top200"
"ENSG00000139505",-0.0706032016428323,0.334593572778828,0.555509653973159,"TargetScan top200"
"ENSG00000138678",-0.161139662606206,0.272211720226843,0.586127691546164,"TargetScan top200"
"ENSG00000164164",-0.117074390153049,0.640831758034026,1.51325736616493,"TargetScan top200"
"ENSG00000114796",0.0456216090985876,0.396975425330813,0.814810663455389,"TargetScan top200"
"ENSG00000158195",0.0028920079386182,0.928166351606805,6.50551720101459,"TargetScan top200"
"ENSG00000081181",0.0906171630559115,0.669187145557656,1.6291560271011,"TargetScan top200"
"ENSG00000140497",-0.0789344217627309,0.761814744801512,3.05779939275967,"TargetScan top200"
"ENSG00000198315",-0.0371547921877657,0.472589792060492,0.8390226393167,"TargetScan top200"
"ENSG00000158711",0.173016542743334,0.835538752362949,3.69568598599224,"TargetScan top200"
"ENSG00000099282",-0.0195398555046744,0.457466918714556,0.81591576458953,"TargetScan top200"
"ENSG00000175215",0.0406006091907666,0.396975425330813,0.731805073694741,"TargetScan top200"
"ENSG00000213064",-0.248464757852532,0.756143667296786,2.7270223167941,"TargetScan top200"
"ENSG00000171311",-0.121900749797551,0.890359168241966,3.95543431052853,"Random non-targets"
"ENSG00000134056",-0.123219354235506,0.933837429111531,4.9025086927565,"Random non-targets"
"ENSG00000072310",0.016315200840349,0.527410207939509,1.15306703102779,"Random non-targets"
"ENSG00000221926",-0.206105326956933,0.752362948960302,2.60034111284952,"Random non-targets"
"ENSG00000092470",0.0881494484106229,0.767485822306238,2.74768195261784,"Random non-targets"
"ENSG00000292191",-0.306818864684759,0.718336483931947,2.15676887571419,"Random non-targets"
"ENSG00000149823",-0.113200701003822,0.625708884688091,1.34437605782743,"Random non-targets"
"ENSG00000148481",-0.0123399243569736,0.756143667296786,2.12701054089628,"Random non-targets"
"ENSG00000147813",-0.0387842596694174,0.283553875236295,0.403114074883015,"Random non-targets"
"ENSG00000280529",-0.056080582835203,0.364839319470699,0.495640768927532,"Random non-targets"
"ENSG00000132275",-0.212722038237805,0.697542533081285,1.83088952427633,"Random non-targets"
"ENSG00000140104",-0.0941748362468997,0.502835538752363,1.04687570115706,"Random non-targets"
"ENSG00000083807",-0.0708738426607669,0.826086956521739,3.17553821620144,"Random non-targets"
"ENSG00000149582",0.0454716344660624,0.497164461247637,0.933579378498476,"Random non-targets"
"ENSG00000120860",-0.0571317509756471,0.65406427221172,1.44013269744364,"Random non-targets"
"ENSG00000183751",-0.312313717770735,0.495274102079395,1.00417718789577,"Random non-targets"
"ENSG00000276880",0.0795852747829509,0.621928166351607,1.22703535878943,"Random non-targets"
"ENSG00000186660",0.101006383939202,0.512287334593573,0.96702675412615,"Random non-targets"
"ENSG00000160298",-0.14757920584588,0.689981096408318,2.22210764412254,"Random non-targets"
"ENSG00000121350",0.205079029095192,0.623818525519849,1.48029256992877,"Random non-targets"
"ENSG00000189283",-0.0166950688627186,0.937618147448015,8.9953604884819,"Random non-targets"
"ENSG00000171858",0.143779086978931,1,207.158799627614,"Random non-targets"
"ENSG00000118200",0.0408138822411393,0.801512287334594,2.970589769002,"Random non-targets"
"ENSG00000160392",-0.00654116017862359,0.431001890359168,0.702096393614696,"Random non-targets"
"ENSG00000136425",0.0548635204952381,0.298676748582231,0.476790281458703,"Random non-targets"
"ENSG00000269226",0.0150960691218807,0.568998109640832,1.11636409912796,"Random non-targets"
"ENSG00000119231",0.0767267470100308,0.7882797731569,2.6105018595148,"Random non-targets"
"ENSG00000056050",0.0387912570175643,0.869565217391304,3.81009610441312,"Random non-targets"
"ENSG00000104983",-0.0259768907821891,0.33648393194707,0.526722620388421,"Random non-targets"
"ENSG00000167106",0.0446720959800557,0.521739130434783,1.31163244360378,"Random non-targets"
"ENSG00000119866",-0.2483115514412,0.697542533081285,2.56911715075227,"Random non-targets"
"ENSG00000186104",-0.0641560686791358,0.512287334593573,1.0583914282314,"Random non-targets"
"ENSG00000250067",-0.00643387812665697,0.251417769376181,0.397607459197988,"Random non-targets"
"ENSG00000118689",-0.100748916597188,0.674858223062382,1.83988420490553,"Random non-targets"
"ENSG00000183741",-0.131541945168981,0.727788279773157,2.54264594302742,"Random non-targets"
"ENSG00000292222",0.0671546893676448,0.482041587901701,0.86260335688452,"Random non-targets"
"ENSG00000139220",0.0180951497124872,0.35538752362949,0.614829919739276,"Random non-targets"
"ENSG00000127083",0.0183807812414595,0.270321361058601,0.390422178227731,"Random non-targets"
"ENSG00000275779",0.0161878123557784,0.398865784499055,0.621995648762119,"Random non-targets"
"ENSG00000144747",-0.05110266388634,0.727788279773157,2.08294631626239,"Random non-targets"
"ENSG00000143457",0.159935415765681,0.829867674858223,3.00113574584267,"Random non-targets"
"ENSG00000169288",-0.15389195530574,0.810964083175803,3.1591425363925,"Random non-targets"
"ENSG00000184110",-0.313008648497516,0.996219281663516,16.4568380503475,"Random non-targets"
"ENSG00000176903",0.115255742536028,0.693761814744801,1.59748510226761,"Random non-targets"
"ENSG00000197774",-0.214286917485333,0.56710775047259,1.18073089795366,"Random non-targets"
"ENSG00000101347",-0.0400053730277014,0.882797731568998,3.65088777883827,"Random non-targets"
"ENSG00000197746",0.17709493931401,0.988657844990548,12.9265722574647,"Random non-targets"
"ENSG00000001461",0.0362778134230992,0.699432892249527,1.9561981886735,"Random non-targets"
"ENSG00000184785",-0.116068404340154,0.582230623818526,1.33740835569718,"Random non-targets"
"ENSG00000197555",-0.0320184579548986,0.89413988657845,4.57159625798549,"Random non-targets"
"ENSG00000170899",0.00385230144044751,0.744801512287335,2.02872384925077,"Random non-targets"
"ENSG00000197948",0.125388817132663,0.260869565217391,0.364303681158756,"Random non-targets"
"ENSG00000167792",0.141282483175022,0.99054820415879,14.5238599033623,"Random non-targets"
"ENSG00000249437",0.219081691786577,0.655954631379962,1.50076211630308,"Random non-targets"
"ENSG00000139865",0.11080558229271,0.31758034026465,0.532606954550359,"Random non-targets"
"ENSG00000275023",0.105790297244737,0.697542533081285,1.68035009032555,"Random non-targets"
"ENSG00000115282",0.0278804528250668,0.385633270321361,0.638753067585919,"Random non-targets"
"ENSG00000149927",-0.0536183557638712,0.359168241965974,0.868841410269131,"Random non-targets"
"ENSG00000288602",0.109836544418885,0.387523629489603,0.654312961441496,"Random non-targets"
"ENSG00000173540",-0.0695310013183681,0.627599243856333,1.59524233475229,"Random non-targets"
"ENSG00000285339",0.0207646875508241,0.790170132325142,2.39641766570483,"Random non-targets"
"ENSG00000085733",0.0184006112558796,0.86578449905482,3.43486586723171,"Random non-targets"
"ENSG00000188493",-0.0172603739483253,0.67296786389414,1.65718948252708,"Random non-targets"
"ENSG00000138621",-0.118824830216722,0.892249527410208,4.6039515327871,"Random non-targets"
"ENSG00000115289",0.00130686933537225,0.765595463137996,2.46385871255582,"Random non-targets"
"ENSG00000144182",0.0268531136307542,0.311909262759924,0.486304194123009,"Random non-targets"
"ENSG00000172530",0.0356332392057403,0.75047258979206,2.37064218868134,"Random non-targets"
"ENSG00000133640",0.134905287079639,0.406427221172023,0.719907766764039,"Random non-targets"
"ENSG00000132286",-0.18443062092776,0.485822306238185,0.890634171349463,"Random non-targets"
"ENSG00000145088",-0.0241547441308239,0.43289224952741,0.733846422858946,"Random non-targets"
"ENSG00000066697",0.0634368177274075,0.46124763705104,0.778894547046182,"Random non-targets"
"ENSG00000114480",0.10553378298855,0.714555765595463,1.9483115592554,"Random non-targets"
"ENSG00000164543",-0.040500278845344,0.455576559546314,0.721670362482878,"Random non-targets"
"ENSG00000115694",-0.0243848399840957,0.91304347826087,4.48419542684669,"Random non-targets"
"ENSG00000152763",0.0519215230007635,0.353497164461248,0.652558520152902,"Random non-targets"
"ENSG00000196378",-0.150814670828336,0.661625708884688,2.49518279086446,"Random non-targets"
"ENSG00000171444",0.00410994619550108,0.752362948960302,2.52890890174751,"Random non-targets"
"ENSG00000043355",-0.179420102215229,0.489603024574669,1.2897083978855,"Random non-targets"
"ENSG00000166133",-0.18343677263299,0.296786389413989,0.484067399369689,"Random non-targets"
"ENSG00000169972",-0.152155659555928,0.638941398865784,1.57057853852353,"Random non-targets"
"ENSG00000081692",-0.269919589818128,0.587901701323251,1.39164525164643,"Random non-targets"
"ENSG00000185049",-0.0541916456203554,0.858223062381853,3.44519756730528,"Random non-targets"
"ENSG00000243989",-0.288788486496622,0.325141776937618,0.584269898854161,"Random non-targets"
"ENSG00000155085",0.0771111361222382,0.393194706994329,0.639543464684341,"Random non-targets"
"ENSG00000277421",0.0143846471204717,0.270321361058601,0.433334367647739,"Random non-targets"
"ENSG00000103035",-0.367076793602591,0.986767485822306,14.8760102478215,"Random non-targets"
"ENSG00000121957",0.0336539625669431,0.413988657844991,0.606118264490135,"Random non-targets"
"ENSG00000196712",0.260848379781127,0.867674858223062,4.56513987069645,"Random non-targets"
"ENSG00000111877",-0.0817022243760802,0.809073724007561,3.02836117356642,"Random non-targets"
"ENSG00000166949",-0.0447010490465421,0.758034026465028,2.58142278492238,"Random non-targets"
"ENSG00000254995",0.00738314191933493,0.366729678638941,0.535373536491014,"Random non-targets"
"ENSG00000181026",0.162353425894825,0.890359168241966,4.40720132016999,"Random non-targets"
"ENSG00000160972",-0.03385718664725,0.463137996219282,0.942607755708051,"Random non-targets"
"ENSG00000175482",0.105612746686684,0.34593572778828,0.580399327248553,"Random non-targets"
"ENSG00000131375",-0.068684153246508,0.695652173913043,1.71801389262254,"Random non-targets"
"ENSG00000134532",0.108089885677918,0.531190926275992,1.42173799853075,"Random non-targets"
"ENSG00000185621",0.0298668172918856,0.349716446124764,0.848685466049318,"Random non-targets"
"ENSG00000232112",-0.327989135457103,1,48.0311984464531,"Random non-targets"
"ENSG00000174744",-0.0570332921983639,0.869565217391304,3.85044926367404,"Random non-targets"
"ENSG00000140264",-0.086321283018285,0.977315689981096,9.65312033937394,"Random non-targets"
"ENSG00000095906",-0.289550027898614,0.941398865784499,7.19308152725839,"Random non-targets"
"ENSG00000156535",-0.0497221069631512,0.268431001890359,0.493141856269303,"Random non-targets"
"ENSG00000204070",0.0101184928566737,0.612476370510397,1.1950167587259,"Random non-targets"
"ENSG00000276725",0.0304290246604724,0.228733459357278,0.329266253000148,"Random non-targets"
"ENSG00000182628",0.116837329215335,0.973534971644612,8.70458323183023,"Random non-targets"
"ENSG00000113716",-0.062786494779282,0.742911153119093,2.35054398950408,"Random non-targets"
"ENSG00000006740",-0.0910716452391177,0.597353497164461,1.47135167299138,"Random non-targets"
"ENSG00000272901",-0.027110111092546,0.697542533081285,1.81817555242765,"Random non-targets"
"ENSG00000103254",-0.155057981181986,0.347826086956522,0.618276138055395,"Random non-targets"
"ENSG00000167671",0.128730159904352,0.64461247637051,1.31283265934937,"Random non-targets"
"ENSG00000164331",0.143896281339183,0.519848771266541,0.94161360331972,"Random non-targets"
"ENSG00000103550",-0.330580314693461,0.869565217391304,4.38159087619094,"Random non-targets"
"ENSG00000149196",0.110256744223935,0.950850661625709,6.21206011484603,"Random non-targets"
"ENSG00000197798",-0.0110009312122599,0.820415879017013,2.59503909709931,"Random non-targets"
"ENSG00000119446",0.125007676247183,0.746691871455577,1.7961688879251,"Random non-targets"
"ENSG00000156959",0.0209660985443995,0.300567107750473,0.71987191868878,"Random non-targets"
"ENSG00000185104",-0.143686792277367,0.98109640831758,10.4085339722782,"Random non-targets"
"ENSG00000146776",0.0489226008955008,0.920604914933837,5.76481935522948,"Random non-targets"
"ENSG00000160326",-0.0585397245189137,0.323251417769376,0.523185709260315,"Random non-targets"
"ENSG00000110514",0.051820679870245,0.839319470699433,3.34149433999493,"Random non-targets"
"ENSG00000164366",0.130419694760671,0.671077504725898,1.54284968894402,"Random non-targets"
"ENSG00000162129",0.0193049771982982,0.858223062381853,3.81425130739555,"Random non-targets"
"ENSG00000134352",-0.0473387928589212,0.988657844990548,9.45802523311979,"Random non-targets"
"ENSG00000135070",-0.0506535347440039,0.741020793950851,2.03292132330886,"Random non-targets"
"ENSG00000159592",0.0947347640182346,0.901701323251418,3.89181745896646,"Random non-targets"
"ENSG00000105708",0.00588889511349769,0.378071833648393,0.54865187658443,"Random non-targets"
"ENSG00000206560",-0.113330372792809,0.706994328922495,1.95837556784819,"Random non-targets"
"ENSG00000119401",0.137195443949918,0.427221172022684,0.78496062302567,"Random non-targets"
"ENSG00000136715",0.0778466097181817,0.87523629489603,3.40770194273215,"Random non-targets"
"ENSG00000168300",0.131886708056685,0.758034026465028,2.02208243604711,"Random non-targets"
"ENSG00000117419",-0.222682701272387,0.924385633270321,5.13690171052869,"Random non-targets"
"ENSG00000107816",0.061335183658199,0.334593572778828,0.522422898222673,"Random non-targets"
"ENSG00000235650",-0.0749669076476413,0.941398865784499,5.05025245338346,"Random non-targets"
"ENSG00000140332",-0.164820986343246,0.699432892249527,1.78505385442262,"Random non-targets"
"ENSG00000160563",0.0554319801667948,0.935727788279773,4.99308672691746,"Random non-targets"
"ENSG00000275331",0.121438350903409,0.277882797731569,0.475498037926021,"Random non-targets"
"ENSG00000151748",-0.0576938363207669,0.546313799621928,1.06198506606608,"Random non-targets"
"ENSG00000109920",-0.0693171770614614,0.574669187145558,1.40138576818634,"Random non-targets"
"ENSG00000235307",-0.135660771583476,0.294896030245747,0.46286492720436,"Random non-targets"
"ENSG00000063601",0.172809921740447,0.80718336483932,2.88497143042082,"Random non-targets"
"ENSG00000135624",-0.191940055491635,1,42.5917431401005,"Random non-targets"
"ENSG00000174501",0.225018171241307,0.780718336483932,3.09693713713939,"Random non-targets"
"ENSG00000184384",0.0340923100817388,0.257088846880907,0.436197969272919,"Random non-targets"
"ENSG00000110013",0.0382385440381849,0.578449905482042,1.37883126370979,"Random non-targets"
"ENSG00000119471",0.0968611938290743,0.892249527410208,3.91531857911494,"Random non-targets"
"ENSG00000137714",-0.170502752389524,0.534971644612476,1.15832068634882,"Random non-targets"
"ENSG00000089280",-0.353202092754753,1,36.790192276248,"Random non-targets"
"ENSG00000142197",-0.0674904485016318,0.54820415879017,1.17059643818704,"Random non-targets"
"ENSG00000184602",0.0634783861518086,0.370510396975425,0.539935426445557,"Random non-targets"
"ENSG00000101856",-0.35070818950997,0.982986767485822,12.9381243253991,"Random non-targets"
"ENSG00000161956",-0.113948867300005,0.330812854442344,0.503026392398134,"Random non-targets"
"ENSG00000068885",0.0890825469699411,0.629489603024575,1.37701921323892,"Random non-targets"
"ENSG00000115828",0.0688272306752498,0.406427221172023,0.760761292879154,"Random non-targets"
"ENSG00000188827",0.0897604276866438,0.468809073724008,0.881832840104329,"Random non-targets"
"ENSG00000197822",-0.0302912676651472,0.400756143667297,0.607381399480324,"Random non-targets"
"ENSG00000291356",-0.09408925605704,0.892249527410208,4.72184174181758,"Random non-targets"
"ENSG00000114790",0.00787162315454958,0.614366729678639,1.48370101367151,"Random non-targets"
"ENSG00000116459",-0.324154509837508,0.998109640831758,29.4595356209225,"Random non-targets"
"ENSG00000136206",0.0040551933033066,0.398865784499055,0.600325819270683,"Random non-targets"
"ENSG00000143612",-0.147794996600879,0.992438563327032,17.8905220788993,"Random non-targets"
"ENSG00000073331",0.259478752694269,0.525519848771267,1.04023991188872,"Random non-targets"
"ENSG00000233822",-0.0600752955120586,0.302457466918715,0.570797983581793,"Random non-targets"
"ENSG00000101132",-0.152536313192799,0.905482041587902,4.69572456849098,"Random non-targets"
"ENSG00000159445",0.0256284193644557,0.725897920604915,2.00392771114185,"Random non-targets"
"ENSG00000183172",-0.0504733349648982,0.444234404536862,0.706523124281027,"Random non-targets"
"ENSG00000165359",0.0683724130504686,0.497164461247637,0.973973599568336,"Random non-targets"
"ENSG00000066855",-0.189995937297161,0.854442344045369,3.90662591347845,"Random non-targets"
"ENSG00000005059",-0.0785233601118531,0.689981096408318,1.74811477549504,"Random non-targets"
"ENSG00000005156",-0.0666750693670248,0.612476370510397,1.43525388717213,"Random non-targets"
"ENSG00000276787",-0.0271805850364927,0.24952741020794,0.31861018913318,"Random non-targets"
"ENSG00000089916",0.0314380195424541,0.833648393194707,2.68713997091758,"Random non-targets"
"ENSG00000116679",-0.144114849365014,0.795841209829868,2.84510867573139,"Random non-targets"
"ENSG00000114544",0.292613401151759,0.775047258979206,2.20102524568042,"Random non-targets"
"ENSG00000122335",-0.0403624836631206,0.599243856332703,1.32768842264586,"Random non-targets"
"ENSG00000113758",0.0706314842316295,0.839319470699433,3.32221963025762,"Random non-targets"
"ENSG00000169733",0.0407092882816019,0.421550094517958,0.693514594363902,"Random non-targets"
"ENSG00000161010",0.0391249701867146,0.860113421550095,3.40470608023653,"Random non-targets"
"ENSG00000006695",-0.074728010518083,0.782608695652174,2.22859047360513,"Random non-targets"
"ENSG00000283060",-0.335599365142034,0.623818525519849,2.52867502397943,"Random non-targets"
"ENSG00000260027",0.040012514965745,0.659735349716446,1.82639853214725,"Random non-targets"
"ENSG00000153560",-0.0108554176273012,0.776937618147448,2.43011318787908,"Random non-targets"
"ENSG00000145736",-0.114070741566767,0.431001890359168,0.767674923978388,"Random non-targets"
"ENSG00000081059",0.0609270384566496,0.565217391304348,1.27935974471602,"Random non-targets"
"ENSG00000118894",-0.296725505276583,0.56710775047259,1.40978260355563,"Random non-targets"
"ENSG00000166166",-0.276589959717694,0.474480151228733,1.12553570233466,"Random non-targets"
"ENSG00000115970",-0.0617308076053571,0.924385633270321,5.51797217179145,"Random non-targets"
"ENSG00000178338",-0.124082335794485,0.519848771266541,1.04601067527619,"Random non-targets"
"ENSG00000213380",-0.0970067648271695,0.56710775047259,1.41068136230395,"Random non-targets"
"ENSG00000137135",-0.23011313477524,0.421550094517958,0.982182404393801,"Random non-targets"
"ENSG00000167515",-0.220948490572858,0.969754253308129,8.10544836162136,"Random non-targets"
"ENSG00000144445",0.212587765329505,0.633270321361059,1.48662183652628,"Random non-targets"
"ENSG00000011454",0.282408730389887,0.928166351606805,5.66158306691838,"Random non-targets"
"ENSG00000109472",0.145493497502177,0.553875236294896,1.14464526703006,"Random non-targets"
"ENSG00000132313",-0.135072798553814,0.739130434782609,2.05237791464057,"Random non-targets"
"ENSG00000142552",-0.0180732395625597,0.262759924385633,0.454323788378775,"Random non-targets"
"ENSG00000096063",-0.229608951233338,0.975425330812854,10.9857874874901,"Random non-targets"
"ENSG00000284916",0.051641799086632,0.699432892249527,1.76121296561236,"Random non-targets"
"ENSG00000165650",-0.00175752353284064,0.901701323251418,4.10144293902952,"Random non-targets"
"ENSG00000070961",-0.0627835813332265,0.863894139886578,4.03700734838495,"Random non-targets"
"ENSG00000101439",-0.114443008692431,0.75992438563327,2.28382910193912,"Random non-targets"
"ENSG00000165782",0.0623747937386111,0.321361058601134,0.417020319367577,"Random non-targets"
"ENSG00000123154",0.0239832718731007,0.574669187145558,1.25102380198926,"Random non-targets"
"ENSG00000118507",-0.0697028443005696,0.232514177693762,0.33168348728632,"Random non-targets"
"ENSG00000197102",0.169718599441023,0.988657844990548,10.3450692306594,"Random non-targets"
"ENSG00000080824",0.216215168986179,1,162.441432874968,"Random non-targets"
"ENSG00000169740",-0.0573817093391726,0.66351606805293,1.50385609999967,"Random non-targets"
"ENSG00000110046",0.0044667385364803,0.434782608695652,0.786862473224575,"Random non-targets"
"ENSG00000166582",-0.235785377223366,0.661625708884688,1.90010063359477,"Random non-targets"
"ENSG00000129946",0.159867253691588,0.376181474480151,0.733723061460611,"Random non-targets"
"ENSG00000177854",-0.0162326956060004,0.395085066162571,0.680019050419344,"Random non-targets"
"ENSG00000148444",-0.0662571784680227,0.465028355387524,0.821862634168165,"Random non-targets"
"ENSG00000147421",0.224941973619078,0.674858223062382,1.88163257665778,"Random non-targets"
"ENSG00000104884",-0.103718949669929,0.638941398865784,1.48830250924199,"Random non-targets"
"ENSG00000165757",0.0439331986872191,0.283553875236295,0.384688940634582,"Random non-targets"
"ENSG00000141068",0.18432928902704,0.536862003780718,1.26680228792041,"Random non-targets"
"ENSG00000284900",0.0726965973024708,0.463137996219282,0.745968047292454,"Random non-targets"
"ENSG00000198001",0.0415761743032733,0.463137996219282,0.78061202899197,"Random non-targets"
"ENSG00000158270",-0.0459125174118417,0.362948960302457,0.760846922869125,"Random non-targets"
"ENSG00000100764",-0.168014291185959,0.994328922495274,15.7507566533067,"Random non-targets"
"ENSG00000288299",-0.464560654744036,0.835538752362949,4.6765507083416,"Random non-targets"
"ENSG00000186376",-0.0461856361628468,0.568998109640832,1.05024198730134,"Random non-targets"
"ENSG00000007968",-0.134152832238013,0.366729678638941,1.01566626515728,"Random non-targets"
"ENSG00000103042",0.0106921216280985,0.527410207939509,1.10507733664954,"Random non-targets"
"ENSG00000282269",-0.0165565252539639,0.268431001890359,0.299543066287795,"Random non-targets"
"ENSG00000029993",-0.384110571401586,0.982986767485822,17.6292967990229,"Random non-targets"
"ENSG00000168137",0.0099763533287263,0.956521739130435,7.599293391364,"Random non-targets"
"ENSG00000156298",0.150578224767968,0.493383742911153,0.814680268528754,"Random non-targets"
"ENSG00000184058",-0.0769959176063747,0.533081285444234,1.31799407093365,"Random non-targets"
"ENSG00000109180",0.0964736237975448,0.896030245746692,3.65106510502411,"Random non-targets"
"ENSG00000160293",-0.120940439091473,0.722117202268431,3.20804962439695,"Random non-targets"
"ENSG00000175906",0.0574284189443335,0.514177693761815,0.928371845396123,"Random non-targets"
"ENSG00000173678",0.11998879724375,0.928166351606805,6.63991922790996,"Random non-targets"
"ENSG00000085563",0.00755113938592135,0.311909262759924,0.568475998978848,"Random non-targets"
"ENSG00000157388",0.0740772786406204,0.34593572778828,0.60061497276818,"Random non-targets"
"ENSG00000002746",-0.00476513015073667,0.313799621928166,0.680358780954088,"Random non-targets"
"ENSG00000185304",0.0987721057650202,0.533081285444234,1.06692351390246,"Random non-targets"
"ENSG00000107882",0.083027670175433,0.799621928166352,3.18582004307715,"Random non-targets"
"ENSG00000127511",0.0206467446242636,0.765595463137996,2.53495781023063,"Random non-targets"
"ENSG00000183574",0.00120175325229401,0.302457466918715,0.410888036091021,"Random non-targets"
"ENSG00000070413",-0.0609549656404839,0.928166351606805,6.82006773802994,"Random non-targets"
"ENSG00000106245",0.159658506101199,0.988657844990548,11.2047471417353,"Random non-targets"
"ENSG00000196187",0.116169362853326,0.688090737240076,1.70993814977555,"Random non-targets"
"ENSG00000142168",-0.234573464471786,1,105.86179067876,"Random non-targets"
"ENSG00000101079",-0.0349132225949366,0.873345935727788,3.86772870178608,"Random non-targets"
"ENSG00000038532",0.304634424983864,0.916824196597353,4.8437052186139,"Random non-targets"
"ENSG00000197279",-0.0891432437324185,0.328922495274102,0.441915094193301,"Random non-targets"
"ENSG00000166831",-0.0103962639189742,0.262759924385633,0.436233737030673,"Random non-targets"
"ENSG00000100726",-0.329885906563222,0.695652173913043,2.06435581087876,"Random non-targets"
"ENSG00000183647",-0.0220865266403945,0.281663516068053,0.441783437212759,"Random non-targets"
"ENSG00000168802",-0.0137858161527021,0.431001890359168,0.723484395308785,"Random non-targets"
"ENSG00000050748",0.0408499284897271,0.712665406427221,1.78973009697155,"Random non-targets"
"ENSG00000109971",0.023594559654795,1,74.4588900860483,"Random non-targets"
"ENSG00000106261",0.171225557278189,0.90359168241966,4.17585483876144,"Random non-targets"
"ENSG00000125652",0.132197103086621,0.735349716446125,1.68764237638398,"Random non-targets"
"ENSG00000136271",-0.276353473811263,0.922495274102079,5.80551287341654,"Random non-targets"
"ENSG00000123119",-0.0335200715395682,0.294896030245747,0.685542248611172,"Random non-targets"
"ENSG00000169203",-0.131735541837011,0.434782608695652,0.746671466206253,"Random non-targets"
"ENSG00000204406",0.357377733787264,0.873345935727788,5.4674163106239,"Random non-targets"
"ENSG00000152495",-0.0121426358837936,0.359168241965974,0.591730453258796,"Random non-targets"
"ENSG00000172725",-0.0552639737296288,0.512287334593573,0.909475450512751,"Random non-targets"
"ENSG00000130748",-0.0387728235354067,0.618147448015123,1.2752625587497,"Random non-targets"
"ENSG00000251192",0.206781877189293,0.625708884688091,1.39056104636781,"Random non-targets"
"ENSG00000197021",-0.02213949405224,0.88468809073724,3.9478944373115,"Random non-targets"
"ENSG00000157916",-0.0813442260601227,0.829867674858223,3.10728919679631,"Random non-targets"
"ENSG00000197013",0.00962401430333706,0.508506616257089,1.04849938934733,"Random non-targets"
"ENSG00000164054",-0.0914240302361576,0.954631379962193,7.30626183320952,"Random non-targets"
"ENSG00000101343",0.0911091201112907,0.678638941398866,1.64268467156087,"Random non-targets"
"ENSG00000215883",-0.100109909699554,0.472589792060492,0.83852267469567,"Random non-targets"
"ENSG00000156709",-0.1896771747477,0.956521739130435,8.5172487849125,"Random non-targets"
"ENSG00000242259",-0.0815123283829619,0.941398865784499,5.81108312570321,"Random non-targets"
"ENSG00000158545",0.0889770575774147,0.786389413988658,2.73736043615415,"Random non-targets"
"ENSG00000138182",-0.0616223278705719,0.846880907372401,3.71386599434229,"Random non-targets"
"ENSG00000135482",0.0233658992603654,0.446124763705104,0.707665803468111,"Random non-targets"
"ENSG00000007174",-0.0406589593670635,0.313799621928166,0.613027888845792,"Random non-targets"
"ENSG00000161939",-0.097675586460405,0.30812854442344,0.465401078050204,"Random non-targets"
"ENSG00000116539",0.25883786113324,0.99054820415879,11.8654592446577,"Random non-targets"
"ENSG00000186010",0.00672180216475415,0.994328922495274,18.7343439324379,"Random non-targets"
"ENSG00000128891",0.0657424881144869,0.667296786389414,1.65500263745978,"Random non-targets"
"ENSG00000125434",-0.0341733568117065,0.413988657844991,0.680246971195588,"Random non-targets"
"ENSG00000164070",0.122336156469634,0.858223062381853,3.18846446940765,"Random non-targets"
"ENSG00000291944",-0.145977569298004,0.289224952741021,0.430497060088216,"Random non-targets"
"ENSG00000111540",0.151137182150946,0.648393194706994,1.50576262080586,"Random non-targets"
"ENSG00000108799",0.19261536015146,0.805293005671078,2.68819664755088,"Random non-targets"
"ENSG00000113638",0.207538611746003,0.678638941398866,1.70851484237823,"Random non-targets"
"ENSG00000119950",0.0351173807719491,0.631379962192817,1.48161728405534,"Random non-targets"
"ENSG00000175662",0.229515086737317,0.7882797731569,2.43227168665169,"Random non-targets"
"ENSG00000070423",-0.248858109107644,0.52930056710775,1.23603227372856,"Random non-targets"
"ENSG00000145912",-0.573470314175082,0.994328922495274,36.0729195256335,"Random non-targets"
"ENSG00000167674",-0.01765019779352,0.837429111531191,3.50458553273946,"Random non-targets"
"ENSG00000284468",-0.0261832731475612,0.349716446124764,0.525037405672269,"Random non-targets"
"ENSG00000186468",0.0357101284050408,1,339.092742774078,"Random non-targets"
"ENSG00000161298",-0.044765078591494,0.283553875236295,0.387003833479921,"Random non-targets"
"ENSG00000108559",-0.187378378323969,0.844990548204159,2.84929396007819,"Random non-targets"
"ENSG00000067829",0.0673417621085005,0.965973534971645,7.87358804597087,"Random non-targets"
"ENSG00000078403",-0.00849924656843733,0.943289224952741,9.84193964361761,"Random non-targets"
"ENSG00000145685",-0.0467165579210621,0.504725897920605,1.03741821526082,"Random non-targets"
"ENSG00000115649",-0.0111829276134346,0.525519848771267,1.05679612097712,"Random non-targets"
"ENSG00000005175",0.0203538933621048,0.899810964083176,4.69886811553102,"Random non-targets"
"ENSG00000064687",0.162809520562959,0.635160680529301,1.79703342249941,"Random non-targets"
"ENSG00000071127",0.0530455271569259,0.879017013232514,3.74172112464025,"Random non-targets"
"ENSG00000107372",0.0266009568482272,0.506616257088847,0.969679236760625,"Random non-targets"
"ENSG00000173226",-0.0951245887272657,0.90359168241966,4.34944631323654,"Random non-targets"
"ENSG00000151014",-0.0872704590737587,0.693761814744801,2.36363653090751,"Random non-targets"
"ENSG00000066044",-0.128505015141147,0.835538752362949,3.21773210773764,"Random non-targets"
"ENSG00000125505",-0.0280424249665256,0.325141776937618,0.490243864921323,"Random non-targets"
"ENSG00000277401",-0.134814057624785,0.773156899810964,2.44114757280391,"Random non-targets"
"ENSG00000139915",-0.0920582323349322,0.347826086956522,1.08058678919248,"Random non-targets"
"ENSG00000178691",0.0632973518754423,0.890359168241966,4.66215464339753,"Random non-targets"
"ENSG00000277258",0.0383834165184218,0.298676748582231,0.536769574705367,"Random non-targets"
"ENSG00000198585",-0.229667419339026,0.710775047258979,2.0964640534569,"Random non-targets"
"ENSG00000166532",0.000224450650489653,0.701323251417769,1.97899799163221,"Random non-targets"
"ENSG00000117410",0.197629333195863,0.998109640831758,24.8176865143161,"Random non-targets"
"ENSG00000100228",0.0938997211046981,0.379962192816635,0.619546096778449,"Random non-targets"
"ENSG00000116209",0.221189507683733,0.977315689981096,10.1517405689917,"Random non-targets"
"ENSG00000152219",-0.105631660047534,0.763705103969754,2.11418533235652,"Random non-targets"
"ENSG00000148225",0.036535569320678,0.323251417769376,0.601257460320105,"Random non-targets"
"ENSG00000165502",-0.244450229550649,1,79.7257668391842,"Random non-targets"
"ENSG00000198040",-0.000257712000675618,0.359168241965974,0.625919348717447,"Random non-targets"
"ENSG00000198707",0.0945006072370409,0.896030245746692,4.14053509185355,"Random non-targets"
"ENSG00000292130",-0.149079087910558,0.655954631379962,1.62756943294038,"Random non-targets"
"ENSG00000134490",-0.166715302123612,0.816635160680529,3.37158306584247,"Random non-targets"
"ENSG00000143569",-0.0696309898766228,0.988657844990548,10.885822695889,"Random non-targets"
"ENSG00000129422",-0.127024650013632,0.421550094517958,0.917530496808641,"Random non-targets"
"ENSG00000107864",0.223410534226349,0.767485822306238,2.50256340948374,"Random non-targets"
"ENSG00000137185",0.0680424016367548,0.438563327032136,0.681755002105682,"Random non-targets"
"ENSG00000197457",-0.163756776564415,0.279773156899811,0.439865137935051,"Random non-targets"
"ENSG00000009830",-0.176076197563701,0.485822306238185,0.989131881232563,"Random non-targets"
"ENSG00000113161",-0.122290316940851,0.680529300567108,1.68333674729953,"Random non-targets"
"ENSG00000103591",-0.0691176892267985,0.922495274102079,4.07234905183498,"Random non-targets"
"ENSG00000158169",0.215738901504357,0.899810964083176,5.10801555933369,"Random non-targets"
"ENSG00000170903",-0.0136736181902323,0.648393194706994,1.42263873687972,"Random non-targets"
"ENSG00000151883",0.0573249929882537,0.559546313799622,1.05770838308718,"Random non-targets"
"ENSG00000122482",0.025469139368013,0.909262759924386,4.96520789292522,"Random non-targets"
"ENSG00000075234",-0.0756674543428741,0.629489603024575,1.3212765266279,"Random non-targets"
"ENSG00000230453",-0.0242675284243666,0.64461247637051,1.56809445899104,"Random non-targets"
"ENSG00000100412",0.0577946492671585,0.956521739130435,7.02753744635724,"Random non-targets"
"ENSG00000288401",0.0187980262533092,0.873345935727788,3.49660587174262,"Random non-targets"
"ENSG00000241962",0.169664611166111,0.699432892249527,1.92750127606275,"Random non-targets"
"ENSG00000163159",0.0314928868097114,0.958412098298677,6.75720985310357,"Random non-targets"
"ENSG00000065029",-0.0557332647325784,0.553875236294896,1.30296350134581,"Random non-targets"
"ENSG00000188092",0.0512076177397308,0.742911153119093,2.28180869046174,"Random non-targets"
"ENSG00000124243",-0.0667203314326695,0.655954631379962,1.64308110333421,"Random non-targets"
"ENSG00000162032",0.138528202114071,0.508506616257089,1.05793788771761,"Random non-targets"
"ENSG00000141385",-0.17486711833832,0.618147448015123,1.30057789406711,"Random non-targets"
"ENSG00000266472",-0.212820343837973,1,34.3257014824531,"Random non-targets"
"ENSG00000104866",0.0924304981659471,0.46124763705104,0.823109126541379,"Random non-targets"
"ENSG00000063245",0.0179920725865618,0.591682419659735,1.27387762888557,"Random non-targets"
"ENSG00000107902",0.138674274229299,0.812854442344045,3.11394283389128,"Random non-targets"
"ENSG00000128581",0.123514487197306,0.844990548204159,3.08683383612006,"Random non-targets"
"ENSG00000088930",0.0712873412625017,0.964083175803403,6.4996149421122,"Random non-targets"
"ENSG00000163125",0.0920059969940647,0.975425330812854,10.4537494157417,"Random non-targets"
"ENSG00000269858",-0.0174015092452581,0.446124763705104,0.758097659929004,"Random non-targets"
"ENSG00000113296",0.152040052525012,0.383742911153119,0.711178636931805,"Random non-targets"
"ENSG00000101654",-0.0761500043495073,0.633270321361059,1.31756822826278,"Random non-targets"
"ENSG00000123810",0.146864578443441,0.429111531190926,0.653801638049723,"Random non-targets"
"ENSG00000140830",-0.107867413885923,0.485822306238185,0.845930619653831,"Random non-targets"
"ENSG00000088808",0.102148673937883,0.737240075614367,2.15254338328347,"Random non-targets"
"ENSG00000137504",-0.0449946586359811,0.599243856332703,1.26857489211795,"Random non-targets"
"ENSG00000214753",-0.163809716766061,0.463137996219282,0.713982168474656,"Random non-targets"
"ENSG00000269713",-0.00117137266639027,0.561436672967864,1.10772613045733,"Random non-targets"
"ENSG00000154265",0.172024589248851,0.631379962192817,1.48368945803183,"Random non-targets"
"ENSG00000156603",0.0274941597499093,0.438563327032136,0.729118959718284,"Random non-targets"
"ENSG00000282933",-0.0174139608339236,0.398865784499055,0.720917898399225,"Random non-targets"
"ENSG00000087206",0.224045506573181,0.967863894139887,8.55487589909277,"Random non-targets"
"ENSG00000182287",-0.0999127811600424,0.584120982986768,1.4891585488773,"Random non-targets"
"ENSG00000144426",0.078511943150433,0.998109640831758,38.8130297376335,"Random non-targets"
"ENSG00000143889",0.00533374223799673,0.593572778827977,1.59704720223758,"Random non-targets"
"ENSG00000117133",-0.0237968426148801,0.905482041587902,4.86916266362278,"Random non-targets"
"ENSG00000136982",-0.138053022872177,0.395085066162571,0.630474771117556,"Random non-targets"
"ENSG00000099860",-0.101563189922766,0.272211720226843,0.753614553242534,"Random non-targets"
"ENSG00000254999",0.130407709749691,1,29.5176363236759,"Random non-targets"
"ENSG00000176681",0.0700745514897095,0.591682419659735,1.25349973432392,"Random non-targets"
"ENSG00000257365",-0.0974911172294577,0.370510396975425,0.516065065772073,"Random non-targets"
"ENSG00000186111",0.00227481987903082,0.606805293005671,1.47378481814557,"Random non-targets"
"ENSG00000185800",0.118890724008791,0.45179584120983,0.773671796706819,"Random non-targets"
"ENSG00000158796",0.256783120318004,0.724007561436673,1.8047963997266,"Random non-targets"
"ENSG00000160991",0.143207646377201,0.761814744801512,2.41226596771314,"Random non-targets"
"ENSG00000126814",-0.141841677705838,0.623818525519849,1.37883899235526,"Random non-targets"
"ENSG00000044459",0.0731119346369544,0.822306238185255,3.19297427625513,"Random non-targets"
"ENSG00000173141",-0.222971472595122,0.896030245746692,5.16637838849297,"Random non-targets"
"ENSG00000155428",0.105074657026031,0.342155009451796,0.717517042226479,"Random non-targets"
"ENSG00000124802",-0.396751872651206,0.975425330812854,14.2849237782641,"Random non-targets"
"ENSG00000117616",0.0671416581134888,0.744801512287335,2.39628291065706,"Random non-targets"
"ENSG00000198612",0.023474974062693,0.952741020793951,5.633994407237,"Random non-targets"
"ENSG00000137200",-0.0593285958158259,0.65406427221172,1.59900080693966,"Random non-targets"
"ENSG00000292097",-0.0804996652511463,0.544423440453686,1.23280812411886,"Random non-targets"
"ENSG00000110841",0.061568506927862,0.731568998109641,1.96433189043093,"Random non-targets"
"ENSG00000275145",-0.0764465475245401,0.629489603024575,1.59579963615229,"Random non-targets"
"ENSG00000123144",0.21443814548041,0.935727788279773,4.52169464205848,"Random non-targets"
"ENSG00000138760",0.10446250498338,0.735349716446125,1.93542907417865,"Random non-targets"
"ENSG00000074800",-0.609568114396954,1,117.271769337434,"Random non-targets"
"ENSG00000091436",0.118875781599308,0.812854442344045,2.69103666686961,"Random non-targets"
"ENSG00000181163",-0.570310035216492,1,260.66284829745,"Random non-targets"
"ENSG00000096872",0.100914829618069,0.829867674858223,3.08637225745536,"Random non-targets"
"ENSG00000055070",-0.209020256593415,0.706994328922495,1.91941900545442,"Random non-targets"
"ENSG00000086102",-0.040228893697227,0.905482041587902,4.81684340444083,"Random non-targets"
"ENSG00000274950",0.00463986575068842,0.856332703213611,3.24925339892863,"Random non-targets"
"ENSG00000172613",0.0436162626348228,0.79773156899811,2.60443343458415,"Random non-targets"
"ENSG00000148634",0.275452949249795,0.897920604914934,5.21505628314849,"Random non-targets"
"ENSG00000092208",-0.134860777494385,0.863894139886578,3.5855172474746,"Random non-targets"
"ENSG00000291938",-0.177817042269054,0.448015122873346,0.821072582580868,"Random non-targets"
"ENSG00000110768",0.0789004636368282,0.833648393194707,2.85679156088169,"Random non-targets"
"ENSG00000105655",-0.0802055639937163,0.765595463137996,2.67219820188332,"Random non-targets"
"ENSG00000064012",0.00100343324855092,0.43289224952741,0.847685740051957,"Random non-targets"
"ENSG00000266173",-0.0159977908750303,0.478260869565217,0.841280722302917,"Random non-targets"
"ENSG00000278574",0.0767619523197522,0.882797731568998,3.73492766006891,"Random non-targets"
"ENSG00000163162",-0.0274129315085942,0.812854442344045,2.76052671195079,"Random non-targets"
"ENSG00000197608",-0.0666085016000128,0.283553875236295,0.419819036300653,"Random non-targets"
"ENSG00000103197",0.0890076953919545,0.896030245746692,3.72132149892413,"Random non-targets"
"ENSG00000169612",0.0862036582135137,0.956521739130435,6.1858803101177,"Random non-targets"
"ENSG00000184205",-0.0438879358516857,0.516068052930057,1.07598495137935,"Random non-targets"
"ENSG00000137720",-0.0462010152254715,0.508506616257089,0.989176223936087,"Random non-targets"
"ENSG00000188033",0.0722110505642139,0.485822306238185,0.972458242957468,"Random non-targets"
"ENSG00000283100",0.0533305775033394,0.415879017013232,0.655924627024607,"Random non-targets"
"ENSG00000135821",-0.272212029688825,0.98109640831758,9.78823959968259,"Random non-targets"
"ENSG00000102738",0.0293004320946688,0.911153119092628,4.23955750891153,"Random non-targets"
"ENSG00000129667",-0.161754217679271,0.361058601134216,0.820985873722024,"Random non-targets"
"ENSG00000260238",-0.0793793846601141,0.289224952741021,0.360090090554419,"Random non-targets"
"ENSG00000122390",0.0610714120956656,0.597353497164461,1.1053381872427,"Random non-targets"
"ENSG00000270629",0.118695628684279,0.741020793950851,2.02466977124772,"Random non-targets"
"ENSG00000130511",-0.13025503035415,0.264650283553875,0.407338586698006,"Random non-targets"
"ENSG00000134138",-0.103321780607017,0.701323251417769,2.30863735332799,"Random non-targets"
"ENSG00000175416",-0.0939009292227755,0.827977315689981,2.67213921599651,"Random non-targets"
"ENSG00000164258",0.105809332195752,0.950850661625709,5.58190917606535,"Random non-targets"
"ENSG00000143162",-0.0633924448527736,0.370510396975425,0.554666549646686,"Random non-targets"
"ENSG00000102032",0.224787122678678,0.33648393194707,0.801030078203707,"Random non-targets"
"ENSG00000174307",0.304602373428195,0.516068052930057,1.11937150968748,"Random non-targets"
"ENSG00000183826",0.407774456658961,0.920604914933837,5.90677116265916,"Random non-targets"
"ENSG00000174943",0.0471060533250595,0.393194706994329,0.577506479098215,"Random non-targets"
"ENSG00000278087",-0.120383006389691,0.410207939508507,0.678169840649434,"Random non-targets"
"ENSG00000110171",0.05697333387109,0.379962192816635,0.62436050853045,"Random non-targets"
"ENSG00000148660",0.0489052338291462,0.775047258979206,2.48638525436577,"Random non-targets"
"ENSG00000168556",-0.149746414064792,0.302457466918715,0.414560032526403,"Random non-targets"
"ENSG00000169221",0.112910573647714,0.540642722117202,1.02865788212947,"Random non-targets"
"ENSG00000088247",-0.0672662492062284,0.631379962192817,1.42420988101858,"Random non-targets"
"ENSG00000130707",-0.072989973504841,0.741020793950851,2.41353665177611,"Random non-targets"
"ENSG00000133316",-0.284987397593016,0.914933837429111,6.8777241770064,"Random non-targets"
"ENSG00000115053",-0.525799317395326,1,83.4238780196038,"Random non-targets"
"ENSG00000197620",-0.00268910543472819,0.676748582230624,1.84896970827468,"Random non-targets"
"ENSG00000164983",-0.0413313053982111,0.601134215500945,1.41844031657147,"Random non-targets"
"ENSG00000130811",-0.188876128194533,0.996219281663516,18.5002145772771,"Random non-targets"
"ENSG00000137145",0.0554070627488048,0.901701323251418,4.48777697067467,"Random non-targets"
"ENSG00000139718",-0.0897891758465054,0.391304347826087,0.735764654613803,"Random non-targets"
"ENSG00000198464",-0.0659525191204924,0.533081285444234,1.11578050627503,"Random non-targets"
"ENSG00000169223",-0.141605671079807,0.994328922495274,16.050580751011,"Random non-targets"
"ENSG00000140553",-0.194148170023921,0.890359168241966,4.37807379399755,"Random non-targets"
"ENSG00000175287",-0.102561121470959,0.820415879017013,3.02848170269121,"Random non-targets"
"ENSG00000144674",0.208988505831182,0.984877126654064,7.78314829407062,"Random non-targets"
"ENSG00000136840",-0.195327537493189,0.35538752362949,0.656666608068546,"Random non-targets"
"ENSG00000262461",0.0964205127690622,0.483931947069943,0.890028142432501,"Random non-targets"
"ENSG00000197562",0.0645994541948744,0.587901701323251,1.3054476904552,"Random non-targets"
"ENSG00000107443",-0.0824431739079708,0.268431001890359,0.358686104831528,"Random non-targets"
"ENSG00000188603",0.00424562623067834,0.241965973534972,0.340456747146727,"Random non-targets"
"ENSG00000143801",-0.154896575191006,0.482041587901701,0.909851580825363,"Random non-targets"
"ENSG00000101421",-0.119185677474518,0.599243856332703,1.42106563859456,"Random non-targets"
"ENSG00000126226",-0.156727680994727,0.67296786389414,1.97803608137567,"Random non-targets"
"ENSG00000186666",-0.0884778846252513,0.499054820415879,0.911048491484974,"Random non-targets"
"ENSG00000185220",0.0715957800839349,0.34593572778828,0.521596681558348,"Random non-targets"
"ENSG00000119013",-0.015657926582908,0.996219281663516,19.0731071310716,"Random non-targets"
"ENSG00000160345",-0.0191530434679413,0.255198487712665,0.343666797077361,"Random non-targets"
"ENSG00000273686",0.124148633702067,0.992438563327032,13.8620599416527,"Random non-targets"
"ENSG00000167642",0.157563274961285,0.850661625708885,4.41346762987987,"Random non-targets"
"ENSG00000160352",-0.0176977603959001,0.888468809073724,3.8856061482286,"Random non-targets"
"ENSG00000105928",0.171964541088465,0.457466918714556,0.874856865203989,"Random non-targets"
"ENSG00000101182",-0.356977980424967,0.992438563327032,27.5616230465116,"Random non-targets"
"ENSG00000198088",-0.0389792133509606,0.693761814744801,1.91675102097992,"Random non-targets"
"ENSG00000133142",-0.19926141322232,0.986767485822306,14.5611837055487,"Random non-targets"
"ENSG00000142669",0.246136293033007,0.869565217391304,4.30714184325051,"Random non-targets"
"ENSG00000103111",0.0423996395137588,0.591682419659735,1.24411894423968,"Random non-targets"
"ENSG00000006704",0.185182991302586,0.958412098298677,7.09187296403026,"Random non-targets"
"ENSG00000167881",-0.0373005396780865,0.901701323251418,4.60746690328607,"Random non-targets"
"ENSG00000101883",0.166199843996766,0.34593572778828,0.538836947846806,"Random non-targets"
"ENSG00000206284",-0.253127544284105,0.64461247637051,1.79831499815222,"Random non-targets"
"ENSG00000010810",-0.0578743517360174,0.89413988657845,4.08640806347582,"Random non-targets"
"ENSG00000171448",0.0762498950224778,0.328922495274102,0.460277707592698,"Random non-targets"
"ENSG00000226248",-0.102088480906863,0.531190926275992,0.906854205872642,"Random non-targets"
"ENSG00000112837",-0.115004481548575,0.285444234404537,0.417386550934332,"Random non-targets"
"ENSG00000128596",0.104530977797604,0.381852551984877,0.733243126716567,"Random non-targets"
"ENSG00000197978",0.0887205817800145,0.328922495274102,0.565874403115136,"Random non-targets"
"ENSG00000135392",0.00434159172846272,0.659735349716446,2.11571185777243,"Random non-targets"
"ENSG00000079482",0.0657642852397199,0.752362948960302,2.7647075323241,"Random non-targets"
"ENSG00000184494",0.079386227219357,0.661625708884688,1.63582079889577,"Random non-targets"
"ENSG00000274811",-0.165617260556131,0.463137996219282,0.888658699678124,"Random non-targets"
"ENSG00000247077",-0.265972027620868,0.776937618147448,2.76726393284716,"Random non-targets"
"ENSG00000114573",0.0530876736764235,0.880907372400756,3.99760834037677,"Random non-targets"
"ENSG00000164627",-0.147952015312771,0.24952741020794,0.373556173387787,"Random non-targets"
"ENSG00000172428",-0.0560735333783264,0.979206049149338,10.8366894706141,"Random non-targets"
"ENSG00000149231",0.229425207151871,0.652173913043478,1.50391558003367,"Random non-targets"
"ENSG00000100300",-0.204746060420334,0.89413988657845,5.32562693002964,"Random non-targets"
"ENSG00000006007",0.0293622052647369,0.80718336483932,2.83900528390388,"Random non-targets"
"ENSG00000197037",-0.0114383279169296,0.368620037807183,0.601396655407428,"Random non-targets"
"ENSG00000230124",0.156300101278705,0.986767485822306,11.2986211479617,"Random non-targets"
"ENSG00000101624",0.0343233076235737,0.255198487712665,0.332463955264423,"Random non-targets"
"ENSG00000206283",-0.325432156159,0.926275992438563,6.11576428269922,"Random non-targets"
"ENSG00000186635",0.213980105166632,0.680529300567108,1.69609827252303,"Random non-targets"
"ENSG00000278174",0.105131446982561,0.631379962192817,1.21473083437191,"Random non-targets"
"ENSG00000090266",-0.0816106514156063,0.996219281663516,18.0268635632835,"Random non-targets"
"ENSG00000152484",-0.00955717366667097,0.521739130434783,1.01771599116505,"Random non-targets"
"ENSG00000171928",0.181878175213227,0.935727788279773,5.46560311998508,"Random non-targets"
"ENSG00000196597",0.0513843677659694,0.493383742911153,0.895634828622456,"Random non-targets"
"ENSG00000131495",-0.0908399136945014,0.98109640831758,13.1301719568149,"Random non-targets"
"ENSG00000171246",-0.087222317696869,0.328922495274102,0.688699910142462,"Random non-targets"
"ENSG00000148429",0.0417670428750703,0.618147448015123,1.4404310192742,"Random non-targets"
"ENSG00000157985",0.0780566645380044,0.947069943289225,8.1419010027666,"Random non-targets"
"ENSG00000172331",0.1070657935608,0.901701323251418,4.58350624526048,"Random non-targets"
"ENSG00000292228",-0.039562427571518,0.32703213610586,0.523504236333197,"Random non-targets"
"ENSG00000164961",-0.158367326703114,0.691871455576559,1.54650187781127,"Random non-targets"
"ENSG00000175782",0.0844515549347897,0.77882797731569,2.49266982103948,"Random non-targets"
"ENSG00000142444",-0.0127126613766968,0.495274102079395,0.966621303515176,"Random non-targets"
"ENSG00000186187",9.91151160550829e-05,0.720226843100189,2.58615289986094,"Random non-targets"
"ENSG00000188659",-0.0123699568333404,0.266540642722117,0.386137144868367,"Random non-targets"
"ENSG00000148690",0.137113036816485,0.826086956521739,3.31697689506948,"Random non-targets"
"ENSG00000186866",-0.0257673595923277,0.268431001890359,0.367144351613152,"Random non-targets"
"ENSG00000160216",0.00456195924867374,0.890359168241966,5.14668967828934,"Random non-targets"
"ENSG00000146966",0.0804076856076751,0.448015122873346,1.13273971228246,"Random non-targets"
"ENSG00000173875",0.135817432290299,0.790170132325142,2.67298553266681,"Random non-targets"
"ENSG00000120333",-0.163286560216871,0.973534971644612,7.65485325785913,"Random non-targets"
"ENSG00000156313",0.0508833639400977,0.438563327032136,0.826907064831067,"Random non-targets"
"ENSG00000184924",0.0798950105598656,0.860113421550095,3.18288258205229,"Random non-targets"
"ENSG00000168894",-0.0758805343243108,0.960302457466919,6.26720134664602,"Random non-targets"
"ENSG00000083845",0.0729766422216921,1,151.279850130744,"Random non-targets"
"ENSG00000244509",0.0284892439955707,0.661625708884688,1.68227411269504,"Random non-targets"
"ENSG00000291533",-0.081139981210696,0.992438563327032,14.0150661085343,"Random non-targets"
"ENSG00000112149",0.0955590879708165,0.277882797731569,0.403304899603328,"Random non-targets"
"ENSG00000213347",-0.0418656831947711,0.487712665406427,0.939476749771046,"Random non-targets"
"ENSG00000007202",-0.013474014462821,0.708884688090737,1.83319812471382,"Random non-targets"
"ENSG00000111843",-0.0984365778143465,0.897920604914934,3.6290487951543,"Random non-targets"
"ENSG00000112186",0.200598217102756,0.729678638941399,2.40828615682131,"Random non-targets"
"ENSG00000104419",-0.0650813492713583,0.224952741020794,0.651862452564135,"Random non-targets"
"ENSG00000076043",-0.34316206852502,0.947069943289225,7.96932682218478,"Random non-targets"
"ENSG00000071243",0.0344543979581482,0.742911153119093,2.1839664495928,"Random non-targets"
"ENSG00000206535",-0.188359984737475,0.31758034026465,0.506959193302953,"Random non-targets"
"ENSG00000285193",-0.0639787963046201,0.275992438563327,0.380292931188798,"Random non-targets"
"ENSG00000164209",-0.00607154699441896,0.620037807183365,1.31356117108904,"Random non-targets"
"ENSG00000165714",-0.144591908340309,0.404536862003781,0.684380344618419,"Random non-targets"
"ENSG00000167685",0.113824286627501,0.483931947069943,0.906432313868036,"Random non-targets"
"ENSG00000230475",-0.0418056278214734,0.304347826086957,0.380550902122922,"Random non-targets"
"ENSG00000107099",0.0945898703319901,0.258979206049149,0.412664671129764,"Random non-targets"
"ENSG00000118961",0.106549394249819,0.449905482041588,0.800308872517862,"Random non-targets"
"ENSG00000155096",-0.0572788490159275,0.888468809073724,4.10306486600426,"Random non-targets"
"ENSG00000197894",-0.301649890262669,0.994328922495274,13.7061354645722,"Random non-targets"
"ENSG00000111678",0.236527207912413,0.846880907372401,3.08176971887042,"Random non-targets"
"ENSG00000185352",-0.0425397357431319,0.417769376181474,1.19455426745064,"Random non-targets"
"ENSG00000102078",0.187161976698003,0.90359168241966,4.32742445376346,"Random non-targets"
"ENSG00000181555",0.257382953569514,0.977315689981096,9.54279326172946,"Random non-targets"
"ENSG00000137364",-0.0529716452043227,0.801512287334594,2.53939135781715,"Random non-targets"
"ENSG00000171612",-0.124612958053445,0.795841209829868,3.26788469927804,"Random non-targets"
"ENSG00000156500",0.1232417836148,0.493383742911153,1.10566234355546,"Random non-targets"
"ENSG00000176204",-0.0744216487550333,0.455576559546314,1.16005428957264,"Random non-targets"
"ENSG00000172775",0.1547885172844,0.920604914933837,4.72826142745827,"Random non-targets"
"ENSG00000240445",-0.0642597057022771,0.376181474480151,0.582166106159936,"Random non-targets"
"ENSG00000132640",-0.102704757737309,0.621928166351607,1.43553496673476,"Random non-targets"
"ENSG00000007341",0.0620000937969235,0.882797731568998,3.95977021495563,"Random non-targets"
"ENSG00000117118",-0.237176833577141,0.954631379962193,8.35244124697379,"Random non-targets"
"ENSG00000291964",-0.094608162537322,0.801512287334594,2.63707726806562,"Random non-targets"
"ENSG00000254505",-0.113897819200982,0.334593572778828,0.498653633070785,"Random non-targets"
"ENSG00000009950",0.15214079890664,0.699432892249527,2.13991288632353,"Random non-targets"
"ENSG00000102595",-0.0496198592709255,0.837429111531191,3.12017131519389,"Random non-targets"
"ENSG00000184428",-0.113902717444848,0.701323251417769,1.86796518724563,"Random non-targets"
"ENSG00000206342",0.00544213890352105,0.463137996219282,0.790308638071141,"Random non-targets"
"ENSG00000120727",0.179939381588003,0.975425330812854,8.96535293625938,"Random non-targets"
"ENSG00000163069",0.0893551558091872,0.841209829867675,2.8153667519904,"Random non-targets"
"ENSG00000182963",-0.0428231843628651,0.714555765595463,2.30396131631215,"Random non-targets"
"ENSG00000124097",-0.240351232420508,0.504725897920605,1.06541403870353,"Random non-targets"
"ENSG00000180573",0.19306717486967,0.321361058601134,0.583837617071484,"Random non-targets"
"ENSG00000185551",-0.126257290321652,0.638941398865784,1.67984474480873,"Random non-targets"
"ENSG00000143819",0.110358579632067,0.784499054820416,2.42708453690092,"Random non-targets"
"ENSG00000270106",0.048570857303345,0.24007561436673,0.4567475812857,"Random non-targets"
"ENSG00000161405",0.0128764056981357,0.527410207939509,1.25059210958657,"Random non-targets"
"ENSG00000134245",0.118758636007929,0.277882797731569,0.486733953872525,"Random non-targets"
"ENSG00000174898",0.0236733981462001,0.311909262759924,1.48176338737274,"Random non-targets"
"ENSG00000154118",0.0578139331098478,0.44234404536862,0.923245847323296,"Random non-targets"
"ENSG00000101082",-0.0455657510848601,0.272211720226843,0.508881906709101,"Random non-targets"
"ENSG00000172575",0.0716457077287108,0.283553875236295,0.477860443121262,"Random non-targets"
"ENSG00000140740",-0.0645582487632769,0.975425330812854,7.67489031539994,"Random non-targets"
"ENSG00000130741",0.172402798056732,1,26.8818924048084,"Random non-targets"
"ENSG00000144161",-0.113417398064857,0.697542533081285,1.94814701510222,"Random non-targets"
"ENSG00000173409",-0.0699229338755546,0.937618147448015,5.38241137166005,"Random non-targets"
"ENSG00000101898",-0.0537713752415771,0.568998109640832,1.14087142411745,"Random non-targets"
"ENSG00000168566",0.0617210141959186,0.926275992438563,4.64194948563727,"Random non-targets"
"ENSG00000049883",-0.0563361517459337,0.483931947069943,0.8748323927207,"Random non-targets"
"ENSG00000105254",0.0449133272995745,0.90359168241966,4.10060721583567,"Random non-targets"
"ENSG00000288461",-0.186291038290607,0.589792060491493,1.32022411051275,"Random non-targets"
"ENSG00000140854",-0.181179241046992,0.688090737240076,1.77822371092566,"Random non-targets"
"ENSG00000204344",0.0906074777717188,0.302457466918715,0.442334172909364,"Random non-targets"
"ENSG00000184014",0.00975770520047204,0.962192816635161,8.08886922863794,"Random non-targets"
"ENSG00000033627",0.0531060502633686,0.899810964083176,4.75590312275794,"Random non-targets"
"ENSG00000184857",-0.143496495616962,0.671077504725898,1.83359745656954,"Random non-targets"
"ENSG00000079277",0.0244363931041324,0.752362948960302,2.21978150447866,"Random non-targets"
"ENSG00000291357",-0.0754877692135505,0.238185255198488,0.347252988780015,"Random non-targets"
"ENSG00000170004",0.234039731922584,0.712665406427221,2.12338983235767,"Random non-targets"
"ENSG00000145348",0.0150451574974433,0.637051039697543,1.70302388835709,"Random non-targets"
"ENSG00000140941",0.216214218045841,0.947069943289225,7.09595309193045,"Random non-targets"
"ENSG00000256537",-0.0160371761848805,0.325141776937618,0.423531591992715,"Random non-targets"
"ENSG00000108641",-0.34854559019781,0.871455576559546,4.06550446719935,"Random non-targets"
"ENSG00000102910",0.146410175863802,0.88468809073724,3.59764884676808,"Random non-targets"
"ENSG00000005436",-0.0431394194299438,0.506616257088847,0.920780134819791,"Random non-targets"
"ENSG00000111640",-0.0194880529586086,1,247.952814985392,"Random non-targets"
"ENSG00000108599",0.0978803760648568,0.841209829867675,3.43619620513485,"Random non-targets"
"ENSG00000130985",-0.0304970503656907,0.994328922495274,13.5050707626635,"Random non-targets"
"ENSG00000241468",-0.20189573417457,0.998109640831758,33.3076238068872,"Random non-targets"
"ENSG00000015133",-0.185048133503096,0.413988657844991,0.790083409996581,"Random non-targets"
"ENSG00000081154",0.0164346073877199,0.967863894139887,7.70892194747999,"Random non-targets"
"ENSG00000071794",0.106422520707911,0.916824196597353,4.54486542680781,"Random non-targets"
"ENSG00000166579",-0.0304729698236458,0.703213610586011,2.00291330079827,"Random non-targets"
"ENSG00000085185",0.107674715200707,0.809073724007561,3.31397383841576,"Random non-targets"
"ENSG00000265681",-0.194725539538847,1,49.8581960276743,"Random non-targets"
"ENSG00000108061",0.189605601162471,0.809073724007561,2.44471299257853,"Random non-targets"
"ENSG00000126705",0.0936098096285962,0.421550094517958,0.707199755123085,"Random non-targets"
"ENSG00000100599",-0.0339227053862061,0.555765595463138,1.42759080689495,"Random non-targets"
"ENSG00000284807",-0.212947756206411,0.262759924385633,0.389225423189032,"Random non-targets"
"ENSG00000013573",-0.114646028027606,0.846880907372401,3.40324942738765,"Random non-targets"
"ENSG00000146063",-0.0217912687186999,0.546313799621928,1.08592727399079,"Random non-targets"
"ENSG00000184005",0.031669912779111,0.387523629489603,0.679679102035537,"Random non-targets"
"ENSG00000151445",0.0460980927155434,0.544423440453686,0.984943054974508,"Random non-targets"
"ENSG00000168356",0.134708955219408,0.298676748582231,0.637801891972946,"Random non-targets"
"ENSG00000005007",-0.0955441814748378,0.809073724007561,2.92876504991629,"Random non-targets"
"ENSG00000158615",0.095707324521089,0.674858223062382,1.65966524517452,"Random non-targets"
"ENSG00000144827",0.0696033311736554,0.814744801512287,2.69550793606011,"Random non-targets"
"ENSG00000120798",0.0494442462985572,0.790170132325142,2.58870258979697,"Random non-targets"
"ENSG00000160191",0.173373362980542,0.746691871455577,2.59554920820809,"Random non-targets"
"ENSG00000179526",-0.0701656061613309,0.637051039697543,1.67445767227999,"Random non-targets"
"ENSG00000196465",0.186611983030336,0.956521739130435,6.12360124136516,"Random non-targets"
"ENSG00000128908",0.0277651764777682,0.822306238185255,3.48012796848845,"Random non-targets"
"ENSG00000121542",0.0528407316950619,0.786389413988658,2.48971566895696,"Random non-targets"
"ENSG00000139826",-0.0445250281241336,0.287334593572779,0.40244011955372,"Random non-targets"
"ENSG00000108506",0.00446518494736879,0.754253308128544,2.54194009914162,"Random non-targets"
"ENSG00000142892",0.103723212684741,0.937618147448015,4.7281583250384,"Random non-targets"
"ENSG00000168000",0.0944962799674571,0.75047258979206,1.97859503998877,"Random non-targets"
"ENSG00000171877",0.184521884831455,0.890359168241966,4.99657389384232,"Random non-targets"
"ENSG00000122970",0.0241666493207167,0.706994328922495,1.79831649424484,"Random non-targets"
"ENSG00000140470",-0.0497797125534979,0.667296786389414,2.57334239089587,"Random non-targets"
"ENSG00000119718",-0.0585941000465206,0.948960302457467,5.89222940956336,"Random non-targets"
"ENSG00000135457",0.0703070138682458,0.947069943289225,7.27122775205248,"Random non-targets"
"ENSG00000131236",-0.0219587964462796,0.952741020793951,6.26979460707673,"Random non-targets"
"ENSG00000185236",0.0885253893160035,0.67296786389414,1.64260067636524,"Random non-targets"
"ENSG00000128487",0.100405864520233,0.86578449905482,3.36394728868893,"Random non-targets"
"ENSG00000111371",-0.101544921374902,0.930056710775047,6.24535046672041,"Random non-targets"
"ENSG00000112763",0.0585691988651116,0.550094517958412,1.06465976470814,"Random non-targets"
"ENSG00000137207",0.111913086885053,0.922495274102079,4.56087263468008,"Random non-targets"
"ENSG00000136011",-0.139691273692428,0.287334593572779,0.439724709690255,"Random non-targets"
"ENSG00000114902",-0.376288547811573,0.99054820415879,15.2979162322169,"Random non-targets"
"ENSG00000029639",-0.201101910853801,0.801512287334594,2.58821008546404,"Random non-targets"
"ENSG00000278458",0.216771169607968,0.958412098298677,8.38925182515874,"Random non-targets"
"ENSG00000119632",0.249255974773885,0.493383742911153,1.19364805546512,"Random non-targets"
"ENSG00000126778",-0.274680392883013,0.410207939508507,0.804240910680373,"Random non-targets"
"ENSG00000157326",-0.309463282687646,0.693761814744801,2.26145107281407,"Random non-targets"
"ENSG00000149054",-0.120600407273766,0.550094517958412,1.01462556807257,"Random non-targets"
"ENSG00000126775",0.180137740614853,0.595463137996219,1.32489709077675,"Random non-targets"
"ENSG00000116729",0.0780928735213817,0.841209829867675,3.36796655768664,"Random non-targets"
"ENSG00000042445",-0.0463111622882956,0.372400756143667,0.591589912379617,"Random non-targets"
"ENSG00000086061",0.107532005606884,1,32.3005104641858,"Random non-targets"
"ENSG00000140153",0.0867855409042767,0.918714555765595,5.24588375786862,"Random non-targets"
"ENSG00000182718",-0.275031216895457,0.947069943289225,10.3319135368364,"Random non-targets"
"ENSG00000130940",0.0250338609570954,0.351606805293006,0.535655378416987,"Random non-targets"
"ENSG00000132170",-0.0478322172100825,0.657844990548204,1.61504231196338,"Random non-targets"
"ENSG00000197863",-0.0793468562567162,0.294896030245747,0.474749036116986,"Random non-targets"
"ENSG00000147117",0.0876440745905409,0.268431001890359,0.494664735515445,"Random non-targets"
"ENSG00000124523",-0.101023347086888,0.512287334593573,0.869615010456072,"Random non-targets"
"ENSG00000169764",0.109634332395466,0.703213610586011,1.64322457624098,"Random non-targets"
"ENSG00000136631",0.179204946388981,0.852551984877127,3.30053215408788,"Random non-targets"
"ENSG00000167216",0.170762230698337,0.533081285444234,1.31620626551083,"Random non-targets"
"ENSG00000154127",0.0814306392942718,0.478260869565217,1.2031982554351,"Random non-targets"
"ENSG00000091157",0.147037828757548,0.746691871455577,2.0920924838743,"Random non-targets"
"ENSG00000140374",-0.0508122754436898,0.99054820415879,15.7109779569843,"Random non-targets"
"ENSG00000051523",-0.0793850167307018,0.665406427221172,1.80422278863069,"Random non-targets"
"ENSG00000001084",-0.0776446032370108,0.66351606805293,1.68786677597825,"Random non-targets"
"ENSG00000268797",0.165636430954989,0.495274102079395,1.40892901015742,"Random non-targets"
"ENSG00000142784",0.179367407872739,0.695652173913043,1.98061719327524,"Random non-targets"
"ENSG00000234046",0.050659588182484,0.625708884688091,1.37218689168994,"Random non-targets"
"ENSG00000168522",-0.0940296850972143,0.502835538752363,0.995758521897918,"Random non-targets"
"ENSG00000168116",-0.0248329164284057,0.697542533081285,1.84620562481093,"Random non-targets"
"ENSG00000119402",0.119962436526785,0.901701323251418,4.51085586453064,"Random non-targets"
"ENSG00000112685",0.00116473678181902,0.871455576559546,3.35762474303315,"Random non-targets"
"ENSG00000243364",-0.0571161723083978,0.268431001890359,0.32503090379262,"Random non-targets"
"ENSG00000135597",-0.0550707434924704,0.731568998109641,2.20411980977642,"Random non-targets"
"ENSG00000139266",0.0463347961068942,0.421550094517958,0.862276738288317,"Random non-targets"
"ENSG00000186314",-0.014133735473136,0.446124763705104,0.838312855560916,"Random non-targets"
"ENSG00000148200",0.11374007342158,0.973534971644612,10.5790029398006,"Random non-targets"
"ENSG00000155906",0.0491508556983442,0.854442344045369,2.97136678336781,"Random non-targets"
"ENSG00000105258",-0.211720327750045,0.962192816635161,8.07026642548681,"Random non-targets"
"ENSG00000115966",0.0543948795567898,0.848771266540643,3.21970249823359,"Random non-targets"
"ENSG00000182095",0.0214573728867691,0.948960302457467,9.27702790800725,"Random non-targets"
"ENSG00000090061",0.0275231100470589,0.438563327032136,0.716276476468758,"Random non-targets"
"ENSG00000166888",0.0975054170617244,0.35538752362949,0.64562662039411,"Random non-targets"
"ENSG00000004866",0.117482845090989,0.621928166351607,1.31776406490003,"Random non-targets"
"ENSG00000280495",-0.270272743788649,0.655954631379962,1.59580319823398,"Random non-targets"
"ENSG00000276833",0.00697194870298895,0.979206049149338,12.4263821019605,"Random non-targets"
"ENSG00000125503",0.0737154297758729,0.669187145557656,1.74338085756475,"Random non-targets"
"ENSG00000106100",0.0937138525240967,0.402646502835539,0.666561792839598,"Random non-targets"
"ENSG00000170837",-0.234657891076684,0.551984877126654,1.20861547247712,"Random non-targets"
"ENSG00000130254",0.0787699260586026,0.879017013232514,4.14957896410556,"Random non-targets"
"ENSG00000101230",0.0913201405353601,0.330812854442344,0.767664721263929,"Random non-targets"
"ENSG00000203879",0.268888109666978,0.91304347826087,4.53557150145465,"Random non-targets"
"ENSG00000005020",-0.0530859410233453,0.767485822306238,2.43735417958746,"Random non-targets"
"ENSG00000107672",-0.131390279745157,0.646502835538752,1.54014061165809,"Random non-targets"
"ENSG00000104142",-0.00692102191469737,0.453686200378072,0.770322015216691,"Random non-targets"
"ENSG00000109762",-0.028859157638717,0.716446124763705,2.13926328560756,"Random non-targets"
"ENSG00000156983",-0.0206856177423268,0.671077504725898,1.93057198812031,"Random non-targets"
"ENSG00000273873",-0.136493775429045,0.440453686200378,0.896744472952935,"Random non-targets"
"ENSG00000179152",0.0464324886519168,0.771266540642722,2.35728466789595,"Random non-targets"
"ENSG00000004961",-0.0372497139628422,0.860113421550095,4.19417846858043,"Random non-targets"
"ENSG00000168769",0.143084595911979,0.540642722117202,0.987400347832762,"Random non-targets"
"ENSG00000162512",-0.00645894797000665,0.33648393194707,0.443963248260527,"Random non-targets"
"ENSG00000106993",-0.00276058444914257,0.43289224952741,0.659117976694117,"Random non-targets"
"ENSG00000173421",-0.0222857482646135,0.340264650283554,0.628625796427295,"Random non-targets"
"ENSG00000136045",-0.359876058457023,0.97164461247637,8.61209569955441,"Random non-targets"
"ENSG00000130803",-0.10249696121709,0.65406427221172,1.62585243847167,"Random non-targets"
"ENSG00000104356",-0.148948931190694,0.727788279773157,2.43288106319049,"Random non-targets"
"ENSG00000186300",0.0637925478743691,0.272211720226843,0.38708203481163,"Random non-targets"
"ENSG00000142453",-0.133583167085092,0.784499054820416,3.32809994511068,"Random non-targets"
"ENSG00000103061",-0.00329899448456695,0.544423440453686,1.02142473972452,"Random non-targets"
"ENSG00000125821",-0.158146233459298,0.962192816635161,6.6586301565481,"Random non-targets"
"ENSG00000126216",-0.0756168486281291,0.708884688090737,2.02190294880707,"Random non-targets"
"ENSG00000167468",0.194332187444584,1,46.8806896264022,"Random non-targets"
"ENSG00000197943",-0.10979326697488,0.52930056710775,1.49950703961975,"Random non-targets"
"ENSG00000164707",0.0128292546172934,0.400756143667297,0.936251047242861,"Random non-targets"
"ENSG00000167280",0.0429949353391414,0.527410207939509,0.970733804395528,"Random non-targets"
"ENSG00000196305",-0.234676890767809,0.969754253308129,10.7991188173781,"Random non-targets"
"ENSG00000122484",0.0767091741373578,0.89413988657845,3.97263132176459,"Random non-targets"
"ENSG00000161551",-0.0588631762513506,0.368620037807183,0.724120829605831,"Random non-targets"
"ENSG00000090924",0.0367353906426828,0.281663516068053,0.398750089243346,"Random non-targets"
"ENSG00000170502",0.107977548478078,0.89413988657845,4.31416289091944,"Random non-targets"
"ENSG00000132294",0.00655683329049671,0.559546313799622,1.14060650978524,"Random non-targets"
"ENSG00000100099",0.0115133935980964,0.67296786389414,1.58598351673209,"Random non-targets"
"ENSG00000068120",-0.0941496090344997,0.754253308128544,2.25123108721649,"Random non-targets"
"ENSG00000170473",-0.0412029814711917,0.880907372400756,3.66475456216218,"Random non-targets"
"ENSG00000096060",-0.0759306780907278,0.826086956521739,3.24921767476309,"Random non-targets"
"ENSG00000163820",-0.0234870918907125,0.502835538752363,0.933951061223984,"Random non-targets"
"ENSG00000176390",0.0150100511771199,0.724007561436673,2.25045510557453,"Random non-targets"
"ENSG00000022840",0.0407690695479617,0.937618147448015,5.61560614695504,"Random non-targets"
"ENSG00000104375",0.219059169688236,0.911153119092628,5.08585392458427,"Random non-targets"
"ENSG00000168575",-0.0466481722261343,0.88468809073724,5.00551998397026,"Random non-targets"
"ENSG00000130305",-0.0696341571438985,0.945179584120983,5.20228261114633,"Random non-targets"
"ENSG00000114942",-0.214860384122416,1,96.0570157798968,"Random non-targets"
"ENSG00000138459",0.128624106827597,0.716446124763705,1.80175854210722,"Random non-targets"
"ENSG00000288283",-0.0129573434829228,0.642722117202268,1.7012863862859,"Random non-targets"
"ENSG00000204899",-0.0818209202672002,0.97164461247637,10.487524242761,"Random non-targets"
"ENSG00000122406",0.0258381864997198,1,392.772836605864,"Random non-targets"
"ENSG00000171953",0.0593937777024028,0.818525519848771,2.8446944260844,"Random non-targets"
"ENSG00000136108",-0.104987203966382,0.956521739130435,7.01140948799855,"Random non-targets"
"ENSG00000035928",-0.0283608557407725,0.892249527410208,4.57451814413075,"Random non-targets"
"ENSG00000124074",-0.0247113837236842,0.268431001890359,0.40018555829705,"Random non-targets"
"ENSG00000164292",-0.0982068800897992,0.406427221172023,0.761899733631628,"Random non-targets"
"ENSG00000129521",-0.071999307661061,0.283553875236295,0.40221358228898,"Random non-targets"
"ENSG00000105193",0.0866513524827149,1,222.602118231532,"Random non-targets"
"ENSG00000075407",-0.016082202860221,0.744801512287335,2.01749120956482,"Random non-targets"
"ENSG00000272410",-0.145509816316092,0.304347826086957,0.509984859427559,"Random non-targets"
"ENSG00000112367",0.0825721531323261,0.725897920604915,1.77858031654029,"Random non-targets"
"ENSG00000181222",0.0273061942313397,0.858223062381853,3.28052755663992,"Random non-targets"
"ENSG00000117222",0.0494738641950439,0.877126654064272,3.31673675561262,"Random non-targets"
"ENSG00000163527",-0.136274473742865,0.805293005671078,2.50908283893552,"Random non-targets"
"ENSG00000138050",-0.0278965594300158,0.744801512287335,2.11528908587681,"Random non-targets"
"ENSG00000178913",0.243506868578605,0.948960302457467,6.68385293757391,"Random non-targets"
"ENSG00000163684",0.0401557241478915,0.780718336483932,2.44667255329202,"Random non-targets"
"ENSG00000069248",-0.185018080185002,0.909262759924386,5.12823456091273,"Random non-targets"
"ENSG00000146083",-0.051588546167979,0.465028355387524,0.791079444266029,"Random non-targets"
"ENSG00000149679",0.0426400520732858,0.279773156899811,0.387608668865198,"Random non-targets"
"ENSG00000047346",0.190991951471547,0.53875236294896,1.08952627912323,"Random non-targets"
"ENSG00000138834",0.057787279130651,0.519848771266541,1.11581020240995,"Random non-targets"
"ENSG00000006071",0.0114877556324045,0.277882797731569,0.468735414240034,"Random non-targets"
"ENSG00000146587",0.00468056436786703,0.293005671077505,0.454884703008886,"Random non-targets"
"ENSG00000107438",-0.239163378437757,0.856332703213611,4.42483823359392,"Random non-targets"
"ENSG00000129595",0.0164853305544314,0.294896030245747,0.505569676848715,"Random non-targets"
"ENSG00000159082",0.183944611449547,0.659735349716446,1.58638625417183,"Random non-targets"
"ENSG00000139219",-0.0522941092863136,0.272211720226843,0.421352322746037,"Random non-targets"
"ENSG00000165355",-0.0223161986545505,0.448015122873346,0.765641469276627,"Random non-targets"
"ENSG00000085832",0.101465407443721,0.822306238185255,2.83300783127764,"Random non-targets"
"ENSG00000162493",-0.0517849199985964,0.52930056710775,1.10590365221708,"Random non-targets"
"ENSG00000196912",0.10163521919599,0.56710775047259,1.14732549322337,"Random non-targets"
"ENSG00000219626",0.104615585082822,0.415879017013232,0.794387548559939,"Random non-targets"
"ENSG00000152348",-0.00188666257135026,0.752362948960302,2.47881552267017,"Random non-targets"
"ENSG00000075945",0.149865118169944,0.686200378071834,1.56429301735153,"Random non-targets"
"ENSG00000234616",-0.0731850102267555,0.440453686200378,0.729877437162273,"Random non-targets"
"ENSG00000099139",-0.019202734431159,0.703213610586011,2.50750867599504,"Random non-targets"
"ENSG00000174684",-0.304433938662051,0.701323251417769,2.33592060254628,"Random non-targets"
"ENSG00000078399",-0.110236823155343,0.775047258979206,2.69939867942196,"Random non-targets"
"ENSG00000182944",-0.14258050808851,1,25.7378548374374,"Random non-targets"
"ENSG00000157680",0.0861519504238034,0.979206049149338,9.53601856115319,"Random non-targets"
"ENSG00000179387",0.172982151797307,0.754253308128544,2.10439209700903,"Random non-targets"
"ENSG00000082996",-0.048439725868757,0.610586011342155,1.19315151910549,"Random non-targets"
"ENSG00000119946",-0.128067942949809,0.255198487712665,0.589808498554022,"Random non-targets"
"ENSG00000142751",-0.0316691804441244,0.693761814744801,1.7245821982738,"Random non-targets"
"ENSG00000138629",0.0930477933130559,0.935727788279773,4.69276366165411,"Random non-targets"
"ENSG00000164880",-0.00598898971583834,0.519848771266541,0.920481574021262,"Random non-targets"
"ENSG00000147654",-0.0525649625531713,0.491493383742911,0.932184412436812,"Random non-targets"
"ENSG00000100124",0.0355978437139848,0.852551984877127,3.36883563519888,"Random non-targets"
"ENSG00000163382",-0.0746853481871828,0.984877126654064,13.0265929090724,"Random non-targets"
"ENSG00000157045",0.0585889313806352,0.310018903591682,0.485013965275003,"Random non-targets"
"ENSG00000223775",-0.207089282108402,0.793950850661626,2.59582471629681,"Random non-targets"
"ENSG00000177868",0.258464517343262,0.741020793950851,1.96028859604635,"Random non-targets"
"ENSG00000152413",-0.141298249614537,0.727788279773157,2.22178087477486,"Random non-targets"
"ENSG00000131748",0.0925079802143373,0.559546313799622,1.10572928692345,"Random non-targets"
"ENSG00000142230",-0.171283092239515,0.998109640831758,31.2003155792272,"Random non-targets"
"ENSG00000172932",-0.0598273121574416,0.4234404536862,0.709448857396597,"Random non-targets"
"ENSG00000105971",0.00240773369813053,0.34593572778828,0.565379595739393,"Random non-targets"
"ENSG00000158122",-0.15073132962255,0.398865784499055,0.830175222187044,"Random non-targets"
"ENSG00000127980",-0.0472362481868748,0.429111531190926,0.68550479139845,"Random non-targets"
"ENSG00000007080",-0.364512258201852,0.99054820415879,17.5259129449896,"Random non-targets"
"ENSG00000119397",0.179374607483363,0.646502835538752,1.52066781028713,"Random non-targets"
"ENSG00000276776",0.199036688009116,0.289224952741021,0.383968517999468,"Random non-targets"
"ENSG00000149929",0.156755055678687,0.86578449905482,3.37348764062577,"Random non-targets"
"ENSG00000014123",-0.0241390831257469,0.593572778827977,1.21998382042327,"Random non-targets"
"ENSG00000115368",-0.245106584628153,0.79773156899811,2.62132425649686,"Random non-targets"
"ENSG00000080802",0.227568710718367,0.967863894139887,7.36885043723997,"Random non-targets"
"ENSG00000132122",0.0277471943668867,0.457466918714556,0.875387111649966,"Random non-targets"
"ENSG00000169169",0.116148535503907,0.544423440453686,1.0074861464654,"Random non-targets"
"ENSG00000120885",0.117889677786552,0.294896030245747,0.584853440957483,"Random non-targets"
"ENSG00000182923",0.0308444256410911,0.506616257088847,1.05072966392397,"Random non-targets"
"ENSG00000157152",-0.100107072967153,0.589792060491493,1.59470179202631,"Random non-targets"
"ENSG00000143324",0.0677075066395874,0.862003780718336,3.30564085890151,"Random non-targets"
"ENSG00000072954",0.0152797468844473,0.533081285444234,1.07776890171154,"Random non-targets"
"ENSG00000124795",-0.0930375820977102,0.982986767485822,12.7945426447667,"Random non-targets"
"ENSG00000233841",0.217636767048631,0.911153119092628,4.43704619102024,"Random non-targets"
"ENSG00000133247",-0.00364180146598992,0.289224952741021,0.427472459052336,"Random non-targets"
"ENSG00000134440",-0.105377224688806,0.965973534971645,8.24481417157331,"Random non-targets"
"ENSG00000170469",0.0385860756206821,0.466918714555766,0.812303516523271,"Random non-targets"
"ENSG00000187735",-0.0617898419068726,0.879017013232514,3.92232173392158,"Random non-targets"
"ENSG00000139350",-0.0239642012398993,0.646502835538752,1.38098148933715,"Random non-targets"
"ENSG00000177169",0.15834817551752,0.570888468809074,1.17959391508247,"Random non-targets"
"ENSG00000213190",0.29692093706713,0.684310018903592,1.96540964073766,"Random non-targets"
"ENSG00000178585",0.0803170969318096,0.536862003780718,1.10517361127087,"Random non-targets"
"ENSG00000006282",0.0335951953907133,0.362948960302457,0.591164721291816,"Random non-targets"
"ENSG00000156140",-0.110345172842424,0.241965973534972,0.411944237768622,"Random non-targets"
"ENSG00000105576",-0.0576526887062008,0.897920604914934,4.51158961991886,"Random non-targets"
"ENSG00000241343",-0.0102208721659605,1,190.621090004472,"Random non-targets"
"ENSG00000092330",0.124086444828135,0.555765595463138,1.00641003363268,"Random non-targets"
"ENSG00000144029",-0.118637054833616,0.892249527410208,4.30630635299641,"Random non-targets"
"ENSG00000227345",-0.039173373920251,0.873345935727788,3.45952855437665,"Random non-targets"
"ENSG00000185453",0.130867975616445,0.459357277882798,0.885859818335481,"Random non-targets"
"ENSG00000138688",0.108422109108719,0.627599243856333,1.5852653274424,"Random non-targets"
"ENSG00000055732",0.162022569878143,0.413988657844991,0.716517878328454,"Random non-targets"
"ENSG00000032444",0.00255939644204049,0.436672967863894,0.708110820631241,"Random non-targets"
"ENSG00000130226",-0.0255886381654299,0.251417769376181,0.472918135740989,"Random non-targets"
"ENSG00000081320",0.0815861201758889,0.631379962192817,1.80132460109872,"Random non-targets"
"ENSG00000189046",-0.324840231248681,0.812854442344045,3.87928589300602,"Random non-targets"
"ENSG00000187630",-0.157776788288257,0.362948960302457,0.583111622103753,"Random non-targets"
"ENSG00000131165",-0.0715121051630215,0.822306238185255,2.77516363693651,"Random non-targets"
"ENSG00000108262",0.0445260659628309,0.342155009451796,0.486758633799096,"Random non-targets"
"ENSG00000185883",0.0359605867782986,0.368620037807183,0.548261008248935,"Random non-targets"
"ENSG00000131174",-0.178266804341936,1,31.4749887667956,"Random non-targets"
"ENSG00000139910",0.0953302607412652,0.550094517958412,1.27491281297555,"Random non-targets"
"ENSG00000265491",0.115348579876578,0.746691871455577,2.11191211098421,"Random non-targets"
"ENSG00000138193",-0.0391052293045211,0.612476370510397,1.59630024956468,"Random non-targets"
"ENSG00000099795",-0.170375817732937,0.982986767485822,9.80062962575265,"Random non-targets"
"ENSG00000166503",-0.0476676529575727,0.775047258979206,2.15272793593178,"Random non-targets"
"ENSG00000170085",-0.173388138698506,0.892249527410208,4.54579683106576,"Random non-targets"
"ENSG00000137601",0.088731513203033,0.87523629489603,4.19220061498777,"Random non-targets"
"ENSG00000139737",-0.131906481351534,0.599243856332703,1.31304736172841,"Random non-targets"
"ENSG00000101190",-0.0366276772328297,0.735349716446125,2.06391862705988,"Random non-targets"
"ENSG00000172432",0.137831812828235,0.482041587901701,0.899605687522714,"Random non-targets"
"ENSG00000131503",-0.0926050926259835,0.434782608695652,0.696099392855781,"Random non-targets"
"ENSG00000122218",0.163745193514059,0.975425330812854,9.31278767790696,"Random non-targets"
"ENSG00000130766",0.131550260696252,0.610586011342155,1.59166212054264,"Random non-targets"
"ENSG00000126261",-0.175222926070249,0.928166351606805,5.3882082912804,"Random non-targets"
"ENSG00000109265",-0.111362267680659,0.642722117202268,1.9204236354646,"Random non-targets"
"ENSG00000131558",0.402991031525768,0.973534971644612,10.4291029112211,"Random non-targets"
"ENSG00000117362",-0.065949687668258,0.824196597353497,3.07063335192419,"Random non-targets"
"ENSG00000075303",0.0039102161642279,0.334593572778828,0.483877008000684,"Random non-targets"
"ENSG00000085377",-0.26334587566142,0.695652173913043,2.08495638158918,"Random non-targets"
"ENSG00000196843",-0.00854482545101617,0.24007561436673,0.356451077311135,"Random non-targets"
"ENSG00000183762",-0.00935641524444393,0.54820415879017,1.14981925829691,"Random non-targets"
"ENSG00000141179",0.0335667147913528,0.614366729678639,1.37906190773279,"Random non-targets"
"ENSG00000029153",-0.0541084409515214,0.448015122873346,0.731382809992745,"Random non-targets"
"ENSG00000163319",-0.152263603076542,0.988657844990548,11.4637486731117,"Random non-targets"
"ENSG00000140259",0.215990014744211,0.888468809073724,3.75199259101724,"Random non-targets"
"ENSG00000197879",-0.0449051942612808,0.705103969754253,1.96681027161715,"Random non-targets"
"ENSG00000072062",0.0272354744507199,0.506616257088847,0.831364645833941,"Random non-targets"
"ENSG00000038219",0.11809000887965,0.706994328922495,1.81410751870022,"Random non-targets"
"ENSG00000226651",-0.123559870791451,0.695652173913043,1.79850833207853,"Random non-targets"
"ENSG00000189091",-0.204347110980687,0.986767485822306,11.3756625919448,"Random non-targets"
"ENSG00000070047",-0.0538978909698108,0.80718336483932,2.7968211104379,"Random non-targets"
"ENSG00000121058",0.102763674313591,0.812854442344045,2.34040203072628,"Random non-targets"
"ENSG00000165819",-0.135469178017283,0.931947069943289,4.94283773604852,"Random non-targets"
"ENSG00000105483",0.102984900539925,0.693761814744801,1.86398194718933,"Random non-targets"
"ENSG00000073050",0.105332905066574,0.822306238185255,2.69392651014835,"Random non-targets"
"ENSG00000072041",-0.313648470847074,0.735349716446125,2.8339101058851,"Random non-targets"
"ENSG00000151687",-0.0745096508172146,0.413988657844991,0.775702832783085,"Random non-targets"
"ENSG00000139324",0.0423996536953752,0.640831758034026,1.396049845249,"Random non-targets"
"ENSG00000101191",0.0328816787152053,0.860113421550095,3.43327895925908,"Random non-targets"
"ENSG00000168275",-0.227907654458099,0.994328922495274,19.3236392741049,"Random non-targets"
"ENSG00000086475",-0.15897849102024,0.911153119092628,4.44457026171245,"Random non-targets"
"ENSG00000081019",-0.0407925156157692,0.413988657844991,0.718188080172417,"Random non-targets"
"ENSG00000164587",0.00732477937426212,1,429.835559361699,"Random non-targets"
"ENSG00000160710",-0.0343607236578719,0.939508506616257,5.22547844455381,"Random non-targets"
"ENSG00000128563",0.0394776545895979,0.897920604914934,4.22917820495452,"Random non-targets"
"ENSG00000171100",0.0303782188937701,0.434782608695652,0.673401671826342,"Random non-targets"
"ENSG00000284282",-0.157287391024165,0.570888468809074,1.21017485761284,"Random non-targets"
"ENSG00000173705",-0.218335638677672,0.387523629489603,0.764007558031613,"Random non-targets"
"ENSG00000135845",0.267714711587389,0.863894139886578,3.12582911514721,"Random non-targets"
"ENSG00000119772",-0.0196871891668623,0.680529300567108,1.88186237715712,"Random non-targets"
"ENSG00000170265",-0.0996976942906937,0.699432892249527,1.84217519486502,"Random non-targets"
"ENSG00000178149",-0.0756777345376467,0.684310018903592,1.58204751038537,"Random non-targets"
"ENSG00000101310",0.11288264165533,0.91304347826087,4.07880703891128,"Random non-targets"
"ENSG00000163026",-0.0388269424938378,0.525519848771267,1.04495863952888,"Random non-targets"
"ENSG00000198089",0.0692071128276047,0.954631379962193,7.51731442480991,"Random non-targets"
"ENSG00000175701",-0.00624183497154909,0.733459357277883,1.99328399419773,"Random non-targets"
"ENSG00000206279",-0.00134111741413913,0.514177693761815,0.959753183161401,"Random non-targets"
"ENSG00000180098",-0.0264936804108738,0.941398865784499,6.30627620435013,"Random non-targets"
"ENSG00000173905",-0.167809679711353,0.718336483931947,2.11997836005363,"Random non-targets"
"ENSG00000075292",0.246620541252139,0.979206049149338,10.2115576363061,"Random non-targets"
"ENSG00000148337",-0.0765423552380794,0.805293005671078,3.54178354490013,"Random non-targets"
"ENSG00000162852",0.030756524838308,0.565217391304348,1.19060481495645,"Random non-targets"
"ENSG00000175352",0.000774499020881796,0.476370510396975,0.84707590142453,"Random non-targets"
"ENSG00000276021",-0.0286340015867066,0.243856332703214,0.420670931585301,"Random non-targets"
"ENSG00000143437",0.0924469053711257,0.771266540642722,2.29362713872935,"Random non-targets"
"ENSG00000155875",0.00302286564469599,0.24007561436673,0.466732914854885,"Random non-targets"
"ENSG00000143333",-0.163220587624052,0.319470699432892,0.693637513240164,"Random non-targets"
"ENSG00000225998",-0.287550471227561,0.517958412098299,0.984969974965257,"Random non-targets"
"ENSG00000010626",0.0868631782367797,0.47069943289225,0.941488926946216,"Random non-targets"
"ENSG00000286001",-0.0841937947473397,0.425330812854442,0.756197795111604,"Random non-targets"
"ENSG00000068971",0.115700940868926,0.277882797731569,0.442431597130903,"Random non-targets"
"ENSG00000111641",-0.297091678291252,0.765595463137996,3.69609299757352,"Random non-targets"
"ENSG00000178950",0.13544553261268,0.862003780718336,3.18094086566254,"Random non-targets"
"ENSG00000078246",0.12447952657174,0.699432892249527,1.68165356008071,"Random non-targets"
"ENSG00000265354",-0.224407545455743,0.97164461247637,10.3501132292183,"Random non-targets"
"ENSG00000145996",0.21056243357792,0.969754253308129,8.60756703350728,"Random non-targets"
"ENSG00000180376",-0.00419120955003768,0.89413988657845,4.48919530443893,"Random non-targets"
"ENSG00000167986",0.0295863898728055,0.984877126654064,8.33266244101405,"Random non-targets"
"ENSG00000166762",0.0923854507237134,0.427221172022684,0.817007916785995,"Random non-targets"
"ENSG00000048544",-0.211609113006011,0.905482041587902,5.37242926996786,"Random non-targets"
"ENSG00000111737",-0.0270134056221705,0.550094517958412,1.29043929526876,"Random non-targets"
"ENSG00000196646",0.0242385733786576,0.453686200378072,1.05675975353862,"Random non-targets"
"ENSG00000128573",-0.0685094722445898,0.748582230623819,2.81018933620826,"Random non-targets"
"ENSG00000120656",0.0789272513596953,0.909262759924386,4.71341408855812,"Random non-targets"
"ENSG00000084234",0.152987862787773,0.998109640831758,15.8830004150431,"Random non-targets"
"ENSG00000198105",0.0421218307693931,0.568998109640832,1.14921791260334,"Random non-targets"
"ENSG00000104969",-0.024982873102751,0.846880907372401,3.39737593006682,"Random non-targets"
"ENSG00000136381",0.00242482022355856,0.888468809073724,3.82074392525116,"Random non-targets"
"ENSG00000169957",-0.0768928803016003,0.816635160680529,3.19636438693162,"Random non-targets"
"ENSG00000110011",-0.0217212500342677,0.459357277882798,0.719121086167415,"Random non-targets"
"ENSG00000184381",0.0744035419509875,0.448015122873346,0.831807711184928,"Random non-targets"
"ENSG00000160305",0.135668741428746,0.852551984877127,3.77935172570093,"Random non-targets"
"ENSG00000203791",-0.0691577769452572,0.472589792060492,0.86537446390988,"Random non-targets"
"ENSG00000148399",-0.160491407656842,0.867674858223062,4.14285627196194,"Random non-targets"
"ENSG00000283777",-0.194410297128446,0.984877126654064,15.3807047175287,"Random non-targets"
"ENSG00000125375",0.00705776781401945,0.693761814744801,1.53434856442785,"Random non-targets"
"ENSG00000138035",-0.256154086290731,0.945179584120983,7.08793757365007,"Random non-targets"
"ENSG00000183208",-0.0810296731217546,0.508506616257089,0.947124887781705,"Random non-targets"
"ENSG00000237190",-0.106376638549021,0.862003780718336,3.79493371802569,"Random non-targets"
"ENSG00000179271",-0.305775652139404,0.858223062381853,3.94088173631918,"Random non-targets"
"ENSG00000183475",0.0841108910150996,0.436672967863894,0.752797750011918,"Random non-targets"
"ENSG00000217128",0.106835852267973,0.519848771266541,0.855551455535823,"Random non-targets"
"ENSG00000129219",-0.0736266920053086,0.362948960302457,0.575874611389683,"Random non-targets"
"ENSG00000243667",-0.044948129156375,0.357277882797732,0.545187819728533,"Random non-targets"
"ENSG00000102699",0.00972363504505784,0.457466918714556,0.755406359446089,"Random non-targets"
"ENSG00000143224",0.0493834641286425,0.735349716446125,2.321677161308,"Random non-targets"
"ENSG00000116198",-0.0167735181220054,0.66351606805293,1.56430398563905,"Random non-targets"
"ENSG00000124228",-0.132865531286976,0.952741020793951,6.97699504293385,"Random non-targets"
"ENSG00000162415",0.00286163776631975,0.527410207939509,1.36690398095653,"Random non-targets"
"ENSG00000060491",-0.0595329242441405,0.406427221172023,0.689849726771437,"Random non-targets"
"ENSG00000104231",-0.0994294317545466,0.862003780718336,3.9159101968974,"Random non-targets"
"ENSG00000010803",0.0053194392231814,0.907372400756144,5.36721579218987,"Random non-targets"
"ENSG00000165282",-0.0238225989477766,0.478260869565217,0.877777748187194,"Random non-targets"
"ENSG00000120008",0.0608819462918256,0.824196597353497,2.69618156865886,"Random non-targets"
"ENSG00000123353",0.0638028773309413,0.935727788279773,5.36197338128795,"Random non-targets"
"ENSG00000129646",0.230713116541565,0.731568998109641,2.55835807996312,"Random non-targets"
"ENSG00000099949",-0.138653260089434,0.550094517958412,1.18803718161545,"Random non-targets"
"ENSG00000256053",-0.0238017584314677,0.534971644612476,1.04255508808152,"Random non-targets"
"ENSG00000078070",0.132438202419197,0.710775047258979,1.67020424122636,"Random non-targets"
"ENSG00000149925",-0.308557707592514,0.99054820415879,20.237160359484,"Random non-targets"
"ENSG00000178502",0.0420615389965502,0.570888468809074,1.29632396834017,"Random non-targets"
"ENSG00000188419",0.13817906113421,0.767485822306238,2.716940087606,"Random non-targets"
"ENSG00000120805",-0.179524416730502,0.931947069943289,5.39059412610143,"Random non-targets"
"ENSG00000155097",0.210585850284089,0.899810964083176,4.06949842193115,"Random non-targets"
"ENSG00000118242",0.0737646250254495,0.516068052930057,0.94745282077873,"Random non-targets"
"ENSG00000183808",0.0769944711738558,0.499054820415879,0.780271601901273,"Random non-targets"
"ENSG00000065491",0.144004721333587,0.646502835538752,1.58676381003757,"Random non-targets"
"ENSG00000173465",-0.210851703012319,0.718336483931947,2.25659479187922,"Random non-targets"
"ENSG00000100221",0.126790760300621,0.710775047258979,1.82329790096325,"Random non-targets"
"ENSG00000204311",-0.0550030481469067,0.260869565217391,1.78748135847937,"Random non-targets"
"ENSG00000109445",-0.111636279289044,0.901701323251418,5.33016753272494,"Random non-targets"
"ENSG00000167220",0.180792151664862,0.77882797731569,2.18990718565121,"Random non-targets"
"ENSG00000234719",-0.0470874166563189,0.45179584120983,0.921010836727028,"Random non-targets"
"ENSG00000206487",0.0246525170336696,0.24952741020794,0.388123581432032,"Random non-targets"
"ENSG00000001630",-0.214500841840727,0.718336483931947,2.04368967304874,"Random non-targets"
"ENSG00000204815",-0.0202736626126037,0.527410207939509,1.16298475992523,"Random non-targets"
"ENSG00000111110",-0.0654393367211469,0.68241965973535,1.94176886359331,"Random non-targets"
"ENSG00000155959",-0.104569969089543,1,20.5217472300941,"Random non-targets"
"ENSG00000104885",-0.126997157925034,0.729678638941399,2.63019063002441,"Random non-targets"
"ENSG00000143494",-0.0142852108142718,0.264650283553875,0.435458936518411,"Random non-targets"
"ENSG00000100416",-0.250939707795685,0.818525519848771,3.18087373449423,"Random non-targets"
"ENSG00000234798",-0.104344675225219,0.357277882797732,0.516136821122666,"Random non-targets"
"ENSG00000149932",0.172925368556893,0.89413988657845,3.99650368505744,"Random non-targets"
"ENSG00000159128",-0.0687902717582776,0.497164461247637,1.06382098170743,"Random non-targets"
"ENSG00000124191",0.13228270966919,0.268431001890359,0.429202775050268,"Random non-targets"
"ENSG00000179933",-0.107426359445981,0.973534971644612,7.58954379093585,"Random non-targets"
"ENSG00000162419",0.17244387913338,0.801512287334594,2.74496536087519,"Random non-targets"
"ENSG00000106299",0.207059998388767,0.652173913043478,1.41326366425858,"Random non-targets"
"ENSG00000065457",-0.148581862514937,0.525519848771267,1.10763271120864,"Random non-targets"
"ENSG00000104412",-0.0654029360189278,0.7882797731569,2.50821666402784,"Random non-targets"
"ENSG00000152642",-0.168122488118774,0.542533081285444,1.04836359018991,"Random non-targets"
"ENSG00000204435",-0.0263563043250664,0.722117202268431,2.00649762464721,"Random non-targets"
"ENSG00000151773",-0.00768785631925743,0.361058601134216,0.567888151999211,"Random non-targets"
"ENSG00000138641",0.0733753630921062,0.285444234404537,0.436872267799626,"Random non-targets"
"ENSG00000253293",-0.172489714060568,0.688090737240076,2.34896074088019,"Random non-targets"
"ENSG00000103160",-0.0813254525316585,0.701323251417769,2.00200390414392,"Random non-targets"
"ENSG00000144504",-0.164762432841244,0.493383742911153,1.09929162466998,"Random non-targets"
"ENSG00000130830",0.0348185446150172,0.7882797731569,2.5850423779127,"Random non-targets"
"ENSG00000125247",-0.217969412471074,0.449905482041588,0.912019938860791,"Random non-targets"
"ENSG00000100916",0.161671200411358,0.833648393194707,2.91735032395813,"Random non-targets"
"ENSG00000087053",0.0932660779229221,0.761814744801512,2.08530213553699,"Random non-targets"
"ENSG00000001631",0.104335368846575,0.606805293005671,1.28839358897939,"Random non-targets"
"ENSG00000132906",0.0655867825901927,0.455576559546314,0.92164867393307,"Random non-targets"
"ENSG00000185864",-0.0140806655878091,0.633270321361059,1.5888796051502,"Random non-targets"
"ENSG00000167566",0.126093037231344,0.374291115311909,0.690150271043463,"Random non-targets"
"ENSG00000120694",0.0406316608801354,0.860113421550095,3.77508680059878,"Random non-targets"
"ENSG00000132612",-0.130091424029412,0.76937618147448,2.32538734624936,"Random non-targets"
"ENSG00000198873",0.0877371329349903,0.378071833648393,0.744831345300665,"Random non-targets"
"ENSG00000123384",0.286725778502075,0.440453686200378,0.753550384540098,"Random non-targets"
"ENSG00000064225",0.0195946211711855,0.582230623818526,1.41265869842518,"Random non-targets"
"ENSG00000112365",-0.146947686638023,0.542533081285444,1.08931933961908,"Random non-targets"
"ENSG00000124532",-0.0531227706997388,0.843100189035917,2.85373803370802,"Random non-targets"
"ENSG00000140987",-0.0745642646585529,0.266540642722117,0.3995971556872,"Random non-targets"
"ENSG00000138670",-0.127588380138869,0.408317580340265,0.705238592598667,"Random non-targets"
"ENSG00000141030",-0.0358718089536763,0.994328922495274,16.3691906127168,"Random non-targets"
"ENSG00000079313",0.0503308415057137,0.710775047258979,2.02038495919264,"Random non-targets"
"ENSG00000152192",-0.0435676022289489,0.400756143667297,0.600325516348878,"Random non-targets"
"ENSG00000151694",0.156182655254196,0.793950850661626,2.40170513628191,"Random non-targets"
"ENSG00000182208",0.0103756181279954,0.321361058601134,0.480718878704925,"Random non-targets"
"ENSG00000125686",-0.0639076534865375,0.852551984877127,3.74763066288491,"Random non-targets"
"ENSG00000276910",-0.100493811121283,0.266540642722117,0.443446250310262,"Random non-targets"
"ENSG00000126749",-0.323766798118994,0.860113421550095,3.87884475900255,"Random non-targets"
"ENSG00000198799",0.00119222819729769,0.911153119092628,4.94016754783957,"Random non-targets"
"ENSG00000113593",0.0682009979814629,0.879017013232514,3.78902714475859,"Random non-targets"
"ENSG00000112306",0.0871598122480444,1,130.31587434419,"Random non-targets"
"ENSG00000165943",0.116207629046329,0.699432892249527,1.86810072512979,"Random non-targets"
"ENSG00000136371",-0.230054936084896,0.780718336483932,2.83180936612435,"Random non-targets"
"ENSG00000160959",-0.129427603509681,0.429111531190926,0.696081188805618,"Random non-targets"
"ENSG00000011052",-0.0227494479823681,0.574669187145558,1.35450131617652,"Random non-targets"
"ENSG00000104897",-0.0733794200217411,0.425330812854442,0.773235950911695,"Random non-targets"
"ENSG00000119715",0.0618520594536595,0.555765595463138,1.57294569123053,"Random non-targets"
"ENSG00000233801",-0.335352141265659,0.784499054820416,2.99646571473242,"Random non-targets"
"ENSG00000198700",0.18147474011848,0.979206049149338,7.46882717469473,"Random non-targets"
"ENSG00000104835",-0.141417181331033,0.608695652173913,1.21986534485404,"Random non-targets"
"ENSG00000143786",-0.186462525116595,0.742911153119093,2.7819817958017,"Random non-targets"
"ENSG00000007255",-0.0970923586933249,0.744801512287335,2.42656317496525,"Random non-targets"
"ENSG00000102225",-0.0258604541122179,0.841209829867675,3.08310663068387,"Random non-targets"
"ENSG00000047410",0.286826893064589,0.992438563327032,10.4688127531875,"Random non-targets"
"ENSG00000278311",0.066113849315346,0.621928166351607,1.404483992729,"Random non-targets"
"ENSG00000273542",-0.165152721390067,0.406427221172023,0.867048857466059,"Random non-targets"
"ENSG00000132970",-0.116701461804184,0.5765595463138,1.18218454742516,"Random non-targets"
"ENSG00000130724",0.309233067993211,0.956521739130435,7.14681181883656,"Random non-targets"
"ENSG00000130717",0.0103784393727729,0.64461247637051,1.50436911949158,"Random non-targets"
"ENSG00000196743",-0.0125704778119565,0.546313799621928,1.04602888502209,"Random non-targets"
"ENSG00000174437",-0.135376105135637,0.952741020793951,7.49677053494237,"Random non-targets"
"ENSG00000084676",0.202581181294146,0.854442344045369,3.75891240964255,"Random non-targets"
"ENSG00000274474",-0.112080311066429,0.790170132325142,2.27750153750727,"Random non-targets"
"ENSG00000125166",-0.200172162963769,0.939508506616257,6.22323714405784,"Random non-targets"
"ENSG00000105472",-0.10815680819106,0.580340264650284,1.27989792542797,"Random non-targets"
"ENSG00000196890",-0.0610366042206183,0.349716446124764,0.932791859381507,"Random non-targets"
"ENSG00000160695",0.0876392463769497,0.629489603024575,1.40809829275934,"Random non-targets"
"ENSG00000143891",-0.00261240976909839,0.839319470699433,3.59685730377929,"Random non-targets"
"ENSG00000196961",0.0973009278136265,0.699432892249527,1.73814139780162,"Random non-targets"
"ENSG00000049759",0.0374298692901978,0.674858223062382,2.07810968860229,"Random non-targets"
"ENSG00000213614",0.151445454366736,0.873345935727788,3.82288639011638,"Random non-targets"
"ENSG00000132669",0.192654366726021,0.665406427221172,1.88672845070543,"Random non-targets"
"ENSG00000137817",0.0673184558240843,0.633270321361059,1.34155879747107,"Random non-targets"
"ENSG00000163626",-0.0634746858238239,0.493383742911153,0.996506615681196,"Random non-targets"
"ENSG00000063176",-0.0187627840638459,0.359168241965974,0.514087759777391,"Random non-targets"
"ENSG00000049449",-0.14839447392221,0.75992438563327,2.27243567151632,"Random non-targets"
"ENSG00000018699",-0.163015890747662,0.833648393194707,3.40631173817074,"Random non-targets"
"ENSG00000182010",-0.0466233800530024,0.652173913043478,1.4536960346982,"Random non-targets"
"ENSG00000197061",-0.237571978999822,0.935727788279773,82.3371050555911,"Random non-targets"
"ENSG00000131759",0.00850136358072018,0.257088846880907,0.426776191045979,"Random non-targets"
"ENSG00000119685",0.113494264100685,0.856332703213611,3.27896070014668,"Random non-targets"
"ENSG00000129071",0.0784531186132835,0.712665406427221,1.65530994147119,"Random non-targets"
"ENSG00000072786",-0.0110701239047194,0.676748582230624,1.98775336949641,"Random non-targets"
"ENSG00000292344",0.306832545627345,0.820415879017013,2.93835018208495,"Random non-targets"
"ENSG00000167123",-0.126348278912409,0.657844990548204,1.72068422400767,"Random non-targets"
"ENSG00000075391",0.109968707284692,0.862003780718336,4.10525754505117,"Random non-targets"
"ENSG00000168389",-0.104915419514942,0.241965973534972,0.391049982754395,"Random non-targets"
"ENSG00000175455",0.210870984796793,0.831758034026465,3.12915426162056,"Random non-targets"
"ENSG00000204947",-0.103345788542173,0.378071833648393,0.930236632216698,"Random non-targets"
"ENSG00000110435",0.0175630404074194,0.880907372400756,3.50066683542989,"Random non-targets"
"ENSG00000145416",-0.0948707545336595,0.655954631379962,2.27713804503693,"Random non-targets"
"ENSG00000156467",0.0609063869842114,1,51.8943472188284,"Random non-targets"
"ENSG00000109065",-0.0245007035566494,0.80718336483932,3.05465018819303,"Random non-targets"
"ENSG00000162687",0.125251244664583,0.555765595463138,1.23975285141312,"Random non-targets"
"ENSG00000104368",-0.0720999323979136,0.389413988657845,0.875780268672789,"Random non-targets"
"ENSG00000112305",0.0651285254383855,0.758034026465028,2.16950941104266,"Random non-targets"
"ENSG00000102755",-0.0316722154129764,0.23062381852552,0.402930244761741,"Random non-targets"
"ENSG00000174473",-0.139442982591375,0.342155009451796,0.607923478935132,"Random non-targets"
"ENSG00000081087",0.160401489880594,0.587901701323251,1.22406705954184,"Random non-targets"
"ENSG00000255508",-0.155086352711194,0.75047258979206,2.53687657571909,"Random non-targets"
"ENSG00000204922",-0.181626777282458,0.400756143667297,0.729294454409116,"Random non-targets"
"ENSG00000104517",0.117343784312046,0.950850661625709,6.61217620345627,"Random non-targets"
"ENSG00000197170",-0.0651506915763505,0.992438563327032,10.697272206624,"Random non-targets"
"ENSG00000113272",-0.100991357246752,0.671077504725898,1.75652067674667,"Random non-targets"
"ENSG00000166847",0.010615847762489,0.907372400756144,4.05520518919519,"Random non-targets"
"ENSG00000116871",-0.154081376957761,0.595463137996219,1.34971609962293,"Random non-targets"
"ENSG00000032219",0.109471526005338,0.703213610586011,2.03172628061222,"Random non-targets"
"ENSG00000114439",0.125465592328085,0.98109640831758,9.45743818370592,"Random non-targets"
"ENSG00000231135",-0.00721744808734354,0.517958412098299,1.00997038561827,"Random non-targets"
"ENSG00000047621",0.146214638552699,0.618147448015123,1.23630025323231,"Random non-targets"
"ENSG00000129675",0.0220368449591017,0.262759924385633,0.425436693746237,"Random non-targets"
"ENSG00000125246",-0.143094298417469,0.697542533081285,2.61688909900292,"Random non-targets"
"ENSG00000077092",0.0164276062074876,0.67296786389414,2.38075489679677,"Random non-targets"
"ENSG00000147383",-0.244829366551425,0.708884688090737,1.88039952349596,"Random non-targets"
"ENSG00000236063",0.00207975656856494,0.296786389413989,0.371219639370118,"Random non-targets"
"ENSG00000126249",-0.237945519989152,0.722117202268431,1.98828748388252,"Random non-targets"
"ENSG00000237651",0.101693778667965,0.735349716446125,1.86234816560739,"Random non-targets"
"ENSG00000132793",0.130655682335542,0.561436672967864,1.17220275240821,"Random non-targets"
"ENSG00000125726",0.0213098515347941,0.691871455576559,1.76672041185885,"Random non-targets"
"ENSG00000075213",-0.0202946846381009,0.47069943289225,0.92432261965434,"Random non-targets"
"ENSG00000181523",-0.0171328629202511,0.459357277882798,0.854960186185592,"Random non-targets"
"ENSG00000185133",0.070496474139662,0.349716446124764,0.515996890933508,"Random non-targets"
"ENSG00000166073",-0.0294251865108538,0.30812854442344,0.499984329429199,"Random non-targets"
"ENSG00000127054",-0.115390659185476,0.897920604914934,3.98459484273425,"Random non-targets"
"ENSG00000164896",-0.0793101467298266,0.678638941398866,1.70691838209387,"Random non-targets"
"ENSG00000172731",-0.221593173355036,0.391304347826087,0.834849847706166,"Random non-targets"
"ENSG00000067064",-0.233034243353578,0.784499054820416,3.77181685736255,"Random non-targets"
"ENSG00000183495",0.093590809608956,0.941398865784499,5.84341882962165,"Random non-targets"
"ENSG00000144134",0.0469292229301674,0.474480151228733,0.794740004186505,"Random non-targets"
"ENSG00000131373",-0.0263582068511097,0.765595463137996,2.22146478556613,"Random non-targets"
"ENSG00000169760",-0.0100306072899152,0.688090737240076,2.62564103843726,"Random non-targets"
"ENSG00000176890",-0.128302576246753,0.75992438563327,2.47155945462626,"Random non-targets"
"ENSG00000005189",-0.0475443562042827,0.338374291115312,0.493373686876198,"Random non-targets"
"ENSG00000162616",0.312390526537474,0.661625708884688,1.5675534776783,"Random non-targets"
"ENSG00000164975",0.0309043221519312,0.671077504725898,1.49158186744077,"Random non-targets"
"ENSG00000185619",0.102792723437566,0.805293005671078,2.70792938813712,"Random non-targets"
"ENSG00000182154",-0.0387467087314426,0.888468809073724,4.51710967597505,"Random non-targets"
"ENSG00000062582",-0.221033375147691,0.994328922495274,15.8093577056812,"Random non-targets"
"ENSG00000064652",-0.0127397815033335,0.652173913043478,1.63894479652956,"Random non-targets"
"ENSG00000047849",0.000420264762341879,0.99054820415879,14.6045548323374,"Random non-targets"
"ENSG00000144331",0.0104856561596926,0.361058601134216,0.713140537379083,"Random non-targets"
"ENSG00000106089",-0.113238255152696,0.463137996219282,0.979484750564024,"Random non-targets"
"ENSG00000132801",0.0819098925892696,0.283553875236295,0.431132705781696,"Random non-targets"
"ENSG00000158163",-0.0168789623297385,0.304347826086957,0.390186071836919,"Random non-targets"
"ENSG00000166887",0.109164613975685,0.75047258979206,2.15592258631084,"Random non-targets"
"ENSG00000164535",-0.120516358507195,0.727788279773157,2.19027852488168,"Random non-targets"
"ENSG00000101019",0.132001850905004,0.973534971644612,6.63668999460116,"Random non-targets"
"ENSG00000007047",0.176740942410831,0.669187145557656,1.81512222483086,"Random non-targets"
"ENSG00000119953",-0.0387393620089906,0.480151228733459,0.968136806155049,"Random non-targets"
"ENSG00000175467",-0.21803426587382,0.780718336483932,2.56813852656403,"Random non-targets"
"ENSG00000140521",-0.00822126029664791,0.739130434782609,1.99300373226526,"Random non-targets"
"ENSG00000141127",0.0328149558560007,0.964083175803403,7.50260035662463,"Random non-targets"
"ENSG00000101166",-0.155015535205843,0.926275992438563,5.51565086896744,"Random non-targets"
"ENSG00000082512",-0.0743677743941276,0.383742911153119,0.641990836677981,"Random non-targets"
"ENSG00000157181",0.0397976905553122,0.860113421550095,3.69946682609527,"Random non-targets"
"ENSG00000044090",0.00270692276782732,0.480151228733459,0.873676901022245,"Random non-targets"
"ENSG00000135870",0.161769195365727,0.89413988657845,5.29724930071207,"Random non-targets"
"ENSG00000106605",0.0200313840455303,0.977315689981096,7.74366278838962,"Random non-targets"
"ENSG00000258947",-0.0683873080928188,0.330812854442344,0.526204987919762,"Random non-targets"
"ENSG00000168291",-0.0318826993635396,0.988657844990548,15.0637688872863,"Random non-targets"
"ENSG00000106608",0.0223360269207563,0.582230623818526,1.30735472076327,"Random non-targets"
"ENSG00000276684",-0.0419777979464195,0.313799621928166,0.544208243773419,"Random non-targets"
"ENSG00000115042",-0.218269164662854,0.773156899810964,2.29872695479432,"Random non-targets"
"ENSG00000116906",-0.125061433472175,0.911153119092628,4.39052702307525,"Random non-targets"
"ENSG00000067248",-0.078479726061127,0.669187145557656,1.62329857461445,"Random non-targets"
"ENSG00000163666",-0.0864204977275416,0.245746691871456,0.380218566129154,"Random non-targets"
"ENSG00000274296",-0.0874679272292025,0.33648393194707,0.507073312565971,"Random non-targets"
"ENSG00000113282",-0.0757139305513312,0.911153119092628,4.9499097222965,"Random non-targets"
"ENSG00000177614",-0.129883168009193,0.366729678638941,0.768407539488136,"Random non-targets"
"ENSG00000007376",-0.180447702424372,0.421550094517958,0.69735131933052,"Random non-targets"
"ENSG00000122026",0.0106683329717985,1,175.223893064711,"Random non-targets"
"ENSG00000170421",0.0649512074864977,0.389413988657845,0.746155995543332,"Random non-targets"
"ENSG00000111602",0.048364859012895,0.863894139886578,3.55596307448443,"Random non-targets"
"ENSG00000126870",0.118113100585492,0.914933837429111,4.5563722182562,"Random non-targets"
"ENSG00000081923",-0.0150922466127777,0.35538752362949,0.597927815951704,"Random non-targets"
"ENSG00000137075",0.0840138704454518,0.856332703213611,3.7373740961582,"Random non-targets"
"ENSG00000196072",0.202669697396861,0.916824196597353,4.78495240954561,"Random non-targets"
"ENSG00000166260",-0.170119484182485,0.947069943289225,5.91351548098627,"Random non-targets"
"ENSG00000113048",-0.357809012630308,0.933837429111531,5.86890086662643,"Random non-targets"
"ENSG00000109270",0.0976528846363953,0.780718336483932,2.56677015528496,"Random non-targets"
"ENSG00000284254",-0.372321095798509,0.962192816635161,8.78953072021283,"Random non-targets"
"ENSG00000067141",0.160141072315192,0.780718336483932,2.47927358354699,"Random non-targets"
"ENSG00000196526",-0.0663676490730415,0.444234404536862,0.935272185280444,"Random non-targets"
"ENSG00000155975",-0.00849393593315277,0.459357277882798,0.769939469740515,"Random non-targets"
"ENSG00000187778",-0.0591844152822886,0.954631379962193,6.06479331565398,"Random non-targets"
"ENSG00000162623",-0.0688427289516717,0.758034026465028,2.17342131606445,"Random non-targets"
"ENSG00000070718",-0.0608637853499941,0.550094517958412,1.14344147057485,"Random non-targets"
"ENSG00000022277",0.0324813279342615,0.967863894139887,7.99941898520455,"Random non-targets"
"ENSG00000086544",-0.0539855176536161,0.255198487712665,0.375443554116128,"Random non-targets"
"ENSG00000106086",-0.0566776968026736,0.546313799621928,1.09276064617622,"Random non-targets"
"ENSG00000280548",-0.526595021592838,0.994328922495274,18.3638558928525,"Random non-targets"
"ENSG00000169814",-0.0609213486018085,0.716446124763705,2.02237426521489,"Random non-targets"
"ENSG00000100225",0.000542542456111868,0.831758034026465,3.02207920941056,"Random non-targets"
"ENSG00000172534",-0.162443604668389,0.856332703213611,3.52897421402947,"Random non-targets"
"ENSG00000143443",-0.0708332286574439,0.302457466918715,0.436772967617161,"Random non-targets"
"ENSG00000270800",-0.135211306880625,1,55.9103268550561,"Random non-targets"
"ENSG00000198258",-0.127598353019994,1,45.6362400189976,"Random non-targets"
"ENSG00000152234",-0.09961150350398,1,31.8620026752173,"Random non-targets"
"ENSG00000138078",0.0402617175667389,0.771266540642722,2.09110478404117,"Random non-targets"
"ENSG00000110328",-0.244991409468175,0.597353497164461,2.27483624627112,"Random non-targets"
"ENSG00000023191",-0.126649285793795,0.850661625708885,3.57160556211759,"Random non-targets"
"ENSG00000105701",-0.0145702885418505,0.80718336483932,2.42720604530927,"Random non-targets"
"ENSG00000291483",-0.175837261306928,0.270321361058601,0.387179806893296,"Random non-targets"
"ENSG00000103064",0.00370150431480423,0.703213610586011,2.03759077687395,"Random non-targets"
"ENSG00000100603",0.0052039657298748,0.920604914933837,4.71874912971652,"Random non-targets"
"ENSG00000171310",0.0139090385806958,0.701323251417769,2.48944539996557,"Random non-targets"
"ENSG00000185414",-0.269414964438739,0.771266540642722,2.61101877280897,"Random non-targets"
"ENSG00000141252",0.0971552424915513,0.897920604914934,3.9480960688485,"Random non-targets"
"ENSG00000104299",-0.0363481278947002,0.525519848771267,1.01460689123343,"Random non-targets"
"ENSG00000131171",0.139191489999454,0.820415879017013,2.92336607467234,"Random non-targets"
"ENSG00000167323",0.00755506362026307,0.765595463137996,2.41466466555136,"Random non-targets"
"ENSG00000127774",-0.183388517903193,0.933837429111531,6.26134521060273,"Random non-targets"
"ENSG00000162430",-0.0185621144064061,0.555765595463138,1.12362684757142,"Random non-targets"
"ENSG00000232106",-0.241266679644231,0.323251417769376,0.672159867731206,"Random non-targets"
"ENSG00000197442",-0.136579143320149,0.593572778827977,1.62695295170227,"Random non-targets"
"ENSG00000140398",0.0348797790350974,0.500945179584121,1.02202547273835,"Random non-targets"
"ENSG00000135315",0.0513808146664557,0.629489603024575,1.53165880812051,"Random non-targets"
"ENSG00000095209",-0.0246792412588908,0.88468809073724,3.66885907790325,"Random non-targets"
"ENSG00000113597",0.0544991646207727,0.784499054820416,2.03135821665965,"Random non-targets"
"ENSG00000103260",-0.0534821696266388,0.446124763705104,0.896686585570782,"Random non-targets"
"ENSG00000127922",-0.206496393238943,1,42.4371812493744,"Random non-targets"
"ENSG00000100167",0.144969998099852,0.306238185255198,0.532379513269965,"Random non-targets"
"ENSG00000141956",0.0320047432454374,0.328922495274102,0.703341493932264,"Random non-targets"
"ENSG00000112293",-0.0585509969178403,0.300567107750473,0.463247101795706,"Random non-targets"
"ENSG00000090975",-0.0989240647646075,0.338374291115312,0.633467214072246,"Random non-targets"
"ENSG00000112137",-0.00660179089976587,0.304347826086957,0.626611977053728,"Random non-targets"
"ENSG00000284774",-0.145681196605854,0.43289224952741,0.751546450334821,"Random non-targets"
"ENSG00000132356",0.0298309286984438,0.684310018903592,1.5833249938864,"Random non-targets"
"ENSG00000085788",-0.0335001270274569,0.637051039697543,1.50793495550615,"Random non-targets"
"ENSG00000135298",0.0146726253346119,0.739130434782609,2.81158640651674,"Random non-targets"
"ENSG00000102218",0.0846728282405554,0.449905482041588,0.740146059688698,"Random non-targets"
"ENSG00000272391",-0.0269827536952588,0.958412098298677,7.59140212371306,"Random non-targets"
"ENSG00000125995",-0.0684653551133566,0.996219281663516,24.7212758310362,"Random non-targets"
"ENSG00000167863",-0.158585827655489,0.996219281663516,22.1121038519109,"Random non-targets"
"ENSG00000027847",-0.0537848864510455,0.582230623818526,1.11572330541906,"Random non-targets"
"ENSG00000243449",-0.108610128148633,0.342155009451796,0.564072554309424,"Random non-targets"
"ENSG00000076944",0.0974488515878081,0.453686200378072,0.738038837250342,"Random non-targets"
"ENSG00000285130",-0.154134487218584,0.463137996219282,0.989184180881978,"Random non-targets"
"ENSG00000273611",0.111152968203262,0.438563327032136,0.663376928642709,"Random non-targets"
"ENSG00000186716",-0.0608859914400975,0.7882797731569,2.86795756377694,"Random non-targets"
"ENSG00000014164",0.000406154184786388,0.53875236294896,2.22178320311738,"Random non-targets"
"ENSG00000015676",-0.1124439455541,0.964083175803403,7.02781271764275,"Random non-targets"
"ENSG00000173418",-0.30496735110535,0.960302457466919,7.64492646359758,"Random non-targets"
"ENSG00000198742",0.0481759941332133,0.671077504725898,1.72527453123529,"Random non-targets"
"ENSG00000157837",0.240239535269782,0.979206049149338,10.1930736228036,"Random non-targets"
"ENSG00000137500",0.0591807940224889,0.843100189035917,2.80788164728307,"Random non-targets"
"ENSG00000214654",-0.0980530752878868,0.300567107750473,0.401032115000202,"Random non-targets"
"ENSG00000165495",-0.109342489998684,0.627599243856333,1.79365634245689,"Random non-targets"
"ENSG00000103415",-0.132058742351789,0.88468809073724,4.2798092922608,"Random non-targets"
"ENSG00000126351",0.0701813833583636,0.362948960302457,0.647866869391013,"Random non-targets"
"ENSG00000173915",-0.234058443448796,0.996219281663516,20.1774181429747,"Random non-targets"
"ENSG00000154545",-0.0676503880722755,0.311909262759924,0.492215980429578,"Random non-targets"
"ENSG00000227322",-0.0666828077994172,0.30812854442344,0.418618151322713,"Random non-targets"
"ENSG00000226492",-0.00690049947610606,0.97164461247637,7.57307704150566,"Random non-targets"
"ENSG00000067365",-0.0126574348892081,0.725897920604915,1.98579069830384,"Random non-targets"
"ENSG00000086619",0.077701601039206,0.655954631379962,1.69101597404691,"Random non-targets"
"ENSG00000109787",-0.0595712369851863,0.289224952741021,0.428863965655848,"Random non-targets"
"ENSG00000079974",-0.0271536460053197,0.629489603024575,1.33037824940285,"Random non-targets"
"ENSG00000083844",0.0486155663277429,0.387523629489603,0.69651797698334,"Random non-targets"
"ENSG00000183166",0.0586875127417179,0.340264650283554,0.687396538023074,"Random non-targets"
"ENSG00000135441",0.0419689376801363,0.80718336483932,2.97445517173679,"Random non-targets"
"ENSG00000091483",-0.292069437631457,0.954631379962193,6.81652713344566,"Random non-targets"
"ENSG00000099797",0.200291745315149,0.992438563327032,13.8175481580076,"Random non-targets"
"ENSG00000076321",0.239670420161482,0.77882797731569,2.4161833883408,"Random non-targets"
"ENSG00000292358",-0.141296181829225,0.684310018903592,1.60279240595379,"Random non-targets"
"ENSG00000185122",-0.136067786771033,0.485822306238185,1.00453277282186,"Random non-targets"
"ENSG00000159263",-0.0341727877909524,0.438563327032136,0.814888038446215,"Random non-targets"
"ENSG00000188211",-0.0663688786741739,0.616257088846881,1.61666922271617,"Random non-targets"
"ENSG00000163629",-0.0110414831000685,0.809073724007561,3.24919590849928,"Random non-targets"
"ENSG00000163577",0.097318354225339,0.512287334593573,0.858696732406663,"Random non-targets"
"ENSG00000168234",-0.160657696462548,0.55765595463138,1.39454807997929,"Random non-targets"
"ENSG00000283883",0.0424905665394014,0.992438563327032,8.16762980761323,"Random non-targets"
"ENSG00000107758",0.187739632257567,0.775047258979206,2.2051622806104,"Random non-targets"
"ENSG00000011485",-0.0765549566839294,0.761814744801512,2.37485072975973,"Random non-targets"
"ENSG00000154473",-0.0769402323967612,0.992438563327032,16.5033057318774,"Random non-targets"
"ENSG00000119392",-0.110650342401844,0.712665406427221,1.91281153480982,"Random non-targets"
"ENSG00000140022",-0.108381799878686,0.500945179584121,1.10922735730959,"Random non-targets"
"ENSG00000124406",-0.0798418102740455,0.618147448015123,1.56852091859075,"Random non-targets"
"ENSG00000023330",0.0192985326705906,0.80718336483932,2.60096753955078,"Random non-targets"
"ENSG00000087460",0.133996312987816,1,21.493101576003,"Random non-targets"
"ENSG00000160075",-0.138327721490131,0.937618147448015,5.38503010629162,"Random non-targets"
"ENSG00000031003",0.130100595205096,0.896030245746692,4.77109969133545,"Random non-targets"
"ENSG00000112624",-0.0274583710564137,0.419659735349716,0.947952024613702,"Random non-targets"
"ENSG00000028310",-0.171825495535632,0.44234404536862,0.755798298611885,"Random non-targets"
"ENSG00000187118",-0.111338385404761,0.839319470699433,3.01102820384512,"Random non-targets"
"ENSG00000135540",-0.0373742908295206,0.833648393194707,4.93532947943414,"Random non-targets"
"ENSG00000205572",-0.0856590869744656,0.578449905482042,1.17218801278349,"Random non-targets"
"ENSG00000291995",0.0102167011097755,0.652173913043478,1.5101057149684,"Random non-targets"
"ENSG00000119041",0.345868622412867,0.826086956521739,2.95194060922304,"Random non-targets"
"ENSG00000170092",0.0130971814302796,0.372400756143667,0.600457765909029,"Random non-targets"
"ENSG00000276068",0.167298171341667,0.657844990548204,1.53562436894988,"Random non-targets"
"ENSG00000184517",-0.0701697840187897,0.610586011342155,1.50355148839391,"Random non-targets"
"ENSG00000176208",0.00854439547027513,0.89413988657845,4.22541276411008,"Random non-targets"
"ENSG00000168679",0.141882024920842,0.294896030245747,0.385613420278277,"Random non-targets"
"ENSG00000115446",0.147618606976086,0.890359168241966,4.07340827180437,"Random non-targets"
"ENSG00000285226",-0.401048546710767,0.66351606805293,2.09771661209849,"Random non-targets"
"ENSG00000167380",0.0856305754149632,0.510396975425331,1.03661835075485,"Random non-targets"
"ENSG00000102103",0.13292901260267,0.982986767485822,8.56247094326189,"Random non-targets"
"ENSG00000100284",0.0246897526137986,0.729678638941399,1.96552052627163,"Random non-targets"
"ENSG00000100629",0.0408914659712012,0.869565217391304,3.82366999456555,"Random non-targets"
"ENSG00000085831",0.086165065115513,0.287334593572779,0.448034909703187,"Random non-targets"
"ENSG00000053747",-0.176043023343937,0.580340264650284,2.02026110690314,"Random non-targets"
"ENSG00000134072",0.000321684055577366,0.444234404536862,0.711495634003746,"Random non-targets"
"ENSG00000149646",-0.0386109483845406,0.34593572778828,0.647056931764923,"Random non-targets"
"ENSG00000168268",-0.0543441831382411,0.901701323251418,4.79728534253921,"Random non-targets"
"ENSG00000169570",0.0562332161139087,0.676748582230624,2.00337248919604,"Random non-targets"
"ENSG00000197852",0.139488159474314,0.32703213610586,0.579503405658771,"Random non-targets"
"ENSG00000180626",0.0813169202539841,0.304347826086957,0.410524700510834,"Random non-targets"
"ENSG00000005448",-0.1828243483861,0.926275992438563,6.41738290408272,"Random non-targets"
"ENSG00000127311",0.0288174656511193,0.612476370510397,1.26823761922221,"Random non-targets"
"ENSG00000148110",-0.00482314453219773,0.844990548204159,3.67543115386601,"Random non-targets"
"ENSG00000197217",0.154065772883082,0.568998109640832,1.04095154398668,"Random non-targets"
"ENSG00000106588",-0.0474810413434152,0.918714555765595,3.84417458094944,"Random non-targets"
"ENSG00000150456",-0.178606277404628,0.648393194706994,1.6526759061458,"Random non-targets"
"ENSG00000143933",-0.261483287176792,1,32.4550093367469,"Random non-targets"
"ENSG00000130559",-0.0451595348180056,0.739130434782609,2.19560499447909,"Random non-targets"
"ENSG00000106078",-0.0399240302871292,0.603024574669187,1.69158833155952,"Random non-targets"
"ENSG00000168283",-0.070333934526724,0.398865784499055,0.702232011537928,"Random non-targets"
"ENSG00000150625",0.067747925895916,0.465028355387524,1.03385835023607,"Random non-targets"
"ENSG00000070444",-0.0549568924916438,0.35538752362949,0.591174662740479,"Random non-targets"
"ENSG00000151414",0.0674144192151039,0.716446124763705,1.76022494347334,"Random non-targets"
"ENSG00000171984",0.111911705437613,0.689981096408318,1.95625997776161,"Random non-targets"
"ENSG00000151718",-0.0210054819221724,0.705103969754253,2.39399048679956,"Random non-targets"
"ENSG00000110063",-0.0990420720878595,0.727788279773157,1.99989931497768,"Random non-targets"
"ENSG00000122729",-0.0334166035686765,0.684310018903592,1.69322219459948,"Random non-targets"
"ENSG00000130764",-0.0606932470607671,0.701323251417769,1.84971225779939,"Random non-targets"
"ENSG00000089094",0.0709642497448478,0.852551984877127,3.22905452712158,"Random non-targets"
"ENSG00000178982",-0.160313736495528,1,26.3316568000621,"Random non-targets"
"ENSG00000137563",-0.114490335654813,0.933837429111531,5.26515865138626,"Random non-targets"
"ENSG00000121067",0.230066988121383,0.958412098298677,7.24288109705578,"Random non-targets"
"ENSG00000170175",0.121446082932644,0.311909262759924,0.47327019526892,"Random non-targets"
"ENSG00000258311",0.000178102442854399,0.332703213610586,0.449470464894354,"Random non-targets"
"ENSG00000071205",-0.082628643581484,0.812854442344045,3.83317216270258,"Random non-targets"
"ENSG00000132716",0.193523311926925,0.809073724007561,2.61793472510349,"Random non-targets"
"ENSG00000177425",-0.171266497148883,0.80718336483932,3.24193791197943,"Random non-targets"
"ENSG00000158669",-0.0944885231316815,0.839319470699433,3.22230985204668,"Random non-targets"
"ENSG00000010219",0.025454036184752,0.676748582230624,1.82575098498746,"Random non-targets"
"ENSG00000204308",-0.0041369155068404,0.349716446124764,0.502572135591878,"Random non-targets"
"ENSG00000171806",0.00432485877884992,0.381852551984877,0.561392445827952,"Random non-targets"
"ENSG00000084623",-0.313879731614322,1,57.5583028638253,"Random non-targets"
"ENSG00000198075",0.217482381653313,0.302457466918715,0.44872052711922,"Random non-targets"
"ENSG00000112130",-0.0511776463571465,0.890359168241966,3.96485194325269,"Random non-targets"
"ENSG00000147642",-0.0716182140687171,0.289224952741021,0.582965810380012,"Random non-targets"
"ENSG00000281540",-0.318394152592726,0.80718336483932,3.55127749032445,"Random non-targets"
"ENSG00000147439",-0.0677599776692096,0.648393194706994,1.3034146291464,"Random non-targets"
"ENSG00000203965",0.131213115448719,0.476370510396975,0.851414145025881,"Random non-targets"
"ENSG00000215712",-0.0392511850086334,0.863894139886578,3.69235682222661,"Random non-targets"
"ENSG00000162702",-0.100814074171053,0.427221172022684,0.764470810317198,"Random non-targets"
"ENSG00000101457",-0.135141816252829,0.790170132325142,2.46348759580238,"Random non-targets"
"ENSG00000120820",-0.0721226895779451,0.298676748582231,0.592395607723923,"Random non-targets"
"ENSG00000243279",0.104766531519388,0.689981096408318,1.72304436366726,"Random non-targets"
"ENSG00000135709",0.226575703861029,0.570888468809074,1.14749247203815,"Random non-targets"
"ENSG00000126012",0.0435734442211399,0.799621928166352,2.6395228453927,"Random non-targets"
"ENSG00000111269",0.0365692582313421,0.378071833648393,0.612128383030612,"Random non-targets"
"ENSG00000160799",0.00122894062145414,0.98109640831758,13.1103050200464,"Random non-targets"
"ENSG00000165389",-0.047167944111073,0.928166351606805,4.72624649586147,"Random non-targets"
"ENSG00000221838",-0.0854437545181275,0.413988657844991,0.779400792180556,"Random non-targets"
"ENSG00000100504",-0.480472233220264,0.879017013232514,6.96177565904213,"Random non-targets"
"ENSG00000070010",-0.155251358675732,0.965973534971645,7.46565375292324,"Random non-targets"
"ENSG00000075914",-0.421574969263107,0.962192816635161,8.41303411415061,"Random non-targets"
"ENSG00000155827",0.0174289471854118,0.758034026465028,2.19031741646038,"Random non-targets"
"ENSG00000135119",-0.0246418804024512,0.758034026465028,2.35107361445115,"Random non-targets"
"ENSG00000091542",-0.0337695370924646,0.782608695652174,2.66553989088225,"Random non-targets"
"ENSG00000172380",0.00937948638141407,0.648393194706994,1.4564378712229,"Random non-targets"
"ENSG00000106603",-0.0896641112893621,0.992438563327032,14.0487089295167,"Random non-targets"
"ENSG00000162063",-0.163289028847594,0.536862003780718,1.25546257471755,"Random non-targets"
"ENSG00000105583",-0.141213386847659,0.393194706994329,0.585094690489777,"Random non-targets"
"ENSG00000212866",-0.0242222159407918,0.76937618147448,5.17362608134262,"Random non-targets"
"ENSG00000147509",0.0296153481474839,0.517958412098299,1.11629782009117,"Random non-targets"
"ENSG00000110880",-0.0826789516105186,0.931947069943289,5.22450510664262,"Random non-targets"
"ENSG00000077063",-0.111262346134865,0.332703213610586,0.575493264972861,"Random non-targets"
"ENSG00000175203",0.0453230727090128,0.943289224952741,6.6500060123297,"Random non-targets"
"ENSG00000198466",-0.0371403668947926,0.635160680529301,1.47822081526806,"Random non-targets"
"ENSG00000196476",0.115249307186834,0.46124763705104,0.746069105578409,"Random non-targets"
"ENSG00000112584",0.0373558817009431,0.761814744801512,2.40312856981379,"Random non-targets"
"ENSG00000186472",-0.0474217018382833,0.4234404536862,0.794548395346042,"Random non-targets"
"ENSG00000170667",0.315492506358742,0.540642722117202,1.2179735644289,"Random non-targets"
"ENSG00000103222",-0.0717222154731468,0.773156899810964,3.03751399155019,"Random non-targets"
"ENSG00000263513",-0.105305052109626,0.253308128544423,0.439738343212381,"Random non-targets"
"ENSG00000163710",-0.197675149071297,0.459357277882798,2.65727948797133,"Random non-targets"
"ENSG00000167645",0.0946233893094045,0.907372400756144,3.87133731580296,"Random non-targets"
"ENSG00000254087",-0.0652097234699441,0.517958412098299,1.22920986193978,"Random non-targets"
"ENSG00000131848",0.0924531603916605,0.378071833648393,0.680022304930315,"Random non-targets"
"ENSG00000228896",0.0687862721453842,0.368620037807183,0.571563882730206,"Random non-targets"
"ENSG00000129250",-0.0688241032015751,0.860113421550095,3.22256428650555,"Random non-targets"
"ENSG00000291745",0.0081020803613743,0.620037807183365,1.31699033258849,"Random non-targets"
"ENSG00000011451",0.0668060735797162,0.374291115311909,0.562972525425801,"Random non-targets"
"ENSG00000165259",0.158360177566587,0.635160680529301,1.65224744175376,"Random non-targets"
"ENSG00000137501",-0.0279397112545905,0.376181474480151,1.05500937041669,"Random non-targets"
"ENSG00000141699",0.163069020581341,0.899810964083176,4.07072594477328,"Random non-targets"
"ENSG00000125485",-0.132396981223848,0.733459357277883,2.46298005371142,"Random non-targets"
"ENSG00000120029",0.268451620485496,0.935727788279773,6.70513271312218,"Random non-targets"
"ENSG00000180891",0.038333902156618,0.621928166351607,1.58552024559972,"Random non-targets"
"ENSG00000140463",0.197739740654781,0.820415879017013,3.01212753475469,"Random non-targets"
"ENSG00000083750",0.177369184231636,0.627599243856333,1.24527475470136,"Random non-targets"
"ENSG00000077721",0.191163824386163,0.930056710775047,4.96809715175739,"Random non-targets"
"ENSG00000168216",0.160357223759288,0.671077504725898,1.65819870154878,"Random non-targets"
"ENSG00000056586",0.0398610491957015,0.837429111531191,2.90112664279038,"Random non-targets"
"ENSG00000164300",0.00369384290976522,0.434782608695652,0.799179349654029,"Random non-targets"
"ENSG00000157869",-6.63182508656814e-06,0.729678638941399,2.02895563708387,"Random non-targets"
"ENSG00000240682",-0.0745442019053012,0.918714555765595,5.82740823829382,"Random non-targets"
"ENSG00000084070",0.0416510495335475,0.584120982986768,1.24099980371888,"Random non-targets"
"ENSG00000176473",0.0659537817339633,0.716446124763705,2.16823977743637,"Random non-targets"
"ENSG00000205726",0.0874094779221889,0.737240075614367,2.1003823398829,"Random non-targets"
"ENSG00000163932",-0.0628068574316719,0.472589792060492,0.984001501310226,"Random non-targets"
"ENSG00000196588",0.131637119899086,0.986767485822306,12.9558125943322,"Random non-targets"
"ENSG00000121741",0.20200645084049,0.901701323251418,5.08079159670869,"Random non-targets"
"ENSG00000115310",-0.0162025349436464,0.877126654064272,4.21821354420539,"Random non-targets"
"ENSG00000175600",0.0133860223915017,0.631379962192817,1.80784597309711,"Random non-targets"
"ENSG00000176095",0.127148591309284,0.969754253308129,10.7492536907917,"Random non-targets"
"ENSG00000092108",0.0337102524818305,0.960302457466919,7.30290797705493,"Random non-targets"
"ENSG00000171517",-0.201374793284768,0.334593572778828,0.73668308845486,"Random non-targets"
"ENSG00000126107",-0.0901162299457549,0.300567107750473,0.418101955148527,"Random non-targets"
"ENSG00000141503",-0.00338718995011533,0.735349716446125,2.39038450145236,"Random non-targets"
"ENSG00000249242",0.0680055130225487,0.359168241965974,0.610988989867257,"Random non-targets"
"ENSG00000133059",0.180874486582883,0.80718336483932,2.72426234989572,"Random non-targets"
"ENSG00000133138",0.0952226778387604,0.289224952741021,0.438761738928603,"Random non-targets"
"ENSG00000103037",-0.185402215153161,0.79773156899811,2.8498183896471,"Random non-targets"
"ENSG00000107186",0.0459785932007707,0.604914933837429,1.37315595516188,"Random non-targets"
"ENSG00000162869",0.0501616413467931,0.64461247637051,1.44432493719877,"Random non-targets"
"ENSG00000095059",0.096231362032934,0.848771266540643,3.53186720722571,"Random non-targets"
"ENSG00000145916",-0.0302867095515745,0.793950850661626,2.23996719865161,"Random non-targets"
"ENSG00000116675",0.0816329849255483,0.500945179584121,1.19035935274579,"Random non-targets"
"ENSG00000110400",-0.0846142357174115,0.294896030245747,0.460881754164303,"Random non-targets"
"ENSG00000285246",-0.223275135726551,0.982986767485822,8.61304696885936,"Random non-targets"
"ENSG00000101464",-0.100024029882574,0.80718336483932,2.98044876369044,"Random non-targets"
"ENSG00000154917",0.12485643691536,0.387523629489603,0.588972808444908,"Random non-targets"
"ENSG00000277424",-0.0371961167012545,0.722117202268431,1.76259712264417,"Random non-targets"
"ENSG00000170296",-0.103536958628445,0.890359168241966,6.06579439275669,"Random non-targets"
"ENSG00000066651",0.0953824266617952,0.943289224952741,5.94785037448338,"Random non-targets"
"ENSG00000198863",0.0579396511353908,0.674858223062382,1.95159598339771,"Random non-targets"
"ENSG00000236808",-0.0984537993577406,0.257088846880907,0.327974967944422,"Random non-targets"
"ENSG00000122512",-0.0455086360399046,0.623818525519849,1.45166594315972,"Random non-targets"
"ENSG00000079691",0.0852142907914043,0.378071833648393,0.692675996237904,"Random non-targets"
"ENSG00000136518",-0.140627985877497,0.88468809073724,3.89342257689037,"Random non-targets"
"ENSG00000151553",-0.0317449504770766,0.431001890359168,0.767972092562023,"Random non-targets"
"ENSG00000136213",0.00588335630314626,0.620037807183365,1.48332885214034,"Random non-targets"
"ENSG00000204147",0.0592552345280825,0.53875236294896,0.895169315800827,"Random non-targets"
"ENSG00000105983",0.150315091078212,0.98109640831758,10.1123844629737,"Random non-targets"
"ENSG00000171161",0.0543981568537542,0.274102079395085,0.448930776751317,"Random non-targets"
"ENSG00000101000",0.0608236775712337,0.455576559546314,0.8913446168867,"Random non-targets"
"ENSG00000057608",-0.146381383359244,0.994328922495274,11.5147213996608,"Random non-targets"
"ENSG00000060642",-0.0834796798630408,0.281663516068053,0.406175342703268,"Random non-targets"
"ENSG00000133962",0.330689476318557,0.357277882797732,0.698281007780011,"Random non-targets"
"ENSG00000106211",-0.107611993049647,0.714555765595463,2.10385508501761,"Random non-targets"
"ENSG00000107290",0.0690549981621777,0.901701323251418,4.75042407095145,"Random non-targets"
"ENSG00000126001",-0.0372875168987956,0.705103969754253,1.86434721229576,"Random non-targets"
"ENSG00000168938",0.110901534299519,0.914933837429111,5.0415485355873,"Random non-targets"
"ENSG00000160214",-0.244944221264195,0.629489603024575,1.92037220313564,"Random non-targets"
"ENSG00000137770",0.117315007415244,0.90359168241966,4.23526174358702,"Random non-targets"
"ENSG00000158552",0.120193255832017,0.495274102079395,0.940532148858369,"Random non-targets"
"ENSG00000275568",-0.0706229922718409,0.368620037807183,0.547019933271011,"Random non-targets"
"ENSG00000119771",-0.0331980531534993,0.7882797731569,3.50653691018378,"Random non-targets"
"ENSG00000093217",-0.180916630280936,0.879017013232514,4.25282416978616,"Random non-targets"
"ENSG00000215114",0.0740144473592222,0.758034026465028,1.93009078786087,"Random non-targets"
"ENSG00000155657",0.115979301996685,0.4234404536862,0.653330947507669,"Random non-targets"
"ENSG00000157193",-0.195946918554145,0.313799621928166,0.616775168564312,"Random non-targets"
"ENSG00000177380",-0.0281486512043532,0.400756143667297,0.758423485232028,"Random non-targets"
"ENSG00000184277",0.0228481234247026,0.979206049149338,7.29967180940101,"Random non-targets"
"ENSG00000039523",-0.0227857517031335,0.344045368620038,0.533864734866908,"Random non-targets"
"ENSG00000226479",-0.0526109900455676,0.264650283553875,0.369486123473379,"Random non-targets"
"ENSG00000276345",-0.176939087303159,0.761814744801512,2.41749975231813,"Random non-targets"
"ENSG00000166275",0.146762549775806,0.839319470699433,3.02493705054717,"Random non-targets"
"ENSG00000100979",-0.063853640417552,0.485822306238185,0.957782817050422,"Random non-targets"
"ENSG00000112282",0.154289485020411,0.748582230623819,2.15325523330701,"Random non-targets"
"ENSG00000077235",0.0180004033926821,0.901701323251418,3.90678227665051,"Random non-targets"
"ENSG00000067369",0.10112906712803,0.782608695652174,2.60885455525787,"Random non-targets"
"ENSG00000188566",-0.0117563664568055,0.319470699432892,0.515782590371497,"Random non-targets"
"ENSG00000091640",0.0191294943269396,0.941398865784499,6.54840137390444,"Random non-targets"
"ENSG00000116586",-0.121020949810581,0.954631379962193,8.23394225022546,"Random non-targets"
"ENSG00000028203",0.0816212871556981,0.897920604914934,4.15725269435616,"Random non-targets"
"ENSG00000273594",0.250277930365278,0.992438563327032,11.6313479767829,"Random non-targets"
"ENSG00000130675",0.0656657200796158,0.444234404536862,0.731623464541613,"Random non-targets"
"ENSG00000081803",-0.152016381442743,0.32703213610586,0.528089125630292,"Random non-targets"
"ENSG00000166024",0.114477293734371,0.758034026465028,2.18268551543301,"Random non-targets"
"ENSG00000141424",0.0983087787465293,0.810964083175803,2.78355038695472,"Random non-targets"
"ENSG00000224264",-0.272284430578693,0.304347826086957,0.5220744066397,"Random non-targets"
"ENSG00000116273",0.084381551292611,0.506616257088847,1.03109610876132,"Random non-targets"
"ENSG00000132199",-0.0881081054106921,0.90359168241966,5.30164641352954,"Random non-targets"
"ENSG00000132676",-0.241954091396275,0.962192816635161,8.07419191863708,"Random non-targets"
"ENSG00000196704",0.0882781314298811,0.920604914933837,4.79195158889558,"Random non-targets"
"ENSG00000171863",-0.0566158296069281,1,182.885297944197,"Random non-targets"
"ENSG00000176490",-0.0640461149349968,0.446124763705104,0.875851884332252,"Random non-targets"
"ENSG00000291379",-0.162640177689755,0.595463137996219,1.2777851721565,"Random non-targets"
"ENSG00000132196",-0.0461286038848779,0.701323251417769,1.88764377573333,"Random non-targets"
"ENSG00000197265",-0.126424378755178,0.689981096408318,1.7099263003651,"Random non-targets"
"ENSG00000110427",-0.0833509767132102,0.349716446124764,0.758495537695173,"Random non-targets"
"ENSG00000146007",0.0986511554310698,0.986767485822306,10.2702832519538,"Random non-targets"
"ENSG00000278372",-0.0477598814529582,0.844990548204159,4.85913875098766,"Random non-targets"
"ENSG00000105619",0.114207194495775,0.419659735349716,0.743421550759727,"Random non-targets"
"ENSG00000243678",-0.255412127614538,1,106.852164515421,"Random non-targets"
"ENSG00000006015",0.0644330351449379,0.860113421550095,3.26360954328069,"Random non-targets"
"ENSG00000172301",-0.0842835158237323,0.689981096408318,1.76521423703991,"Random non-targets"
"ENSG00000168438",0.0464022073117916,0.879017013232514,3.85852477166812,"Random non-targets"
"ENSG00000109790",-0.0270514966327025,0.45179584120983,0.751470893618995,"Random non-targets"
"ENSG00000182362",0.0568009523003214,0.637051039697543,1.47258466837431,"Random non-targets"
"ENSG00000169964",-0.120136272424068,0.330812854442344,0.473127167744639,"Random non-targets"
"ENSG00000170485",0.0772329314392401,0.553875236294896,1.42651979812027,"Random non-targets"
"ENSG00000214941",-0.0732034888472995,0.896030245746692,4.42054034365129,"Random non-targets"
"ENSG00000162928",0.167021472384776,0.671077504725898,1.48554729945782,"Random non-targets"
"ENSG00000173264",-0.0433066478288345,0.440453686200378,0.698764663280696,"Random non-targets"
"ENSG00000149403",0.00195872941620589,0.347826086956522,0.777257132288501,"Random non-targets"
"ENSG00000198918",0.116327285479028,1,367.733140144525,"Random non-targets"
"ENSG00000173581",-0.0130961264605305,0.459357277882798,0.890745212619153,"Random non-targets"
"ENSG00000113645",-0.208733243602711,0.620037807183365,2.26760790340309,"Random non-targets"
"ENSG00000101161",0.0548314198540169,0.954631379962193,6.40358211761357,"Random non-targets"
"ENSG00000228253",0.0659122736877841,1,72.6742679033268,"Random non-targets"
"ENSG00000162825",0.0722652896965029,0.733459357277883,2.01088470704784,"Random non-targets"
"ENSG00000151806",-0.070559803623095,0.408317580340265,0.64518424368343,"Random non-targets"
"ENSG00000100413",-0.151509732449593,0.86578449905482,3.90620948300702,"Random non-targets"
"ENSG00000163956",0.134032793487133,0.996219281663516,14.5184248741703,"Random non-targets"
"ENSG00000160323",0.170844585666182,0.655954631379962,1.6557457144867,"Random non-targets"
"ENSG00000228474",0.18929557834148,1,26.3829964155657,"Random non-targets"
"ENSG00000078674",0.166678104684213,0.90359168241966,4.08643648327739,"Random non-targets"
"ENSG00000187720",0.0498469339230554,0.444234404536862,1.04476203895679,"Random non-targets"
"ENSG00000183828",0.229517315840981,0.589792060491493,1.17739059320869,"Random non-targets"
"ENSG00000109501",-0.117559368524279,0.262759924385633,0.409537615127995,"Random non-targets"
"ENSG00000113719",-0.132427996495457,0.77882797731569,2.69882896695889,"Random non-targets"
"ENSG00000189164",0.0296288326250287,0.323251417769376,0.443511121583625,"Random non-targets"
"ENSG00000168538",0.0120567351872098,0.46124763705104,0.783595133797756,"Random non-targets"
"ENSG00000116514",-0.0128538321530615,0.376181474480151,0.662472907125516,"Random non-targets"
"ENSG00000259040",-0.0790116253507213,0.275992438563327,0.415639222016197,"Random non-targets"
"ENSG00000161265",0.0322737123098731,0.476370510396975,0.902536845205015,"Random non-targets"
"ENSG00000163161",0.0442229590584943,0.879017013232514,3.52761459081819,"Random non-targets"
"ENSG00000227420",-0.0946114380898427,0.396975425330813,0.690226537111152,"Random non-targets"
"ENSG00000102390",-0.153279670823162,0.860113421550095,4.15103667787878,"Random non-targets"
"ENSG00000185024",0.00782432570124406,0.871455576559546,4.19616042956336,"Random non-targets"
"ENSG00000086758",-0.0341625689101712,0.979206049149338,10.139109144792,"Random non-targets"
"ENSG00000291803",-0.0773839986003556,0.689981096408318,1.60881295096545,"Random non-targets"
"ENSG00000119431",0.0454254792528507,0.468809073724008,0.845729620679898,"Random non-targets"
"ENSG00000163788",0.0776861327347559,0.55765595463138,1.08671173658817,"Random non-targets"
"ENSG00000198169",0.0464497874423385,0.44234404536862,0.758920442307929,"Random non-targets"
"ENSG00000130347",0.0251858900189043,0.551984877126654,1.12228051199932,"Random non-targets"
"ENSG00000159199",-0.487802018142462,0.979206049149338,18.7342144697067,"Random non-targets"
"ENSG00000165716",-0.245423879423426,0.599243856332703,1.48712542525255,"Random non-targets"
"ENSG00000197653",0.0236457953206855,0.268431001890359,0.42290047748909,"Random non-targets"
"ENSG00000177683",-0.0186042703509367,0.508506616257089,0.937854137335152,"Random non-targets"
"ENSG00000111639",-0.334333473083791,0.998109640831758,23.8806028523355,"Random non-targets"
"ENSG00000161526",0.0560425900103876,0.956521739130435,6.80137415706264,"Random non-targets"
"ENSG00000274229",0.138687217951239,0.53875236294896,1.07351153222161,"Random non-targets"
"ENSG00000170689",-0.107225181535161,0.614366729678639,1.57885746873569,"Random non-targets"
"ENSG00000149809",0.0278532118365142,0.482041587901701,0.952060087493832,"Random non-targets"
"ENSG00000151092",-0.0280128569664034,0.829867674858223,3.20785549312832,"Random non-targets"
"ENSG00000185909",0.101869143976546,0.466918714555766,0.879989822796539,"Random non-targets"
"ENSG00000104267",-0.439620856189793,0.75047258979206,20.113184846962,"Random non-targets"
"ENSG00000088727",-0.089326794882843,0.729678638941399,2.52124010888287,"Random non-targets"
"ENSG00000136861",0.0470444221137277,0.88468809073724,4.2950628989024,"Random non-targets"
"ENSG00000212747",-0.126305323582205,0.536862003780718,1.03789085233107,"Random non-targets"
"ENSG00000174109",-0.187859822988519,0.688090737240076,1.91711586446075,"Random non-targets"
"ENSG00000056097",0.138049121348484,0.975425330812854,7.58575068612124,"Random non-targets"
"ENSG00000134086",-0.0351947352654099,0.896030245746692,4.67370241837028,"Random non-targets"
"ENSG00000148606",0.116888752773206,0.91304347826087,4.84539583551048,"Random non-targets"
"ENSG00000088876",-0.0834041123887388,0.376181474480151,0.621087200717972,"Random non-targets"
"ENSG00000105325",0.116302500832032,0.65406427221172,1.77236490831469,"Random non-targets"
"ENSG00000063854",0.262903121926511,0.928166351606805,4.86459536226373,"Random non-targets"
"ENSG00000178573",-0.157247874755446,0.332703213610586,0.578435918377645,"Random non-targets"
"ENSG00000148688",-0.0341939224496379,0.960302457466919,6.37758052654026,"Random non-targets"
"ENSG00000111817",0.00865420561552024,0.625708884688091,1.43877131669153,"Random non-targets"
"ENSG00000204104",-0.101946829058323,0.722117202268431,2.0437303563099,"Random non-targets"
"ENSG00000113851",-0.141869433734215,0.746691871455577,2.31338313220495,"Random non-targets"
"ENSG00000155974",0.142051046702964,0.754253308128544,2.59675303830141,"Random non-targets"
"ENSG00000284320",-0.107521755176006,0.752362948960302,2.42070250211915,"Random non-targets"
"ENSG00000153317",0.0242784755599437,0.928166351606805,6.38033231261997,"Random non-targets"
"ENSG00000278540",-0.0930005184952877,0.871455576559546,5.15470017587166,"Random non-targets"
"ENSG00000285022",-0.128929732449103,0.478260869565217,1.03562424939489,"Random non-targets"
"ENSG00000173674",-0.436188897365598,0.958412098298677,8.73936681785997,"Random non-targets"
"ENSG00000134283",-0.0201004118813259,0.964083175803403,7.32254649250201,"Random non-targets"
"ENSG00000116266",-0.0560897372929817,0.858223062381853,3.77573543110145,"Random non-targets"
"ENSG00000158864",-0.0586834726031504,0.996219281663516,12.6089468545508,"Random non-targets"
"ENSG00000112078",-0.0829448751758332,0.90359168241966,4.23814707985216,"Random non-targets"
"ENSG00000091164",-0.0696209529912932,0.869565217391304,3.93899606335911,"Random non-targets"
"ENSG00000204604",-0.106820088061303,0.24952741020794,0.354443553862132,"Random non-targets"
"ENSG00000117262",-0.0222306502048126,0.877126654064272,3.48996214552193,"Random non-targets"
"ENSG00000173153",0.0209800781759552,0.582230623818526,1.35532403437733,"Random non-targets"
"ENSG00000174469",-0.131988339153422,0.5765595463138,1.75809158701911,"Random non-targets"
"ENSG00000162885",-0.0211704650622447,0.659735349716446,1.58495376815147,"Random non-targets"
"ENSG00000223802",-0.258606420097618,0.241965973534972,0.414425530910803,"Random non-targets"
"ENSG00000169592",-0.0687685271560033,0.90359168241966,4.18839319369016,"Random non-targets"
"ENSG00000135940",-0.0318691458972601,0.992438563327032,17.9671826627373,"Random non-targets"
"ENSG00000236287",0.021691568788134,0.614366729678639,1.24088231818924,"Random non-targets"
"ENSG00000179094",-0.00491345505165105,0.383742911153119,0.629820332760253,"Random non-targets"
"ENSG00000152503",0.0521816961711009,0.328922495274102,0.514094985849291,"Random non-targets"
"ENSG00000102967",-0.136826692140464,0.565217391304348,1.26339290544225,"Random non-targets"
"ENSG00000218336",0.0657755080051966,0.877126654064272,4.6195249419986,"Random non-targets"
"ENSG00000125952",-0.114912818548551,0.782608695652174,2.28174574586152,"Random non-targets"
"ENSG00000188042",-0.0933109958930233,0.287334593572779,0.502349260350867,"Random non-targets"
"ENSG00000108439",-0.252975766192154,0.792060491493384,2.70480314531202,"Random non-targets"
"ENSG00000095066",0.0581512068904988,0.754253308128544,2.40985282231892,"Random non-targets"
"ENSG00000136819",-0.0637044352613443,0.967863894139887,8.42540192242843,"Random non-targets"
"ENSG00000170142",-0.139126004643175,0.920604914933837,5.98973492405873,"Random non-targets"
"ENSG00000168090",-0.129728382352051,0.994328922495274,18.4673216910874,"Random non-targets"
"ENSG00000180423",0.103963900867988,0.313799621928166,0.440312670389529,"Random non-targets"
"ENSG00000188130",-0.166769514480542,0.495274102079395,0.989141642548223,"Random non-targets"
"ENSG00000077522",-0.0645338443439628,0.527410207939509,1.2149656246276,"Random non-targets"
"ENSG00000188352",0.113480137577521,0.928166351606805,5.48329680644959,"Random non-targets"
"ENSG00000087470",-0.125649961270095,0.909262759924386,4.11920516194611,"Random non-targets"
"ENSG00000105058",-0.0755113098695459,0.943289224952741,6.076097279791,"Random non-targets"
"ENSG00000183049",0.102375368567075,0.758034026465028,3.79074954583269,"Random non-targets"
"ENSG00000125648",-0.0175405700981128,0.555765595463138,1.14206313102597,"Random non-targets"
"ENSG00000064490",0.0154167012326549,0.860113421550095,3.55270317341526,"Random non-targets"
"ENSG00000166473",-0.101761542500774,0.293005671077505,0.586490491747423,"Random non-targets"
"ENSG00000166200",-0.177259467786732,0.786389413988658,2.20892707420782,"Random non-targets"
"ENSG00000187736",-0.098550833782674,0.499054820415879,0.924014455729337,"Random non-targets"
"ENSG00000047249",0.214068292762179,0.935727788279773,5.39941286388975,"Random non-targets"
"ENSG00000119684",0.0494125722991777,0.311909262759924,0.561381128553939,"Random non-targets"
"ENSG00000101940",0.11958684353176,0.839319470699433,2.93652038622289,"Random non-targets"
"ENSG00000292227",0.013033804962097,0.389413988657845,0.600080307023107,"Random non-targets"
"ENSG00000130783",0.039974474541866,0.381852551984877,1.1103170024624,"Random non-targets"
"ENSG00000173889",0.11895648848272,0.880907372400756,3.73610591174442,"Random non-targets"
"ENSG00000198933",-0.0100280608563061,0.383742911153119,0.633698842940693,"Random non-targets"
"ENSG00000282844",-0.108864873960398,0.659735349716446,1.75715548085338,"Random non-targets"
"ENSG00000155008",0.0508847386502684,0.862003780718336,3.40997011040876,"Random non-targets"
"ENSG00000152104",0.0684262962434888,0.814744801512287,3.01293482919005,"Random non-targets"
"ENSG00000136628",-0.131692233789739,0.979206049149338,11.364621580522,"Random non-targets"
"ENSG00000291814",-0.217979937434439,0.330812854442344,0.628064142144901,"Random non-targets"
"ENSG00000206457",0.0187210540356752,0.351606805293006,0.531219866308498,"Random non-targets"
"ENSG00000197114",0.0703121131145821,0.555765595463138,1.06396570185632,"Random non-targets"
"ENSG00000124217",-0.123838994797937,0.334593572778828,0.536181931522071,"Random non-targets"
"ENSG00000183011",-0.0137781855723728,1,22.8829229923997,"Random non-targets"
"ENSG00000164172",0.0833148110898601,0.827977315689981,2.72105874940144,"Random non-targets"
"ENSG00000197386",-0.0311168426367703,0.90359168241966,4.24466080051305,"Random non-targets"
"ENSG00000178971",0.0243793536358396,0.413988657844991,1.20486528091477,"Random non-targets"
"ENSG00000276262",-0.015485716315127,0.398865784499055,0.563385382645498,"Random non-targets"
"ENSG00000062725",0.315232433574097,0.775047258979206,2.30266071289896,"Random non-targets"
"ENSG00000196152",0.0312009871239,0.559546313799622,1.31383988838025,"Random non-targets"
"ENSG00000110031",0.000668247538945822,0.362948960302457,0.618578261272158,"Random non-targets"
"ENSG00000176476",-0.0188118139315823,0.584120982986768,1.25920331741236,"Random non-targets"
"ENSG00000118096",0.147383157365334,0.831758034026465,2.88149582963155,"Random non-targets"
"ENSG00000138071",0.159381915329195,0.99054820415879,11.8017121518225,"Random non-targets"
"ENSG00000134779",-0.133769841798799,0.956521739130435,9.22782084116209,"Random non-targets"
"ENSG00000130348",-0.113290324695941,0.801512287334594,2.42033027394849,"Random non-targets"
"ENSG00000116977",-0.0171152285039701,0.393194706994329,0.79636682750611,"Random non-targets"
"ENSG00000221983",0.0177220418868718,1,89.4532042377206,"Random non-targets"
"ENSG00000168159",-0.261508368165883,0.892249527410208,4.59979146027131,"Random non-targets"
"ENSG00000142207",-0.281122757447799,0.756143667296786,2.55055969530328,"Random non-targets"
"ENSG00000101181",-0.00248560539332926,0.761814744801512,2.43537268426057,"Random non-targets"
"ENSG00000116497",0.193571024760837,0.880907372400756,3.96348866548486,"Random non-targets"
"ENSG00000088367",0.0525085266076648,0.463137996219282,1.02770651058988,"Random non-targets"
"ENSG00000172339",0.161138208010057,0.879017013232514,3.25606766692013,"Random non-targets"
"ENSG00000105792",-0.0823488076735158,0.270321361058601,0.350483245155923,"Random non-targets"
"ENSG00000013561",0.0162312448017988,0.699432892249527,1.55244003267859,"Random non-targets"
"ENSG00000125743",-0.447313151878273,1,83.2745794027239,"Random non-targets"
"ENSG00000196787",-0.158902029796843,0.294896030245747,0.613960146335697,"Random non-targets"
"ENSG00000110583",-0.0247410209194991,0.76937618147448,2.32228539514528,"Random non-targets"
"ENSG00000143870",-0.352793574711623,0.984877126654064,17.6118195126017,"Random non-targets"
"ENSG00000136866",0.00574516071274637,0.298676748582231,0.409673914720282,"Random non-targets"
"ENSG00000278243",-0.150309725624354,0.587901701323251,1.35907419854964,"Random non-targets"
"ENSG00000135838",-0.110469788902869,0.34593572778828,0.594919499776704,"Random non-targets"
"ENSG00000102316",0.196791969555745,0.97164461247637,9.00067373697868,"Random non-targets"
"ENSG00000143258",-0.0185342121333174,0.391304347826087,0.565106878904302,"Random non-targets"
"ENSG00000153157",0.0470083429432245,0.429111531190926,0.793113563199207,"Random non-targets"
"ENSG00000182310",0.103070612579135,0.260869565217391,0.444718294271507,"Random non-targets"
"ENSG00000235106",0.0283293369650298,0.466918714555766,0.774189931223764,"Random non-targets"
"ENSG00000172086",0.175152458438309,0.431001890359168,0.681185020719546,"Random non-targets"
"ENSG00000137055",0.00749607486784391,0.820415879017013,2.75675733523151,"Random non-targets"
"ENSG00000292102",0.0092089504990151,0.776937618147448,2.14275865056736,"Random non-targets"
"ENSG00000121775",-0.0438039286032678,0.862003780718336,4.4839676983842,"Random non-targets"
"ENSG00000170264",0.0423218699715613,0.706994328922495,1.93741382154114,"Random non-targets"
"ENSG00000166478",-0.10539266532258,0.7882797731569,3.31311222478176,"Random non-targets"
"ENSG00000279247",-0.0427278119721546,0.776937618147448,2.22592604161222,"Random non-targets"
"ENSG00000186073",-0.0181295213306663,0.582230623818526,1.20622951691705,"Random non-targets"
"ENSG00000137764",0.103927110462229,0.7882797731569,2.39135131136311,"Random non-targets"
"ENSG00000079931",-0.0519275106028699,0.35538752362949,0.74781635814301,"Random non-targets"
"ENSG00000144118",0.253978193914238,0.638941398865784,1.32944100062731,"Random non-targets"
"ENSG00000262795",-0.0761986298552724,0.275992438563327,0.421449563923218,"Random non-targets"
"ENSG00000058063",-0.0161247007542368,0.43289224952741,0.673615927178367,"Random non-targets"
"ENSG00000285390",-0.1198801810206,1,57.248242675557,"Random non-targets"
"ENSG00000158882",-0.0807795437640361,0.391304347826087,0.60823401980805,"Random non-targets"
"ENSG00000120837",-0.130455271798383,0.627599243856333,1.53338685487475,"Random non-targets"
"ENSG00000099338",0.173198142198182,0.349716446124764,0.705407752836987,"Random non-targets"
"ENSG00000144815",0.0941560050309156,0.678638941398866,1.60541193056938,"Random non-targets"
"ENSG00000011009",0.0835548146561327,0.812854442344045,2.53351053252182,"Random non-targets"
"ENSG00000101974",-0.163137541703821,0.882797731568998,4.93426149996026,"Random non-targets"
"ENSG00000157350",0.128532515401798,0.87523629489603,4.68747892773477,"Random non-targets"
"ENSG00000145390",-0.0486107071804303,0.784499054820416,2.41278881837435,"Random non-targets"
"ENSG00000153310",-0.0268939197106341,0.886578449905482,4.0088525085948,"Random non-targets"
"ENSG00000130023",-0.0876775454331854,0.427221172022684,0.680481874681556,"Random non-targets"
"ENSG00000181610",-0.314707451559942,0.98109640831758,12.3343908592289,"Random non-targets"
"ENSG00000163481",0.0615055884806626,0.75992438563327,2.16588386494803,"Random non-targets"
"ENSG00000118579",-0.13367312713881,0.939508506616257,6.06690538687188,"Random non-targets"
"ENSG00000116106",-0.161643649489524,0.54820415879017,1.43512781843336,"Random non-targets"
"ENSG00000168487",0.0447939997304642,0.294896030245747,0.472331108175071,"Random non-targets"
"ENSG00000284770",-0.0372028889971774,0.323251417769376,0.422707270018861,"Random non-targets"
"ENSG00000020426",0.194514456691167,0.98109640831758,8.68044703385015,"Random non-targets"
"ENSG00000116288",-0.233661438832931,1,38.0538744396312,"Random non-targets"
"ENSG00000104524",-0.265947316787356,0.489603024574669,1.13450629137813,"Random non-targets"
"ENSG00000164885",-0.00914125530736466,0.901701323251418,5.42963296726451,"Random non-targets"
"ENSG00000167774",-0.0370341514013143,0.86578449905482,3.112482503832,"Random non-targets"
"ENSG00000144028",0.0850324155158838,0.967863894139887,8.08064815945828,"Random non-targets"
"ENSG00000169020",-0.294462283431417,0.998109640831758,31.9479287277546,"Random non-targets"
"ENSG00000090971",-0.0261984669914755,0.589792060491493,1.24298155060004,"Random non-targets"
"ENSG00000058668",0.139966876915966,0.601134215500945,1.46630706846233,"Random non-targets"
"ENSG00000133935",-0.0633282513788775,0.858223062381853,3.63532531818681,"Random non-targets"
"ENSG00000180998",0.140786680506132,0.550094517958412,1.26008469239862,"Random non-targets"
"ENSG00000159461",0.0155879521590274,0.782608695652174,3.08737807263777,"Random non-targets"
"ENSG00000275885",-0.187943575179843,0.862003780718336,3.78856908485755,"Random non-targets"
"ENSG00000114656",-0.000189727259541714,0.500945179584121,1.04123561053256,"Random non-targets"
"ENSG00000160145",0.161634828355074,0.404536862003781,1.7777425788106,"Random non-targets"
"ENSG00000105968",-0.0930961533745514,0.960302457466919,6.81886057198086,"Random non-targets"
"ENSG00000142798",0.0683102975247013,0.413988657844991,0.854992941070273,"Random non-targets"
"ENSG00000185896",-0.0641984708756648,0.744801512287335,2.11807103915762,"Random non-targets"
"ENSG00000083720",-0.0100802103069559,0.638941398865784,1.59364081798386,"Random non-targets"
"ENSG00000007923",-0.0758953114756199,0.888468809073724,3.99926432907388,"Random non-targets"
"ENSG00000225921",-0.38109416368871,0.928166351606805,7.12180612785156,"Random non-targets"
"ENSG00000158691",-0.0433038839634508,0.497164461247637,0.900335914054903,"Random non-targets"
"ENSG00000152380",0.106919929557661,0.482041587901701,0.894733215900084,"Random non-targets"
"ENSG00000127720",0.0352614914392736,0.54820415879017,1.06899488718724,"Random non-targets"
"ENSG00000108175",-0.0675326397533177,0.633270321361059,1.53754302656136,"Random non-targets"
"ENSG00000056277",-0.054474409929236,0.771266540642722,2.77414810959599,"Random non-targets"
"ENSG00000160124",-0.21234869961302,0.775047258979206,2.65746135400866,"Random non-targets"
"ENSG00000117122",0.0143547806151999,0.287334593572779,0.514981177234994,"Random non-targets"
"ENSG00000113273",-0.0794717324177256,0.434782608695652,0.799378935425847,"Random non-targets"
"ENSG00000166377",0.00019854537234518,0.665406427221172,1.86809777463783,"Random non-targets"
"ENSG00000214212",0.0766520864916151,0.262759924385633,0.485787249050918,"Random non-targets"
"ENSG00000157800",0.105972795816746,0.91304347826087,4.71359318537789,"Random non-targets"
"ENSG00000111653",0.121291884894633,0.776937618147448,2.21173855387753,"Random non-targets"
"ENSG00000099290",0.100692870111202,0.725897920604915,2.03440699930967,"Random non-targets"
"ENSG00000131023",0.126493302516647,0.844990548204159,3.78674799429584,"Random non-targets"
"ENSG00000138138",0.0831558492628443,0.827977315689981,3.06850768212666,"Random non-targets"
"ENSG00000135048",0.144148971873803,0.514177693761815,1.48862263797975,"Random non-targets"
"ENSG00000239388",0.106911931043869,0.300567107750473,0.465732101881594,"Random non-targets"
"ENSG00000075785",0.0793523928808129,0.996219281663516,17.4351536499933,"Random non-targets"
"ENSG00000134308",-0.209174163189462,0.994328922495274,13.1815539196214,"Random non-targets"
"ENSG00000143363",0.0933978008029705,0.684310018903592,1.72259985438908,"Random non-targets"
"ENSG00000205531",0.0609949474208331,0.958412098298677,5.81159323424377,"Random non-targets"
"ENSG00000095139",0.104582083939121,0.920604914933837,4.84528871648414,"Random non-targets"
"ENSG00000119723",0.0612244438862885,0.75047258979206,2.15843021045952,"Random non-targets"
"ENSG00000169684",-0.0861855397826809,0.599243856332703,2.340903218656,"Random non-targets"
"ENSG00000109670",0.284087412944737,0.829867674858223,3.45101639836191,"Random non-targets"
"ENSG00000106415",-0.100561838010702,0.652173913043478,1.76397670664885,"Random non-targets"
"ENSG00000169762",0.0695568375445619,0.262759924385633,0.361939518909661,"Random non-targets"
"ENSG00000120992",-0.298607792489942,0.909262759924386,4.80274124129267,"Random non-targets"
"ENSG00000293268",0.119773140461354,0.614366729678639,1.6429382000214,"Random non-targets"
"ENSG00000185608",-0.150186585560341,0.920604914933837,5.9448960102375,"Random non-targets"
"ENSG00000109099",-0.0776910176528604,0.31758034026465,0.597457562381414,"Random non-targets"
"ENSG00000139197",-0.108533444782781,0.410207939508507,0.748570189430561,"Random non-targets"
"ENSG00000155957",-0.0183738385834503,0.68241965973535,1.75278550940291,"Random non-targets"
"ENSG00000183155",0.056099372963483,0.756143667296786,2.19958332529678,"Random non-targets"
"ENSG00000144026",0.117346526233402,0.483931947069943,0.815612491958458,"Random non-targets"
"ENSG00000196511",-0.0652897623477135,0.310018903591682,0.50420791514279,"Random non-targets"
"ENSG00000155849",-0.0170606264711748,0.383742911153119,0.769046966735468,"Random non-targets"
"ENSG00000087111",-0.17317728496462,0.831758034026465,3.23520699461328,"Random non-targets"
"ENSG00000115365",-0.0480087746496909,0.5765595463138,1.12755422832072,"Random non-targets"
"ENSG00000137168",-0.244852320724292,0.922495274102079,5.89098426371187,"Random non-targets"
"ENSG00000104059",-0.0437875016469873,0.413988657844991,0.893456578604265,"Random non-targets"
"ENSG00000128311",-0.253524196918704,0.542533081285444,1.10588203085668,"Random non-targets"
"ENSG00000184076",-0.269824440521965,0.994328922495274,23.2144041784666,"Random non-targets"
"ENSG00000182093",-0.102493553567937,0.890359168241966,4.27194441304593,"Random non-targets"
"ENSG00000105520",0.127092436803727,0.482041587901701,0.855314955062135,"Random non-targets"
"ENSG00000143093",0.0709494558964072,0.703213610586011,1.64884981315432,"Random non-targets"
"ENSG00000130332",-0.507871481610719,0.992438563327032,25.0121669791496,"Random non-targets"
"ENSG00000165671",0.153148012669956,0.994328922495274,15.4654346356648,"Random non-targets"
"ENSG00000142507",-0.286296065870784,0.994328922495274,18.7147943773204,"Random non-targets"
"ENSG00000292253",0.0474948373740199,0.533081285444234,1.15621353541796,"Random non-targets"
"ENSG00000137038",-0.384252066447726,0.858223062381853,4.58426228530365,"Random non-targets"
"ENSG00000100483",-0.0475177378671357,0.495274102079395,0.942856422639621,"Random non-targets"
"ENSG00000122694",-0.0239712078017996,0.381852551984877,0.736242162455975,"Random non-targets"
"ENSG00000277773",-0.0865074944956693,0.888468809073724,4.19884627030355,"Random non-targets"
"ENSG00000130294",0.0435595590991538,0.640831758034026,1.95785291919473,"Random non-targets"
"ENSG00000100376",0.068758480880615,0.46124763705104,0.850325677111823,"Random non-targets"
"ENSG00000131788",0.0520500870076473,0.582230623818526,1.1876163481002,"Random non-targets"
"ENSG00000180881",0.157832081272979,0.368620037807183,0.607128383839778,"Random non-targets"
"ENSG00000166821",-0.0392625770187745,0.546313799621928,1.07994978115827,"Random non-targets"
"ENSG00000171262",-0.0346804819865454,0.544423440453686,1.07478137961371,"Random non-targets"
"ENSG00000183597",0.0459963343465449,0.680529300567108,1.81740822023317,"Random non-targets"
"ENSG00000150938",-0.0587465037827365,0.485822306238185,0.981248877743971,"Random non-targets"
"ENSG00000134333",-0.576632573018785,0.954631379962193,15.9801137437051,"Random non-targets"
"ENSG00000146574",-0.0359448861654374,0.640831758034026,1.33873544882687,"Random non-targets"
"ENSG00000100890",0.0354909057025385,0.325141776937618,0.442687377969495,"Random non-targets"
"ENSG00000159069",-0.0101580707487032,0.565217391304348,1.22082110062076,"Random non-targets"
"ENSG00000073578",-0.161357915475317,0.776937618147448,2.31050747115389,"Random non-targets"
"ENSG00000175854",-0.0112725496568806,0.829867674858223,3.38456969614207,"Random non-targets"
"ENSG00000281766",0.12403842535746,0.693761814744801,1.75960558109171,"Random non-targets"
"ENSG00000116754",0.0944188910818841,0.998109640831758,17.3548283048301,"Random non-targets"
"ENSG00000147687",-0.13570418454883,0.824196597353497,3.31377806601647,"Random non-targets"
"ENSG00000163541",-0.241830940956651,0.91304347826087,4.71636912017186,"Random non-targets"
"ENSG00000128609",-0.109890769078957,0.977315689981096,8.94376808418586,"Random non-targets"
"ENSG00000119820",0.322560374925493,0.933837429111531,6.01453591609234,"Random non-targets"
"ENSG00000044115",0.250657451616165,0.960302457466919,6.92186268360691,"Random non-targets"
"ENSG00000204227",0.0920853164374437,0.338374291115312,0.493073720487323,"Random non-targets"
"ENSG00000117450",-0.334522103753209,1,104.586674921754,"Random non-targets"
"ENSG00000149483",-0.235157145316685,0.744801512287335,2.34671259459304,"Random non-targets"
"ENSG00000009335",0.1505209513795,0.998109640831758,11.6471261520263,"Random non-targets"
"ENSG00000169155",-0.00633109103068807,0.688090737240076,1.87233515274235,"Random non-targets"
"ENSG00000173926",0.051808800547708,0.786389413988658,2.60653470771699,"Random non-targets"
"ENSG00000151729",-0.121500384962688,0.931947069943289,6.4149679984283,"Random non-targets"
"ENSG00000135749",0.353942148728696,0.897920604914934,7.26029368441698,"Random non-targets"
"ENSG00000183020",-0.00774781101666891,0.844990548204159,3.53939896131353,"Random non-targets"
"ENSG00000105677",-0.298646958431021,0.886578449905482,4.76560172990135,"Random non-targets"
"ENSG00000185787",-0.244277973352749,0.998109640831758,24.8593192676927,"Random non-targets"
"ENSG00000078699",0.242057638819662,0.911153119092628,5.19774919644608,"Random non-targets"
"ENSG00000153443",-0.161916028827351,0.330812854442344,0.573125504657168,"Random non-targets"
"ENSG00000132305",0.0314736332082621,0.956521739130435,6.81523569249429,"Random non-targets"
"ENSG00000213923",0.0498195568547896,0.948960302457467,5.35604754778926,"Random non-targets"
"ENSG00000101350",0.165179494095284,0.848771266540643,3.40520311211773,"Random non-targets"
"ENSG00000065518",-0.209387869754786,0.996219281663516,13.6358255062424,"Random non-targets"
"ENSG00000077157",0.191582063821656,0.86578449905482,4.17364761192703,"Random non-targets"
"ENSG00000100994",-0.116161516769408,0.586011342155009,1.29440103371655,"Random non-targets"
"ENSG00000157538",0.0592345700276777,0.669187145557656,1.36670784515585,"Random non-targets"
"ENSG00000165629",-0.277713109647388,0.996219281663516,22.2220785704297,"Random non-targets"
"ENSG00000167257",0.077804940597619,0.676748582230624,1.4891474583962,"Random non-targets"
"ENSG00000277104",0.097694115066972,0.572778827977316,1.02656964376946,"Random non-targets"
"ENSG00000148290",-0.0432471595307883,0.302457466918715,0.418548420482284,"Random non-targets"
"ENSG00000179304",-0.000316887529489528,0.629489603024575,1.41953289691584,"Random non-targets"
"ENSG00000169714",-0.355780869364485,1,31.2936976039188,"Random non-targets"
"ENSG00000076554",-0.110599622525121,0.841209829867675,3.50071273830585,"Random non-targets"
"ENSG00000099617",0.234244451823683,0.332703213610586,0.581211357601491,"Random non-targets"
"ENSG00000125868",-0.144884449461295,0.967863894139887,7.63062212174274,"Random non-targets"
"ENSG00000094841",-0.0679228036105365,0.618147448015123,1.30577960801056,"Random non-targets"
"ENSG00000120075",0.0858958654170521,0.35538752362949,0.548346620638029,"Random non-targets"
"ENSG00000103363",-0.0155277816417215,0.998109640831758,34.7514154969413,"Random non-targets"
"ENSG00000196455",-0.0171257983801393,0.665406427221172,1.43411973813965,"Random non-targets"
"ENSG00000115317",0.0576028743870438,0.570888468809074,1.1654290413886,"Random non-targets"
"ENSG00000101216",-0.0149375286543866,0.563327032136106,1.5796545841518,"Random non-targets"
"ENSG00000111669",-0.40934358958897,1,100.151893602078,"Random non-targets"
"ENSG00000168243",-0.289082885597479,0.463137996219282,1.61546116940151,"Random non-targets"
"ENSG00000107105",-0.0920313444351818,0.45179584120983,0.836721365834418,"Random non-targets"
"ENSG00000068383",0.0665040528789644,0.591682419659735,1.31544355256518,"Random non-targets"
"ENSG00000197885",0.183469111127592,0.754253308128544,2.06988959908865,"Random non-targets"
"ENSG00000168883",-0.14988517087783,0.918714555765595,4.60373592301794,"Random non-targets"
"ENSG00000198919",0.238086580479698,0.818525519848771,2.58014446197079,"Random non-targets"
"ENSG00000135299",0.0530922402396554,0.531190926275992,1.20739758991012,"Random non-targets"
"ENSG00000101901",-0.101920040517116,0.952741020793951,6.03894384545625,"Random non-targets"
"ENSG00000127837",-0.291820105171432,0.969754253308129,10.9187377781627,"Random non-targets"
"ENSG00000008869",0.00781147733324867,0.741020793950851,2.19212349106061,"Random non-targets"
"ENSG00000286219",-0.0175193049528944,0.332703213610586,0.456274328217264,"Random non-targets"
"ENSG00000177548",0.121952048489521,0.536862003780718,1.15569731104972,"Random non-targets"
"ENSG00000157570",-0.0094813814686352,0.344045368620038,0.513708753923366,"Random non-targets"
"ENSG00000274523",-0.128421672840318,0.7882797731569,2.60506991696076,"Random non-targets"
"ENSG00000088986",-0.326399642939255,0.996219281663516,31.3942997986812,"Random non-targets"
"ENSG00000099364",0.156123569273543,0.79773156899811,2.88784775377584,"Random non-targets"
"ENSG00000111554",-0.0185870937476097,0.502835538752363,0.907736023979514,"Random non-targets"
"ENSG00000035403",-0.0491907164568144,0.886578449905482,4.29329168252525,"Random non-targets"
"ENSG00000196199",-0.00314743422423237,0.824196597353497,2.88305191694606,"Random non-targets"
"ENSG00000165591",0.0720015989945361,0.253308128544423,0.44629439043566,"Random non-targets"
"ENSG00000197020",-0.0331334915890641,0.514177693761815,1.05853184652169,"Random non-targets"
"ENSG00000138698",-0.10514877750311,0.818525519848771,2.96116455258396,"Random non-targets"
"ENSG00000103145",-0.0316481134627793,0.304347826086957,0.488663062739229,"Random non-targets"
"ENSG00000123200",0.0654567193028505,0.964083175803403,7.6119383791056,"Random non-targets"
"ENSG00000180370",-0.0559909911673695,0.727788279773157,2.05277173911768,"Random non-targets"
"ENSG00000281385",-0.00496050081393072,0.47069943289225,0.862892334309705,"Random non-targets"
"ENSG00000118197",-0.0252372942979516,0.637051039697543,1.54952337197345,"Random non-targets"
"ENSG00000241399",-0.0669139713567894,0.296786389413989,0.399989232873371,"Random non-targets"
"ENSG00000204160",-0.00922553257461869,0.637051039697543,1.5916959094553,"Random non-targets"
"ENSG00000075826",0.145922674437618,0.444234404536862,0.859132664442321,"Random non-targets"
"ENSG00000169609",-0.0791819290076179,0.899810964083176,4.86817633324222,"Random non-targets"
"ENSG00000008382",-0.00162150877922792,0.45179584120983,0.947439763433225,"Random non-targets"
"ENSG00000087088",0.250368097749468,0.873345935727788,3.38572555697826,"Random non-targets"
"ENSG00000112144",-0.0692168801338226,0.334593572778828,0.466652780738509,"Random non-targets"
"ENSG00000171793",-0.3073098391294,0.969754253308129,8.65989519153729,"Random non-targets"
"ENSG00000182934",-0.0440602290938958,0.610586011342155,1.42858930020827,"Random non-targets"
"ENSG00000120925",0.0715204906488145,0.667296786389414,1.54798944744151,"Random non-targets"
"ENSG00000143061",-0.0677155133982616,0.453686200378072,0.72252048046748,"Random non-targets"
"ENSG00000104221",-0.0449761182912178,0.389413988657845,0.608966800189695,"Random non-targets"
"ENSG00000168152",-0.0122318800622677,0.344045368620038,0.557516734818317,"Random non-targets"
"ENSG00000128298",0.0486335271149076,0.260869565217391,0.382270725136454,"Random non-targets"
"ENSG00000138430",-0.151202167919014,0.984877126654064,11.6966078995606,"Random non-targets"
"ENSG00000099284",-0.0562918506198277,0.735349716446125,2.20852716364976,"Random non-targets"
"ENSG00000165475",-0.0770495924226718,0.389413988657845,0.91224950444512,"Random non-targets"
"ENSG00000064726",-0.0858734008387958,0.485822306238185,0.889329008514686,"Random non-targets"
"ENSG00000196470",0.162963431309491,0.744801512287335,2.3467395556744,"Random non-targets"
"ENSG00000160131",0.0197312338511431,0.897920604914934,4.09997593058072,"Random non-targets"
"ENSG00000108312",-0.166174040798209,0.648393194706994,1.6055187687081,"Random non-targets"
"ENSG00000163170",-0.265065330716434,0.907372400756144,5.48523891641754,"Random non-targets"
"ENSG00000047230",-0.0657189038374564,0.725897920604915,2.1546329070181,"Random non-targets"
"ENSG00000197757",0.103774007564384,0.281663516068053,0.428932584436505,"Random non-targets"
"ENSG00000285182",-0.0214677850912925,0.725897920604915,2.08170288620409,"Random non-targets"
"ENSG00000047579",0.054780601891844,0.767485822306238,2.34646028678304,"Random non-targets"
"ENSG00000054965",0.229665168410106,0.930056710775047,5.54181191688878,"Random non-targets"
"ENSG00000113328",0.220810889417926,0.935727788279773,6.88648839635498,"Random non-targets"
"ENSG00000228405",0.0565167355792197,0.676748582230624,1.37042415322611,"Random non-targets"
"ENSG00000156973",0.0341782969338951,0.848771266540643,3.3088866887783,"Random non-targets"
"ENSG00000108239",0.0224270863742527,0.741020793950851,2.38504337080636,"Random non-targets"
"ENSG00000172006",-0.0930343752014431,0.429111531190926,0.901470811045245,"Random non-targets"
"ENSG00000162337",-0.133284487409751,0.742911153119093,2.56917554286109,"Random non-targets"
"ENSG00000106367",0.21406658345027,0.941398865784499,5.60577993347015,"Random non-targets"
"ENSG00000153395",-0.252454835693099,0.463137996219282,0.937161576742899,"Random non-targets"
"ENSG00000115756",-0.0274512907091947,0.362948960302457,0.605355519225264,"Random non-targets"
"ENSG00000204991",-0.0328972553721153,0.767485822306238,3.0709772859243,"Random non-targets"
"ENSG00000122085",0.0690385402462375,0.86578449905482,3.35732050487792,"Random non-targets"
"ENSG00000288368",-0.044694922025248,0.705103969754253,1.75877296232919,"Random non-targets"
"ENSG00000084072",-0.0376178171543754,0.943289224952741,5.63131047374332,"Random non-targets"
"ENSG00000285049",0.0452597851270111,0.646502835538752,1.45380269126381,"Random non-targets"
"ENSG00000109689",0.168054748280282,0.678638941398866,1.88521059577958,"Random non-targets"
"ENSG00000140386",0.268573874618255,0.926275992438563,5.41323343201567,"Random non-targets"
"ENSG00000112851",0.130728993298927,0.879017013232514,3.74033942096,"Random non-targets"
"ENSG00000157500",-0.0468680986544959,0.827977315689981,2.87176218307084,"Random non-targets"
"ENSG00000106346",-0.0194276095490075,0.710775047258979,2.02833114441377,"Random non-targets"
"ENSG00000172273",0.0599177236859855,0.699432892249527,1.87857671649242,"Random non-targets"
"ENSG00000088854",0.167721754466076,0.674858223062382,1.79190123834128,"Random non-targets"
"ENSG00000084463",0.115589994598477,0.827977315689981,3.15005289899455,"Random non-targets"
"ENSG00000160767",-0.155984207111152,0.697542533081285,1.77090211387559,"Random non-targets"
"ENSG00000143748",-0.0772224190941285,0.956521739130435,8.16625006588581,"Random non-targets"
"ENSG00000291596",0.0669946236195239,0.992438563327032,17.061386871208,"Random non-targets"
"ENSG00000172292",0.10062607920092,0.805293005671078,2.99695613114143,"Random non-targets"
"ENSG00000176407",0.133505093213003,0.916824196597353,4.76392078294857,"Random non-targets"
"ENSG00000198589",0.0824472256775631,0.984877126654064,11.8373031687824,"Random non-targets"
"ENSG00000184162",-0.199429589542765,0.701323251417769,2.25304090688737,"Random non-targets"
"ENSG00000163634",-0.215767522355603,0.97164461247637,8.78523357309278,"Random non-targets"
"ENSG00000146223",-0.243644932384245,0.988657844990548,14.2847745301367,"Random non-targets"
"ENSG00000105323",-0.0885971476278127,0.941398865784499,6.0576770004498,"Random non-targets"
"ENSG00000141570",0.0662839737442254,0.421550094517958,0.727878713988925,"Random non-targets"
"ENSG00000103642",-0.0634607263336461,0.421550094517958,0.704875965529,"Random non-targets"
"ENSG00000117528",0.164172945727863,0.930056710775047,5.01896625538947,"Random non-targets"
"ENSG00000148824",-0.065419803540483,0.856332703213611,3.5024699931997,"Random non-targets"
"ENSG00000101577",-0.0122209297698424,0.527410207939509,1.0756476424055,"Random non-targets"
"ENSG00000131944",-0.0681216639473771,0.413988657844991,0.822486696304121,"Random non-targets"
"ENSG00000143106",-0.220447812217567,0.996219281663516,17.5683983574039,"Random non-targets"
"ENSG00000133612",-0.0504814839426378,0.888468809073724,4.22628690960486,"Random non-targets"
"ENSG00000136522",-0.221130882095925,0.88468809073724,4.37879650213728,"Random non-targets"
"ENSG00000164011",0.0233079246090776,0.540642722117202,1.04328205687981,"Random non-targets"
"ENSG00000124374",0.165792701475393,0.818525519848771,2.95309764496731,"Random non-targets"
"ENSG00000081026",0.103948853511689,0.930056710775047,5.51354931255819,"Random non-targets"
"ENSG00000129562",-0.266927839487393,1,19.0230693759463,"Random non-targets"
"ENSG00000284218",-0.102871082530306,0.941398865784499,7.78091165234556,"Random non-targets"
"ENSG00000214435",0.0436122972615575,0.393194706994329,0.741049780868962,"Random non-targets"
"ENSG00000163635",0.00139464573222585,0.803402646502836,2.36248329855509,"Random non-targets"
"ENSG00000197818",-0.0240154437163212,0.603024574669187,1.25156913304337,"Random non-targets"
"ENSG00000163923",0.086102231676399,0.814744801512287,2.63091026916718,"Random non-targets"
"ENSG00000116688",0.0495693653869193,0.916824196597353,4.09868512732576,"Random non-targets"
"ENSG00000169925",-0.00197883239443487,0.659735349716446,1.53239789515416,"Random non-targets"
"ENSG00000214029",-0.0417155856713372,0.419659735349716,0.775148888624953,"Random non-targets"
"ENSG00000164093",-0.042025831268627,0.472589792060492,0.740565381860639,"Random non-targets"
"ENSG00000112110",-0.241062071006044,0.994328922495274,15.4918382145674,"Random non-targets"
"ENSG00000150477",-0.0255712172064945,0.697542533081285,2.24240153258266,"Random non-targets"
"ENSG00000179163",-0.0355982795762413,0.5765595463138,1.13230451260084,"Random non-targets"
"ENSG00000142252",-0.116513623888236,0.810964083175803,2.81740334745347,"Random non-targets"
"ENSG00000150967",-0.0407806968914923,0.440453686200378,0.766111781074292,"Random non-targets"
"ENSG00000171435",-0.0100030847990521,0.587901701323251,1.58321753807404,"Random non-targets"
"ENSG00000185008",0.0371443297384769,0.357277882797732,0.648870852528279,"Random non-targets"
"ENSG00000284491",-0.026784173832208,0.568998109640832,1.16328889195762,"Random non-targets"
"ENSG00000146233",0.0145786812620868,0.35538752362949,0.565170793536775,"Random non-targets"
"ENSG00000155545",0.0175637404258369,0.361058601134216,0.509499158715306,"Random non-targets"
"ENSG00000151093",-0.0243919151224041,0.587901701323251,1.20540982137002,"Random non-targets"
"ENSG00000113643",-0.08920048959863,0.965973534971645,7.33321642624046,"Random non-targets"
"ENSG00000160055",0.210549718459752,0.748582230623819,2.15995046931417,"Random non-targets"
"ENSG00000100216",-0.277762745311434,0.986767485822306,13.9314925686481,"Random non-targets"
"ENSG00000292357",-0.00151833374440178,0.283553875236295,0.519367631064651,"Random non-targets"
"ENSG00000087076",0.233316534799423,0.463137996219282,1.04409802124299,"Random non-targets"
"ENSG00000081721",0.0391564887497813,0.550094517958412,1.05076716503818,"Random non-targets"
"ENSG00000124444",-0.0513835557522954,0.56710775047259,1.18617736518354,"Random non-targets"
"ENSG00000154229",0.0423432472024004,0.916824196597353,6.13968050034234,"Random non-targets"
"ENSG00000005810",0.17533624157546,0.967863894139887,8.87121071273359,"Random non-targets"
"ENSG00000166348",0.205784602914125,0.973534971644612,12.4579637052442,"Random non-targets"
"ENSG00000198929",0.0798829852493109,0.589792060491493,1.43080793533149,"Random non-targets"
"ENSG00000291508",-0.230678634936853,0.77882797731569,2.99209023705928,"Random non-targets"
"ENSG00000159921",-0.031264263263943,0.408317580340265,0.635200666982462,"Random non-targets"
"ENSG00000073910",0.00327862245296862,0.527410207939509,1.10343500623315,"Random non-targets"
"ENSG00000178718",-0.220781427311311,0.311909262759924,0.563798415520565,"Random non-targets"
"ENSG00000274619",-0.136915954484907,0.395085066162571,0.685803560140431,"Random non-targets"
"ENSG00000004660",-0.156515135383351,0.446124763705104,1.03080629713632,"Random non-targets"
"ENSG00000188976",-0.260420924697731,0.947069943289225,7.29839565757458,"Random non-targets"
"ENSG00000118816",-0.00704894993964948,0.901701323251418,4.20005683987537,"Random non-targets"
"ENSG00000221886",0.120149070271332,0.287334593572779,0.362422632144975,"Random non-targets"
"ENSG00000178075",0.0629549939886665,0.381852551984877,0.72315394685909,"Random non-targets"
"ENSG00000170631",0.033739352694395,0.338374291115312,0.576850897908741,"Random non-targets"
"ENSG00000163393",-0.0951631449101655,0.260869565217391,0.50591490805062,"Random non-targets"
"ENSG00000235439",0.0312932199737526,0.850661625708885,3.33220620001359,"Random non-targets"
"ENSG00000117308",-0.00999564874715869,0.737240075614367,1.89204586570779,"Random non-targets"
"ENSG00000182518",-0.0653487353500938,0.729678638941399,1.9920070517659,"Random non-targets"
"ENSG00000138190",0.20402896083389,0.888468809073724,4.47137328177059,"Random non-targets"
"ENSG00000137275",-0.160162129356934,0.578449905482042,1.21500144884795,"Random non-targets"
"ENSG00000169045",-0.453175412522002,0.988657844990548,19.4230773452704,"Random non-targets"
"ENSG00000147124",0.0038733113082719,0.584120982986768,1.343710017123,"Random non-targets"
"ENSG00000284260",0.0190261948251464,0.735349716446125,2.11004422480095,"Random non-targets"
"ENSG00000135164",0.107929472994569,0.827977315689981,2.85988805568476,"Random non-targets"
"ENSG00000242498",-0.0334552708232324,0.531190926275992,0.998075625483582,"Random non-targets"
"ENSG00000116151",-0.0577394780357552,0.64461247637051,1.7134644509269,"Random non-targets"
"ENSG00000163686",-0.00442981846852502,0.53875236294896,1.1245573670125,"Random non-targets"
"ENSG00000171103",-0.0747095642580171,0.860113421550095,3.78798565911234,"Random non-targets"
"ENSG00000286112",-0.114592895324604,0.340264650283554,0.587963758057184,"Random non-targets"
"ENSG00000171109",0.0091303168821327,0.697542533081285,1.64338918237239,"Random non-targets"
"ENSG00000239927",-0.174624801323712,0.841209829867675,3.16030007020418,"Random non-targets"
"ENSG00000162139",0.106405942596741,0.563327032136106,1.13028533047014,"Random non-targets"
"ENSG00000106692",-0.0115744329711675,0.637051039697543,1.47221400054837,"Random non-targets"
"ENSG00000100226",-0.0992196739698149,0.782608695652174,2.72996921041809,"Random non-targets"
"ENSG00000082146",-0.0929409175428671,0.431001890359168,0.740095865971048,"Random non-targets"
"ENSG00000204256",-0.118817577646437,0.790170132325142,2.98839858752443,"Random non-targets"
"ENSG00000119326",-0.0356907283359745,0.795841209829868,2.90241429037037,"Random non-targets"
"ENSG00000162729",-0.164532050186167,0.245746691871456,0.321554035483976,"Random non-targets"
"ENSG00000132429",-0.143633998133342,0.334593572778828,0.506208477034741,"Random non-targets"
"ENSG00000167733",0.0715723760527729,0.313799621928166,0.497762795526559,"Random non-targets"
"ENSG00000186409",0.0279592436404276,0.272211720226843,0.425287375539977,"Random non-targets"
"ENSG00000258890",-0.0259606846221222,0.888468809073724,4.34274704253381,"Random non-targets"
"ENSG00000109323",-0.0223923499017026,0.75992438563327,2.52994386722101,"Random non-targets"
"ENSG00000172889",0.142776804875648,0.551984877126654,1.10960938310653,"Random non-targets"
"ENSG00000217555",-0.0803769285057377,0.771266540642722,2.62965184133064,"Random non-targets"
"ENSG00000104763",-0.0125783682568546,0.858223062381853,2.91499681387208,"Random non-targets"
"ENSG00000070495",0.123417968062965,0.858223062381853,3.44098800416124,"Random non-targets"
"ENSG00000280682",-0.209966545392663,0.391304347826087,0.809484811457408,"Random non-targets"
"ENSG00000089327",-0.05200423422297,0.729678638941399,2.20243746189499,"Random non-targets"
"ENSG00000171135",-0.129409523567308,0.965973534971645,9.754195833703,"Random non-targets"
"ENSG00000129810",-0.0468074550417511,0.758034026465028,2.43187256247151,"Random non-targets"
"ENSG00000278129",-0.0205129277219051,0.465028355387524,0.888844365676283,"Random non-targets"
"ENSG00000153982",0.0276784553294142,0.55765595463138,1.08809069425173,"Random non-targets"
"ENSG00000143545",0.163634179204245,0.928166351606805,6.27602321345644,"Random non-targets"
"ENSG00000131966",0.0600709078579366,0.89413988657845,3.60555939140699,"Random non-targets"
"ENSG00000177963",-0.0830586877059519,0.699432892249527,1.70599142644895,"Random non-targets"
"ENSG00000179335",0.0270899767567975,0.775047258979206,2.43990856069852,"Random non-targets"
"ENSG00000165516",-0.0801869940670746,0.597353497164461,1.21612514238747,"Random non-targets"
"ENSG00000091536",0.107379794691512,0.289224952741021,0.509145643356213,"Random non-targets"
"ENSG00000234444",0.00926839277646492,0.463137996219282,0.779788458480444,"Random non-targets"
"ENSG00000147123",0.0375378832063597,0.99054820415879,13.7991102043134,"Random non-targets"
"ENSG00000197183",0.33112431332,0.519848771266541,1.17595911113349,"Random non-targets"
"ENSG00000079819",-0.0958703072763653,0.920604914933837,5.66391175462548,"Random non-targets"
"ENSG00000149262",0.0494194772647093,0.761814744801512,1.94443571164171,"Random non-targets"
"ENSG00000148331",-0.132148847936614,0.688090737240076,1.78986806198979,"Random non-targets"
"ENSG00000198793",0.119420256326887,0.931947069943289,5.02914122526585,"Random non-targets"
"ENSG00000140598",0.0525143806000286,0.816635160680529,2.76415704664506,"Random non-targets"
"ENSG00000284194",-0.267961859441177,0.835538752362949,3.79893118451063,"Random non-targets"
"ENSG00000138653",-0.0369570544158044,0.589792060491493,1.61957101857848,"Random non-targets"
"ENSG00000101158",-0.15286813243224,0.77882797731569,2.25772039936252,"Random non-targets"
"ENSG00000104228",-0.112135239610107,0.285444234404537,0.424969724434588,"Random non-targets"
"ENSG00000170260",0.119843156963014,0.758034026465028,2.2148052065617,"Random non-targets"
"ENSG00000182168",-0.0594162723347894,0.285444234404537,0.488576470430993,"Random non-targets"
